Unity Editor version:    2022.3.46f1 (8e9b8558c41a)
Branch:                  2022.3/staging
Build type:              Release
Batch mode:              YES
macOS version:           Version 15.7.3 (Build 24G419)
Darwin version:          24.6.0
Architecture:            arm64
Running under Rosetta:   NO
Available memory:        16384 MB
Using pre-set license
Pro License: YES

COMMAND LINE ARGUMENTS:
/Applications/Unity/Hub/Editor/2022.3.46f1/Unity.app/Contents/MacOS/Unity
-adb2
-batchMode
-noUpm
-name
AssetImportWorker3
-projectPath
/Users/nahidabdulazimov/final-project-team-17
-logFile
Logs/AssetImportWorker3.log
-srvPort
60603
Successfully changed project path to: /Users/nahidabdulazimov/final-project-team-17
/Users/nahidabdulazimov/final-project-team-17
[UnityMemory] Configuration Parameters - Can be set up in boot.config
    "memorysetup-bucket-allocator-granularity=16"
    "memorysetup-bucket-allocator-bucket-count=8"
    "memorysetup-bucket-allocator-block-size=33554432"
    "memorysetup-bucket-allocator-block-count=8"
    "memorysetup-main-allocator-block-size=16777216"
    "memorysetup-thread-allocator-block-size=16777216"
    "memorysetup-gfx-main-allocator-block-size=16777216"
    "memorysetup-gfx-thread-allocator-block-size=16777216"
    "memorysetup-cache-allocator-block-size=4194304"
    "memorysetup-typetree-allocator-block-size=2097152"
    "memorysetup-profiler-bucket-allocator-granularity=16"
    "memorysetup-profiler-bucket-allocator-bucket-count=8"
    "memorysetup-profiler-bucket-allocator-block-size=33554432"
    "memorysetup-profiler-bucket-allocator-block-count=8"
    "memorysetup-profiler-allocator-block-size=16777216"
    "memorysetup-profiler-editor-allocator-block-size=1048576"
    "memorysetup-temp-allocator-size-main=16777216"
    "memorysetup-job-temp-allocator-block-size=2097152"
    "memorysetup-job-temp-allocator-block-size-background=1048576"
    "memorysetup-job-temp-allocator-reduction-small-platforms=262144"
    "memorysetup-allocator-temp-initial-block-size-main=262144"
    "memorysetup-allocator-temp-initial-block-size-worker=262144"
    "memorysetup-temp-allocator-size-background-worker=32768"
    "memorysetup-temp-allocator-size-job-worker=262144"
    "memorysetup-temp-allocator-size-preload-manager=33554432"
    "memorysetup-temp-allocator-size-nav-mesh-worker=65536"
    "memorysetup-temp-allocator-size-audio-worker=65536"
    "memorysetup-temp-allocator-size-cloud-worker=32768"
    "memorysetup-temp-allocator-size-gi-baking-worker=262144"
    "memorysetup-temp-allocator-size-gfx=262144"
Player connection [8579523136]  Target information:

Player connection [8579523136]  * "[IP] 10.36.0.22 [Port] 0 [Flags] 2 [Guid] 3035271918 [EditorId] 3035271918 [Version] 1048832 [Id] OSXEditor(0,Nahids-MacBook-Air.local) [Debug] 1 [PackageName] OSXEditor [ProjectName] Editor" 

Player connection [8579523136] Host joined multi-casting on [225.0.0.222:54997]...
Player connection [8579523136] Host joined alternative multi-casting on [225.0.0.222:34997]...
[PhysX] Initialized MultithreadedTaskDispatcher with 10 workers.
Refreshing native plugins compatible for Editor in 0.00 ms, found 0 plugins.
Preloading 0 native plugins for Editor in 0.00 ms.
Initialize engine version: 2022.3.46f1 (8e9b8558c41a)
[Subsystems] Discovering subsystems at path /Applications/Unity/Hub/Editor/2022.3.46f1/Unity.app/Contents/Resources/UnitySubsystems
[Subsystems] Discovering subsystems at path /Users/nahidabdulazimov/final-project-team-17/Assets
GfxDevice: creating device client; threaded=0; jobified=0
 preferred device: Apple M4 (high power)
Metal devices available: 1
0: Apple M4 (high power)
Using device Apple M4 (high power)
Initializing Metal device caps: Apple M4
Initialize mono
Mono path[0] = '/Applications/Unity/Hub/Editor/2022.3.46f1/Unity.app/Contents/Managed'
Mono path[1] = '/Applications/Unity/Hub/Editor/2022.3.46f1/Unity.app/Contents/MonoBleedingEdge/lib/mono/unityjit-macos'
Mono config path = '/Applications/Unity/Hub/Editor/2022.3.46f1/Unity.app/Contents/MonoBleedingEdge/etc'
Using monoOptions --debugger-agent=transport=dt_socket,embedding=1,server=y,suspend=n,address=127.0.0.1:56392
Begin MonoManager ReloadAssembly
Registering precompiled unity dll's ...
Register platform support module: /Applications/Unity/Hub/Editor/2022.3.46f1/PlaybackEngines/WebGLSupport/UnityEditor.WebGL.Extensions.dll
Register platform support module: /Applications/Unity/Hub/Editor/2022.3.46f1/Unity.app/Contents/PlaybackEngines/MacStandaloneSupport/UnityEditor.OSXStandalone.Extensions.dll
Registered in 0.000709 seconds.
- Loaded All Assemblies, in  0.154 seconds
Native extension for OSXStandalone target not found
Native extension for WebGL target not found
Mono: successfully reloaded assembly
- Finished resetting the current domain, in  0.113 seconds
Domain Reload Profiling: 267ms
	BeginReloadAssembly (34ms)
		ExecutionOrderSort (0ms)
		DisableScriptedObjects (0ms)
		BackupInstance (0ms)
		ReleaseScriptingObjects (0ms)
		CreateAndSetChildDomain (0ms)
	RebuildCommonClasses (17ms)
	RebuildNativeTypeToScriptingClass (5ms)
	initialDomainReloadingComplete (22ms)
	LoadAllAssembliesAndSetupDomain (75ms)
		LoadAssemblies (34ms)
		RebuildTransferFunctionScriptingTraits (0ms)
		AnalyzeDomain (74ms)
			TypeCache.Refresh (73ms)
				TypeCache.ScanAssembly (66ms)
			ScanForSourceGeneratedMonoScriptInfo (0ms)
			ResolveRequiredComponents (0ms)
	FinalizeReload (113ms)
		ReleaseScriptCaches (0ms)
		RebuildScriptCaches (0ms)
		SetupLoadedEditorAssemblies (91ms)
			LogAssemblyErrors (0ms)
			InitializePlatformSupportModulesInManaged (4ms)
			SetLoadedEditorAssemblies (2ms)
			RefreshPlugins (0ms)
			BeforeProcessingInitializeOnLoad (1ms)
			ProcessInitializeOnLoadAttributes (64ms)
			ProcessInitializeOnLoadMethodAttributes (20ms)
			AfterProcessingInitializeOnLoad (0ms)
			EditorAssembliesLoaded (0ms)
		ExecutionOrderSort2 (0ms)
		AwakeInstancesAfterBackupRestoration (0ms)
========================================================================
Worker process is ready to serve import requests
Caller must complete domain reload
Begin MonoManager ReloadAssembly
- Loaded All Assemblies, in  0.105 seconds
Native extension for OSXStandalone target not found
Native extension for WebGL target not found
Mono: successfully reloaded assembly
- Finished resetting the current domain, in  0.189 seconds
Domain Reload Profiling: 295ms
	BeginReloadAssembly (61ms)
		ExecutionOrderSort (0ms)
		DisableScriptedObjects (2ms)
		BackupInstance (0ms)
		ReleaseScriptingObjects (0ms)
		CreateAndSetChildDomain (17ms)
	RebuildCommonClasses (18ms)
	RebuildNativeTypeToScriptingClass (6ms)
	initialDomainReloadingComplete (9ms)
	LoadAllAssembliesAndSetupDomain (10ms)
		LoadAssemblies (28ms)
		RebuildTransferFunctionScriptingTraits (0ms)
		AnalyzeDomain (9ms)
			TypeCache.Refresh (6ms)
				TypeCache.ScanAssembly (3ms)
			ScanForSourceGeneratedMonoScriptInfo (1ms)
			ResolveRequiredComponents (1ms)
	FinalizeReload (189ms)
		ReleaseScriptCaches (0ms)
		RebuildScriptCaches (0ms)
		SetupLoadedEditorAssemblies (96ms)
			LogAssemblyErrors (0ms)
			InitializePlatformSupportModulesInManaged (5ms)
			SetLoadedEditorAssemblies (4ms)
			RefreshPlugins (0ms)
			BeforeProcessingInitializeOnLoad (14ms)
			ProcessInitializeOnLoadAttributes (64ms)
			ProcessInitializeOnLoadMethodAttributes (8ms)
			AfterProcessingInitializeOnLoad (0ms)
			EditorAssembliesLoaded (0ms)
		ExecutionOrderSort2 (0ms)
		AwakeInstancesAfterBackupRestoration (2ms)
Launching external process: /Applications/Unity/Hub/Editor/2022.3.46f1/Unity.app/Contents/Tools/UnityShaderCompiler
Launched and connected shader compiler UnityShaderCompiler after 0.02 seconds
Refreshing native plugins compatible for Editor in 0.00 ms, found 0 plugins.
Preloading 0 native plugins for Editor in 0.00 ms.
Unloading 228 Unused Serialized files (Serialized files now loaded: 0)
Unloading 3 unused Assets / (43.2 KB). Loaded Objects now: 700.
Memory consumption went from 56.9 MB to 56.8 MB.
Total: 1.208000 ms (FindLiveObjects: 0.020209 ms CreateObjectMapping: 0.004791 ms MarkObjects: 1.142083 ms  DeleteObjects: 0.040500 ms)

AssetImportParameters requested are different than current active one (requested -> active):
  custom:video-encoder-webm-vp8: eb34c28f22e8b96e1ab97ce403110664 -> 
  custom:audio-encoder-webm-vorbis: bf7c407c2cedff20999df2af8eb42d56 -> 
  custom:video-decoder-webm-vp8: 9c59270c3fd7afecdb556c50c9e8de78 -> 
  custom:container-demuxer-webm: 4f35f7cbe854078d1ac9338744f61a02 -> 
  custom:SearchIndexIgnoredProperties: e643bd26f0fe6173181afceb89e7c659 -> 
  custom:container-muxer-webm: aa71ff27fc2769a1b78a27578f13a17b -> 
  custom:framework-osx-AVFoundation: e770b220cccbd017edd2c1fefb359320 -> 
  custom:container-demuxer-ogg: 62fdf1f143b41e24485cea50d1cbac27 -> 
  custom:audio-decoder-ogg-vorbis: bf7c407c2cedff20999df2af8eb42d56 -> 
  custom:AudioImporter_EditorPlatform: 3918e3fc78b5a79bad01e8451be0beb8 -> 
  custom:video-decoder-ogg-theora: a1e56fd34408186e4bbccfd4996cb3dc -> 
  custom:CustomObjectIndexerAttribute: 9a22284fe3817be447336de3de66b15e -> 
========================================================================
Received Prepare
Caller must complete domain reload
Begin MonoManager ReloadAssembly
Thread 0x3013af000 may have been prematurely finalized
- Loaded All Assemblies, in  0.109 seconds
Native extension for OSXStandalone target not found
Native extension for WebGL target not found
Mono: successfully reloaded assembly
- Finished resetting the current domain, in  0.140 seconds
Domain Reload Profiling: 249ms
	BeginReloadAssembly (71ms)
		ExecutionOrderSort (0ms)
		DisableScriptedObjects (3ms)
		BackupInstance (0ms)
		ReleaseScriptingObjects (0ms)
		CreateAndSetChildDomain (20ms)
	RebuildCommonClasses (17ms)
	RebuildNativeTypeToScriptingClass (5ms)
	initialDomainReloadingComplete (9ms)
	LoadAllAssembliesAndSetupDomain (6ms)
		LoadAssemblies (31ms)
		RebuildTransferFunctionScriptingTraits (0ms)
		AnalyzeDomain (4ms)
			TypeCache.Refresh (3ms)
				TypeCache.ScanAssembly (0ms)
			ScanForSourceGeneratedMonoScriptInfo (0ms)
			ResolveRequiredComponents (1ms)
	FinalizeReload (140ms)
		ReleaseScriptCaches (0ms)
		RebuildScriptCaches (0ms)
		SetupLoadedEditorAssemblies (82ms)
			LogAssemblyErrors (0ms)
			InitializePlatformSupportModulesInManaged (2ms)
			SetLoadedEditorAssemblies (3ms)
			RefreshPlugins (0ms)
			BeforeProcessingInitializeOnLoad (12ms)
			ProcessInitializeOnLoadAttributes (57ms)
			ProcessInitializeOnLoadMethodAttributes (8ms)
			AfterProcessingInitializeOnLoad (0ms)
			EditorAssembliesLoaded (0ms)
		ExecutionOrderSort2 (0ms)
		AwakeInstancesAfterBackupRestoration (2ms)
Refreshing native plugins compatible for Editor in 0.00 ms, found 0 plugins.
Preloading 0 native plugins for Editor in 0.00 ms.
Unloading 223 Unused Serialized files (Serialized files now loaded: 0)
Unloading 1 unused Assets / (22.8 KB). Loaded Objects now: 700.
Memory consumption went from 59.8 MB to 59.8 MB.
Total: 1.341042 ms (FindLiveObjects: 0.022000 ms CreateObjectMapping: 0.005041 ms MarkObjects: 1.300750 ms  DeleteObjects: 0.012875 ms)

Prepare: number of updated asset objects reloaded= 0
AssetImportParameters requested are different than current active one (requested -> active):
  custom:video-encoder-webm-vp8: eb34c28f22e8b96e1ab97ce403110664 -> 
  custom:audio-encoder-webm-vorbis: bf7c407c2cedff20999df2af8eb42d56 -> 
  custom:video-decoder-webm-vp8: 9c59270c3fd7afecdb556c50c9e8de78 -> 
  custom:container-demuxer-webm: 4f35f7cbe854078d1ac9338744f61a02 -> 
  custom:SearchIndexIgnoredProperties: e643bd26f0fe6173181afceb89e7c659 -> 
  custom:container-muxer-webm: aa71ff27fc2769a1b78a27578f13a17b -> 
  custom:framework-osx-AVFoundation: e770b220cccbd017edd2c1fefb359320 -> 
  custom:container-demuxer-ogg: 62fdf1f143b41e24485cea50d1cbac27 -> 
  custom:audio-decoder-ogg-vorbis: bf7c407c2cedff20999df2af8eb42d56 -> 
  custom:AudioImporter_EditorPlatform: 3918e3fc78b5a79bad01e8451be0beb8 -> 
  custom:video-decoder-ogg-theora: a1e56fd34408186e4bbccfd4996cb3dc -> 
  custom:CustomObjectIndexerAttribute: 9a22284fe3817be447336de3de66b15e -> 
========================================================================
Received Prepare
Caller must complete domain reload
Begin MonoManager ReloadAssembly
Thread 0x301297000 may have been prematurely finalized
- Loaded All Assemblies, in  0.086 seconds
Native extension for OSXStandalone target not found
Native extension for WebGL target not found
Mono: successfully reloaded assembly
- Finished resetting the current domain, in  0.133 seconds
Domain Reload Profiling: 220ms
	BeginReloadAssembly (53ms)
		ExecutionOrderSort (0ms)
		DisableScriptedObjects (2ms)
		BackupInstance (0ms)
		ReleaseScriptingObjects (0ms)
		CreateAndSetChildDomain (10ms)
	RebuildCommonClasses (17ms)
	RebuildNativeTypeToScriptingClass (5ms)
	initialDomainReloadingComplete (7ms)
	LoadAllAssembliesAndSetupDomain (4ms)
		LoadAssemblies (25ms)
		RebuildTransferFunctionScriptingTraits (0ms)
		AnalyzeDomain (3ms)
			TypeCache.Refresh (2ms)
				TypeCache.ScanAssembly (0ms)
			ScanForSourceGeneratedMonoScriptInfo (0ms)
			ResolveRequiredComponents (1ms)
	FinalizeReload (133ms)
		ReleaseScriptCaches (0ms)
		RebuildScriptCaches (0ms)
		SetupLoadedEditorAssemblies (80ms)
			LogAssemblyErrors (0ms)
			InitializePlatformSupportModulesInManaged (2ms)
			SetLoadedEditorAssemblies (3ms)
			RefreshPlugins (0ms)
			BeforeProcessingInitializeOnLoad (12ms)
			ProcessInitializeOnLoadAttributes (55ms)
			ProcessInitializeOnLoadMethodAttributes (8ms)
			AfterProcessingInitializeOnLoad (0ms)
			EditorAssembliesLoaded (0ms)
		ExecutionOrderSort2 (0ms)
		AwakeInstancesAfterBackupRestoration (2ms)
Refreshing native plugins compatible for Editor in 0.00 ms, found 0 plugins.
Preloading 0 native plugins for Editor in 0.00 ms.
Unloading 223 Unused Serialized files (Serialized files now loaded: 0)
Unloading 1 unused Assets / (22.8 KB). Loaded Objects now: 700.
Memory consumption went from 63.4 MB to 63.3 MB.
Total: 1.361709 ms (FindLiveObjects: 0.020375 ms CreateObjectMapping: 0.004958 ms MarkObjects: 1.328417 ms  DeleteObjects: 0.007792 ms)

Prepare: number of updated asset objects reloaded= 0
AssetImportParameters requested are different than current active one (requested -> active):
  custom:video-encoder-webm-vp8: eb34c28f22e8b96e1ab97ce403110664 -> 
  custom:audio-encoder-webm-vorbis: bf7c407c2cedff20999df2af8eb42d56 -> 
  custom:video-decoder-webm-vp8: 9c59270c3fd7afecdb556c50c9e8de78 -> 
  custom:container-demuxer-webm: 4f35f7cbe854078d1ac9338744f61a02 -> 
  custom:SearchIndexIgnoredProperties: e643bd26f0fe6173181afceb89e7c659 -> 
  custom:container-muxer-webm: aa71ff27fc2769a1b78a27578f13a17b -> 
  custom:framework-osx-AVFoundation: e770b220cccbd017edd2c1fefb359320 -> 
  custom:container-demuxer-ogg: 62fdf1f143b41e24485cea50d1cbac27 -> 
  custom:audio-decoder-ogg-vorbis: bf7c407c2cedff20999df2af8eb42d56 -> 
  custom:AudioImporter_EditorPlatform: 3918e3fc78b5a79bad01e8451be0beb8 -> 
  custom:video-decoder-ogg-theora: a1e56fd34408186e4bbccfd4996cb3dc -> 
  custom:CustomObjectIndexerAttribute: 9a22284fe3817be447336de3de66b15e -> 
========================================================================
Received Prepare
Caller must complete domain reload
Begin MonoManager ReloadAssembly
Thread 0x301297000 may have been prematurely finalized
- Loaded All Assemblies, in  0.089 seconds
Native extension for OSXStandalone target not found
Native extension for WebGL target not found
Mono: successfully reloaded assembly
- Finished resetting the current domain, in  0.137 seconds
Domain Reload Profiling: 226ms
	BeginReloadAssembly (55ms)
		ExecutionOrderSort (0ms)
		DisableScriptedObjects (2ms)
		BackupInstance (0ms)
		ReleaseScriptingObjects (0ms)
		CreateAndSetChildDomain (12ms)
	RebuildCommonClasses (17ms)
	RebuildNativeTypeToScriptingClass (5ms)
	initialDomainReloadingComplete (7ms)
	LoadAllAssembliesAndSetupDomain (4ms)
		LoadAssemblies (25ms)
		RebuildTransferFunctionScriptingTraits (0ms)
		AnalyzeDomain (3ms)
			TypeCache.Refresh (2ms)
				TypeCache.ScanAssembly (0ms)
			ScanForSourceGeneratedMonoScriptInfo (0ms)
			ResolveRequiredComponents (1ms)
	FinalizeReload (138ms)
		ReleaseScriptCaches (0ms)
		RebuildScriptCaches (0ms)
		SetupLoadedEditorAssemblies (80ms)
			LogAssemblyErrors (0ms)
			InitializePlatformSupportModulesInManaged (2ms)
			SetLoadedEditorAssemblies (3ms)
			RefreshPlugins (0ms)
			BeforeProcessingInitializeOnLoad (12ms)
			ProcessInitializeOnLoadAttributes (55ms)
			ProcessInitializeOnLoadMethodAttributes (7ms)
			AfterProcessingInitializeOnLoad (0ms)
			EditorAssembliesLoaded (0ms)
		ExecutionOrderSort2 (0ms)
		AwakeInstancesAfterBackupRestoration (2ms)
Refreshing native plugins compatible for Editor in 0.00 ms, found 0 plugins.
Preloading 0 native plugins for Editor in 0.00 ms.
Unloading 223 Unused Serialized files (Serialized files now loaded: 0)
Unloading 1 unused Assets / (22.8 KB). Loaded Objects now: 700.
Memory consumption went from 66.9 MB to 66.9 MB.
Total: 1.254000 ms (FindLiveObjects: 0.021459 ms CreateObjectMapping: 0.005208 ms MarkObjects: 1.218375 ms  DeleteObjects: 0.008708 ms)

Prepare: number of updated asset objects reloaded= 0
AssetImportParameters requested are different than current active one (requested -> active):
  custom:video-encoder-webm-vp8: eb34c28f22e8b96e1ab97ce403110664 -> 
  custom:audio-encoder-webm-vorbis: bf7c407c2cedff20999df2af8eb42d56 -> 
  custom:video-decoder-webm-vp8: 9c59270c3fd7afecdb556c50c9e8de78 -> 
  custom:container-demuxer-webm: 4f35f7cbe854078d1ac9338744f61a02 -> 
  custom:SearchIndexIgnoredProperties: e643bd26f0fe6173181afceb89e7c659 -> 
  custom:container-muxer-webm: aa71ff27fc2769a1b78a27578f13a17b -> 
  custom:framework-osx-AVFoundation: e770b220cccbd017edd2c1fefb359320 -> 
  custom:container-demuxer-ogg: 62fdf1f143b41e24485cea50d1cbac27 -> 
  custom:audio-decoder-ogg-vorbis: bf7c407c2cedff20999df2af8eb42d56 -> 
  custom:AudioImporter_EditorPlatform: 3918e3fc78b5a79bad01e8451be0beb8 -> 
  custom:video-decoder-ogg-theora: a1e56fd34408186e4bbccfd4996cb3dc -> 
  custom:CustomObjectIndexerAttribute: 9a22284fe3817be447336de3de66b15e -> 
========================================================================
Received Prepare
Caller must complete domain reload
Begin MonoManager ReloadAssembly
Thread 0x301297000 may have been prematurely finalized
- Loaded All Assemblies, in  0.091 seconds
Native extension for OSXStandalone target not found
Native extension for WebGL target not found
Mono: successfully reloaded assembly
- Finished resetting the current domain, in  0.141 seconds
Domain Reload Profiling: 232ms
	BeginReloadAssembly (56ms)
		ExecutionOrderSort (0ms)
		DisableScriptedObjects (2ms)
		BackupInstance (0ms)
		ReleaseScriptingObjects (0ms)
		CreateAndSetChildDomain (11ms)
	RebuildCommonClasses (18ms)
	RebuildNativeTypeToScriptingClass (5ms)
	initialDomainReloadingComplete (7ms)
	LoadAllAssembliesAndSetupDomain (4ms)
		LoadAssemblies (26ms)
		RebuildTransferFunctionScriptingTraits (0ms)
		AnalyzeDomain (3ms)
			TypeCache.Refresh (2ms)
				TypeCache.ScanAssembly (0ms)
			ScanForSourceGeneratedMonoScriptInfo (0ms)
			ResolveRequiredComponents (1ms)
	FinalizeReload (142ms)
		ReleaseScriptCaches (0ms)
		RebuildScriptCaches (0ms)
		SetupLoadedEditorAssemblies (83ms)
			LogAssemblyErrors (0ms)
			InitializePlatformSupportModulesInManaged (2ms)
			SetLoadedEditorAssemblies (3ms)
			RefreshPlugins (0ms)
			BeforeProcessingInitializeOnLoad (13ms)
			ProcessInitializeOnLoadAttributes (57ms)
			ProcessInitializeOnLoadMethodAttributes (8ms)
			AfterProcessingInitializeOnLoad (1ms)
			EditorAssembliesLoaded (0ms)
		ExecutionOrderSort2 (0ms)
		AwakeInstancesAfterBackupRestoration (2ms)
Refreshing native plugins compatible for Editor in 0.00 ms, found 0 plugins.
Preloading 0 native plugins for Editor in 0.00 ms.
Unloading 223 Unused Serialized files (Serialized files now loaded: 0)
Unloading 1 unused Assets / (22.8 KB). Loaded Objects now: 700.
Memory consumption went from 70.4 MB to 70.4 MB.
Total: 1.296708 ms (FindLiveObjects: 0.021333 ms CreateObjectMapping: 0.004916 ms MarkObjects: 1.261625 ms  DeleteObjects: 0.008750 ms)

Prepare: number of updated asset objects reloaded= 0
AssetImportParameters requested are different than current active one (requested -> active):
  custom:video-encoder-webm-vp8: eb34c28f22e8b96e1ab97ce403110664 -> 
  custom:audio-encoder-webm-vorbis: bf7c407c2cedff20999df2af8eb42d56 -> 
  custom:video-decoder-webm-vp8: 9c59270c3fd7afecdb556c50c9e8de78 -> 
  custom:container-demuxer-webm: 4f35f7cbe854078d1ac9338744f61a02 -> 
  custom:SearchIndexIgnoredProperties: e643bd26f0fe6173181afceb89e7c659 -> 
  custom:container-muxer-webm: aa71ff27fc2769a1b78a27578f13a17b -> 
  custom:framework-osx-AVFoundation: e770b220cccbd017edd2c1fefb359320 -> 
  custom:container-demuxer-ogg: 62fdf1f143b41e24485cea50d1cbac27 -> 
  custom:audio-decoder-ogg-vorbis: bf7c407c2cedff20999df2af8eb42d56 -> 
  custom:AudioImporter_EditorPlatform: 3918e3fc78b5a79bad01e8451be0beb8 -> 
  custom:video-decoder-ogg-theora: a1e56fd34408186e4bbccfd4996cb3dc -> 
  custom:CustomObjectIndexerAttribute: 9a22284fe3817be447336de3de66b15e -> 
========================================================================
Received Prepare
Caller must complete domain reload
Begin MonoManager ReloadAssembly
Thread 0x301297000 may have been prematurely finalized
- Loaded All Assemblies, in  0.086 seconds
Native extension for OSXStandalone target not found
Native extension for WebGL target not found
Mono: successfully reloaded assembly
- Finished resetting the current domain, in  0.138 seconds
Domain Reload Profiling: 224ms
	BeginReloadAssembly (53ms)
		ExecutionOrderSort (0ms)
		DisableScriptedObjects (2ms)
		BackupInstance (0ms)
		ReleaseScriptingObjects (0ms)
		CreateAndSetChildDomain (10ms)
	RebuildCommonClasses (17ms)
	RebuildNativeTypeToScriptingClass (5ms)
	initialDomainReloadingComplete (7ms)
	LoadAllAssembliesAndSetupDomain (4ms)
		LoadAssemblies (25ms)
		RebuildTransferFunctionScriptingTraits (0ms)
		AnalyzeDomain (3ms)
			TypeCache.Refresh (2ms)
				TypeCache.ScanAssembly (0ms)
			ScanForSourceGeneratedMonoScriptInfo (0ms)
			ResolveRequiredComponents (1ms)
	FinalizeReload (138ms)
		ReleaseScriptCaches (0ms)
		RebuildScriptCaches (0ms)
		SetupLoadedEditorAssemblies (81ms)
			LogAssemblyErrors (0ms)
			InitializePlatformSupportModulesInManaged (2ms)
			SetLoadedEditorAssemblies (3ms)
			RefreshPlugins (0ms)
			BeforeProcessingInitializeOnLoad (12ms)
			ProcessInitializeOnLoadAttributes (56ms)
			ProcessInitializeOnLoadMethodAttributes (8ms)
			AfterProcessingInitializeOnLoad (0ms)
			EditorAssembliesLoaded (0ms)
		ExecutionOrderSort2 (0ms)
		AwakeInstancesAfterBackupRestoration (2ms)
Refreshing native plugins compatible for Editor in 0.00 ms, found 0 plugins.
Preloading 0 native plugins for Editor in 0.00 ms.
Unloading 223 Unused Serialized files (Serialized files now loaded: 0)
Unloading 1 unused Assets / (22.8 KB). Loaded Objects now: 700.
Memory consumption went from 74.0 MB to 74.0 MB.
Total: 1.316917 ms (FindLiveObjects: 0.021625 ms CreateObjectMapping: 0.005000 ms MarkObjects: 1.283333 ms  DeleteObjects: 0.006708 ms)

Prepare: number of updated asset objects reloaded= 0
AssetImportParameters requested are different than current active one (requested -> active):
  custom:video-encoder-webm-vp8: eb34c28f22e8b96e1ab97ce403110664 -> 
  custom:audio-encoder-webm-vorbis: bf7c407c2cedff20999df2af8eb42d56 -> 
  custom:video-decoder-webm-vp8: 9c59270c3fd7afecdb556c50c9e8de78 -> 
  custom:container-demuxer-webm: 4f35f7cbe854078d1ac9338744f61a02 -> 
  custom:SearchIndexIgnoredProperties: e643bd26f0fe6173181afceb89e7c659 -> 
  custom:container-muxer-webm: aa71ff27fc2769a1b78a27578f13a17b -> 
  custom:framework-osx-AVFoundation: e770b220cccbd017edd2c1fefb359320 -> 
  custom:container-demuxer-ogg: 62fdf1f143b41e24485cea50d1cbac27 -> 
  custom:audio-decoder-ogg-vorbis: bf7c407c2cedff20999df2af8eb42d56 -> 
  custom:AudioImporter_EditorPlatform: 3918e3fc78b5a79bad01e8451be0beb8 -> 
  custom:video-decoder-ogg-theora: a1e56fd34408186e4bbccfd4996cb3dc -> 
  custom:CustomObjectIndexerAttribute: 9a22284fe3817be447336de3de66b15e -> 
========================================================================
Received Prepare
Caller must complete domain reload
Begin MonoManager ReloadAssembly
Thread 0x301297000 may have been prematurely finalized
- Loaded All Assemblies, in  0.086 seconds
Native extension for OSXStandalone target not found
Native extension for WebGL target not found
Mono: successfully reloaded assembly
- Finished resetting the current domain, in  0.137 seconds
Domain Reload Profiling: 224ms
	BeginReloadAssembly (53ms)
		ExecutionOrderSort (0ms)
		DisableScriptedObjects (2ms)
		BackupInstance (0ms)
		ReleaseScriptingObjects (0ms)
		CreateAndSetChildDomain (11ms)
	RebuildCommonClasses (17ms)
	RebuildNativeTypeToScriptingClass (5ms)
	initialDomainReloadingComplete (7ms)
	LoadAllAssembliesAndSetupDomain (4ms)
		LoadAssemblies (24ms)
		RebuildTransferFunctionScriptingTraits (0ms)
		AnalyzeDomain (3ms)
			TypeCache.Refresh (2ms)
				TypeCache.ScanAssembly (0ms)
			ScanForSourceGeneratedMonoScriptInfo (0ms)
			ResolveRequiredComponents (1ms)
	FinalizeReload (137ms)
		ReleaseScriptCaches (0ms)
		RebuildScriptCaches (0ms)
		SetupLoadedEditorAssemblies (81ms)
			LogAssemblyErrors (0ms)
			InitializePlatformSupportModulesInManaged (2ms)
			SetLoadedEditorAssemblies (3ms)
			RefreshPlugins (0ms)
			BeforeProcessingInitializeOnLoad (12ms)
			ProcessInitializeOnLoadAttributes (56ms)
			ProcessInitializeOnLoadMethodAttributes (7ms)
			AfterProcessingInitializeOnLoad (0ms)
			EditorAssembliesLoaded (0ms)
		ExecutionOrderSort2 (0ms)
		AwakeInstancesAfterBackupRestoration (2ms)
Refreshing native plugins compatible for Editor in 0.00 ms, found 0 plugins.
Preloading 0 native plugins for Editor in 0.00 ms.
Unloading 223 Unused Serialized files (Serialized files now loaded: 0)
Unloading 1 unused Assets / (22.8 KB). Loaded Objects now: 700.
Memory consumption went from 77.5 MB to 77.5 MB.
Total: 1.253917 ms (FindLiveObjects: 0.020292 ms CreateObjectMapping: 0.004750 ms MarkObjects: 1.221041 ms  DeleteObjects: 0.007709 ms)

Prepare: number of updated asset objects reloaded= 0
AssetImportParameters requested are different than current active one (requested -> active):
  custom:video-encoder-webm-vp8: eb34c28f22e8b96e1ab97ce403110664 -> 
  custom:audio-encoder-webm-vorbis: bf7c407c2cedff20999df2af8eb42d56 -> 
  custom:video-decoder-webm-vp8: 9c59270c3fd7afecdb556c50c9e8de78 -> 
  custom:container-demuxer-webm: 4f35f7cbe854078d1ac9338744f61a02 -> 
  custom:SearchIndexIgnoredProperties: e643bd26f0fe6173181afceb89e7c659 -> 
  custom:container-muxer-webm: aa71ff27fc2769a1b78a27578f13a17b -> 
  custom:framework-osx-AVFoundation: e770b220cccbd017edd2c1fefb359320 -> 
  custom:container-demuxer-ogg: 62fdf1f143b41e24485cea50d1cbac27 -> 
  custom:audio-decoder-ogg-vorbis: bf7c407c2cedff20999df2af8eb42d56 -> 
  custom:AudioImporter_EditorPlatform: 3918e3fc78b5a79bad01e8451be0beb8 -> 
  custom:video-decoder-ogg-theora: a1e56fd34408186e4bbccfd4996cb3dc -> 
  custom:CustomObjectIndexerAttribute: 9a22284fe3817be447336de3de66b15e -> 
========================================================================
Received Prepare
Caller must complete domain reload
Begin MonoManager ReloadAssembly
Thread 0x301297000 may have been prematurely finalized
- Loaded All Assemblies, in  0.086 seconds
Native extension for OSXStandalone target not found
Native extension for WebGL target not found
Mono: successfully reloaded assembly
- Finished resetting the current domain, in  0.137 seconds
Domain Reload Profiling: 224ms
	BeginReloadAssembly (53ms)
		ExecutionOrderSort (0ms)
		DisableScriptedObjects (2ms)
		BackupInstance (0ms)
		ReleaseScriptingObjects (0ms)
		CreateAndSetChildDomain (11ms)
	RebuildCommonClasses (17ms)
	RebuildNativeTypeToScriptingClass (5ms)
	initialDomainReloadingComplete (7ms)
	LoadAllAssembliesAndSetupDomain (4ms)
		LoadAssemblies (23ms)
		RebuildTransferFunctionScriptingTraits (0ms)
		AnalyzeDomain (3ms)
			TypeCache.Refresh (1ms)
				TypeCache.ScanAssembly (0ms)
			ScanForSourceGeneratedMonoScriptInfo (0ms)
			ResolveRequiredComponents (1ms)
	FinalizeReload (137ms)
		ReleaseScriptCaches (0ms)
		RebuildScriptCaches (0ms)
		SetupLoadedEditorAssemblies (81ms)
			LogAssemblyErrors (0ms)
			InitializePlatformSupportModulesInManaged (2ms)
			SetLoadedEditorAssemblies (3ms)
			RefreshPlugins (0ms)
			BeforeProcessingInitializeOnLoad (12ms)
			ProcessInitializeOnLoadAttributes (56ms)
			ProcessInitializeOnLoadMethodAttributes (7ms)
			AfterProcessingInitializeOnLoad (0ms)
			EditorAssembliesLoaded (0ms)
		ExecutionOrderSort2 (0ms)
		AwakeInstancesAfterBackupRestoration (2ms)
Refreshing native plugins compatible for Editor in 0.00 ms, found 0 plugins.
Preloading 0 native plugins for Editor in 0.00 ms.
Unloading 223 Unused Serialized files (Serialized files now loaded: 0)
Unloading 1 unused Assets / (22.8 KB). Loaded Objects now: 700.
Memory consumption went from 81.1 MB to 81.0 MB.
Total: 1.398458 ms (FindLiveObjects: 0.020500 ms CreateObjectMapping: 0.005375 ms MarkObjects: 1.364334 ms  DeleteObjects: 0.008041 ms)

Prepare: number of updated asset objects reloaded= 0
AssetImportParameters requested are different than current active one (requested -> active):
  custom:video-encoder-webm-vp8: eb34c28f22e8b96e1ab97ce403110664 -> 
  custom:audio-encoder-webm-vorbis: bf7c407c2cedff20999df2af8eb42d56 -> 
  custom:video-decoder-webm-vp8: 9c59270c3fd7afecdb556c50c9e8de78 -> 
  custom:container-demuxer-webm: 4f35f7cbe854078d1ac9338744f61a02 -> 
  custom:SearchIndexIgnoredProperties: e643bd26f0fe6173181afceb89e7c659 -> 
  custom:container-muxer-webm: aa71ff27fc2769a1b78a27578f13a17b -> 
  custom:framework-osx-AVFoundation: e770b220cccbd017edd2c1fefb359320 -> 
  custom:container-demuxer-ogg: 62fdf1f143b41e24485cea50d1cbac27 -> 
  custom:audio-decoder-ogg-vorbis: bf7c407c2cedff20999df2af8eb42d56 -> 
  custom:AudioImporter_EditorPlatform: 3918e3fc78b5a79bad01e8451be0beb8 -> 
  custom:video-decoder-ogg-theora: a1e56fd34408186e4bbccfd4996cb3dc -> 
  custom:CustomObjectIndexerAttribute: 9a22284fe3817be447336de3de66b15e -> 
========================================================================
Received Prepare
Caller must complete domain reload
Begin MonoManager ReloadAssembly
Thread 0x301297000 may have been prematurely finalized
- Loaded All Assemblies, in  0.093 seconds
Native extension for OSXStandalone target not found
Native extension for WebGL target not found
Mono: successfully reloaded assembly
- Finished resetting the current domain, in  0.141 seconds
Domain Reload Profiling: 234ms
	BeginReloadAssembly (58ms)
		ExecutionOrderSort (0ms)
		DisableScriptedObjects (2ms)
		BackupInstance (0ms)
		ReleaseScriptingObjects (0ms)
		CreateAndSetChildDomain (11ms)
	RebuildCommonClasses (17ms)
	RebuildNativeTypeToScriptingClass (5ms)
	initialDomainReloadingComplete (8ms)
	LoadAllAssembliesAndSetupDomain (5ms)
		LoadAssemblies (28ms)
		RebuildTransferFunctionScriptingTraits (0ms)
		AnalyzeDomain (4ms)
			TypeCache.Refresh (3ms)
				TypeCache.ScanAssembly (0ms)
			ScanForSourceGeneratedMonoScriptInfo (0ms)
			ResolveRequiredComponents (1ms)
	FinalizeReload (141ms)
		ReleaseScriptCaches (0ms)
		RebuildScriptCaches (0ms)
		SetupLoadedEditorAssemblies (83ms)
			LogAssemblyErrors (0ms)
			InitializePlatformSupportModulesInManaged (2ms)
			SetLoadedEditorAssemblies (3ms)
			RefreshPlugins (0ms)
			BeforeProcessingInitializeOnLoad (14ms)
			ProcessInitializeOnLoadAttributes (56ms)
			ProcessInitializeOnLoadMethodAttributes (8ms)
			AfterProcessingInitializeOnLoad (0ms)
			EditorAssembliesLoaded (0ms)
		ExecutionOrderSort2 (0ms)
		AwakeInstancesAfterBackupRestoration (2ms)
Refreshing native plugins compatible for Editor in 0.00 ms, found 0 plugins.
Preloading 0 native plugins for Editor in 0.00 ms.
Unloading 223 Unused Serialized files (Serialized files now loaded: 0)
Unloading 1 unused Assets / (22.7 KB). Loaded Objects now: 700.
Memory consumption went from 84.6 MB to 84.6 MB.
Total: 1.524792 ms (FindLiveObjects: 0.023000 ms CreateObjectMapping: 0.005916 ms MarkObjects: 1.485125 ms  DeleteObjects: 0.010417 ms)

Prepare: number of updated asset objects reloaded= 0
AssetImportParameters requested are different than current active one (requested -> active):
  custom:video-encoder-webm-vp8: eb34c28f22e8b96e1ab97ce403110664 -> 
  custom:audio-encoder-webm-vorbis: bf7c407c2cedff20999df2af8eb42d56 -> 
  custom:video-decoder-webm-vp8: 9c59270c3fd7afecdb556c50c9e8de78 -> 
  custom:container-demuxer-webm: 4f35f7cbe854078d1ac9338744f61a02 -> 
  custom:SearchIndexIgnoredProperties: e643bd26f0fe6173181afceb89e7c659 -> 
  custom:container-muxer-webm: aa71ff27fc2769a1b78a27578f13a17b -> 
  custom:framework-osx-AVFoundation: e770b220cccbd017edd2c1fefb359320 -> 
  custom:container-demuxer-ogg: 62fdf1f143b41e24485cea50d1cbac27 -> 
  custom:audio-decoder-ogg-vorbis: bf7c407c2cedff20999df2af8eb42d56 -> 
  custom:AudioImporter_EditorPlatform: 3918e3fc78b5a79bad01e8451be0beb8 -> 
  custom:video-decoder-ogg-theora: a1e56fd34408186e4bbccfd4996cb3dc -> 
  custom:CustomObjectIndexerAttribute: 9a22284fe3817be447336de3de66b15e -> 
========================================================================
Received Prepare
Caller must complete domain reload
Begin MonoManager ReloadAssembly
Thread 0x301297000 may have been prematurely finalized
- Loaded All Assemblies, in  0.085 seconds
Native extension for OSXStandalone target not found
Native extension for WebGL target not found
Mono: successfully reloaded assembly
- Finished resetting the current domain, in  0.133 seconds
Domain Reload Profiling: 219ms
	BeginReloadAssembly (52ms)
		ExecutionOrderSort (0ms)
		DisableScriptedObjects (2ms)
		BackupInstance (0ms)
		ReleaseScriptingObjects (0ms)
		CreateAndSetChildDomain (10ms)
	RebuildCommonClasses (17ms)
	RebuildNativeTypeToScriptingClass (5ms)
	initialDomainReloadingComplete (7ms)
	LoadAllAssembliesAndSetupDomain (4ms)
		LoadAssemblies (24ms)
		RebuildTransferFunctionScriptingTraits (0ms)
		AnalyzeDomain (3ms)
			TypeCache.Refresh (2ms)
				TypeCache.ScanAssembly (0ms)
			ScanForSourceGeneratedMonoScriptInfo (0ms)
			ResolveRequiredComponents (1ms)
	FinalizeReload (133ms)
		ReleaseScriptCaches (0ms)
		RebuildScriptCaches (0ms)
		SetupLoadedEditorAssemblies (80ms)
			LogAssemblyErrors (0ms)
			InitializePlatformSupportModulesInManaged (2ms)
			SetLoadedEditorAssemblies (3ms)
			RefreshPlugins (0ms)
			BeforeProcessingInitializeOnLoad (12ms)
			ProcessInitializeOnLoadAttributes (55ms)
			ProcessInitializeOnLoadMethodAttributes (7ms)
			AfterProcessingInitializeOnLoad (0ms)
			EditorAssembliesLoaded (0ms)
		ExecutionOrderSort2 (0ms)
		AwakeInstancesAfterBackupRestoration (2ms)
Refreshing native plugins compatible for Editor in 0.00 ms, found 0 plugins.
Preloading 0 native plugins for Editor in 0.00 ms.
Unloading 223 Unused Serialized files (Serialized files now loaded: 0)
Unloading 1 unused Assets / (22.7 KB). Loaded Objects now: 700.
Memory consumption went from 88.1 MB to 88.1 MB.
Total: 1.327250 ms (FindLiveObjects: 0.020667 ms CreateObjectMapping: 0.005458 ms MarkObjects: 1.293875 ms  DeleteObjects: 0.006958 ms)

Prepare: number of updated asset objects reloaded= 0
AssetImportParameters requested are different than current active one (requested -> active):
  custom:video-encoder-webm-vp8: eb34c28f22e8b96e1ab97ce403110664 -> 
  custom:audio-encoder-webm-vorbis: bf7c407c2cedff20999df2af8eb42d56 -> 
  custom:video-decoder-webm-vp8: 9c59270c3fd7afecdb556c50c9e8de78 -> 
  custom:container-demuxer-webm: 4f35f7cbe854078d1ac9338744f61a02 -> 
  custom:SearchIndexIgnoredProperties: e643bd26f0fe6173181afceb89e7c659 -> 
  custom:container-muxer-webm: aa71ff27fc2769a1b78a27578f13a17b -> 
  custom:framework-osx-AVFoundation: e770b220cccbd017edd2c1fefb359320 -> 
  custom:container-demuxer-ogg: 62fdf1f143b41e24485cea50d1cbac27 -> 
  custom:audio-decoder-ogg-vorbis: bf7c407c2cedff20999df2af8eb42d56 -> 
  custom:AudioImporter_EditorPlatform: 3918e3fc78b5a79bad01e8451be0beb8 -> 
  custom:video-decoder-ogg-theora: a1e56fd34408186e4bbccfd4996cb3dc -> 
  custom:CustomObjectIndexerAttribute: 9a22284fe3817be447336de3de66b15e -> 
========================================================================
Received Prepare
Caller must complete domain reload
Begin MonoManager ReloadAssembly
Thread 0x301297000 may have been prematurely finalized
- Loaded All Assemblies, in  0.087 seconds
Native extension for OSXStandalone target not found
Native extension for WebGL target not found
Mono: successfully reloaded assembly
- Finished resetting the current domain, in  0.135 seconds
Domain Reload Profiling: 223ms
	BeginReloadAssembly (54ms)
		ExecutionOrderSort (0ms)
		DisableScriptedObjects (2ms)
		BackupInstance (0ms)
		ReleaseScriptingObjects (0ms)
		CreateAndSetChildDomain (11ms)
	RebuildCommonClasses (17ms)
	RebuildNativeTypeToScriptingClass (5ms)
	initialDomainReloadingComplete (7ms)
	LoadAllAssembliesAndSetupDomain (4ms)
		LoadAssemblies (24ms)
		RebuildTransferFunctionScriptingTraits (0ms)
		AnalyzeDomain (3ms)
			TypeCache.Refresh (2ms)
				TypeCache.ScanAssembly (0ms)
			ScanForSourceGeneratedMonoScriptInfo (0ms)
			ResolveRequiredComponents (1ms)
	FinalizeReload (136ms)
		ReleaseScriptCaches (0ms)
		RebuildScriptCaches (0ms)
		SetupLoadedEditorAssemblies (82ms)
			LogAssemblyErrors (0ms)
			InitializePlatformSupportModulesInManaged (2ms)
			SetLoadedEditorAssemblies (3ms)
			RefreshPlugins (0ms)
			BeforeProcessingInitializeOnLoad (12ms)
			ProcessInitializeOnLoadAttributes (57ms)
			ProcessInitializeOnLoadMethodAttributes (8ms)
			AfterProcessingInitializeOnLoad (0ms)
			EditorAssembliesLoaded (0ms)
		ExecutionOrderSort2 (0ms)
		AwakeInstancesAfterBackupRestoration (2ms)
Refreshing native plugins compatible for Editor in 0.00 ms, found 0 plugins.
Preloading 0 native plugins for Editor in 0.00 ms.
Unloading 223 Unused Serialized files (Serialized files now loaded: 0)
Unloading 1 unused Assets / (22.7 KB). Loaded Objects now: 700.
Memory consumption went from 91.7 MB to 91.6 MB.
Total: 1.236708 ms (FindLiveObjects: 0.025167 ms CreateObjectMapping: 0.005292 ms MarkObjects: 1.199125 ms  DeleteObjects: 0.006792 ms)

Prepare: number of updated asset objects reloaded= 0
AssetImportParameters requested are different than current active one (requested -> active):
  custom:video-encoder-webm-vp8: eb34c28f22e8b96e1ab97ce403110664 -> 
  custom:audio-encoder-webm-vorbis: bf7c407c2cedff20999df2af8eb42d56 -> 
  custom:video-decoder-webm-vp8: 9c59270c3fd7afecdb556c50c9e8de78 -> 
  custom:container-demuxer-webm: 4f35f7cbe854078d1ac9338744f61a02 -> 
  custom:SearchIndexIgnoredProperties: e643bd26f0fe6173181afceb89e7c659 -> 
  custom:container-muxer-webm: aa71ff27fc2769a1b78a27578f13a17b -> 
  custom:framework-osx-AVFoundation: e770b220cccbd017edd2c1fefb359320 -> 
  custom:container-demuxer-ogg: 62fdf1f143b41e24485cea50d1cbac27 -> 
  custom:audio-decoder-ogg-vorbis: bf7c407c2cedff20999df2af8eb42d56 -> 
  custom:AudioImporter_EditorPlatform: 3918e3fc78b5a79bad01e8451be0beb8 -> 
  custom:video-decoder-ogg-theora: a1e56fd34408186e4bbccfd4996cb3dc -> 
  custom:CustomObjectIndexerAttribute: 9a22284fe3817be447336de3de66b15e -> 
========================================================================
Received Prepare
Caller must complete domain reload
Begin MonoManager ReloadAssembly
Thread 0x301297000 may have been prematurely finalized
- Loaded All Assemblies, in  0.086 seconds
Native extension for OSXStandalone target not found
Native extension for WebGL target not found
Mono: successfully reloaded assembly
- Finished resetting the current domain, in  0.134 seconds
Domain Reload Profiling: 221ms
	BeginReloadAssembly (53ms)
		ExecutionOrderSort (0ms)
		DisableScriptedObjects (2ms)
		BackupInstance (0ms)
		ReleaseScriptingObjects (0ms)
		CreateAndSetChildDomain (11ms)
	RebuildCommonClasses (17ms)
	RebuildNativeTypeToScriptingClass (5ms)
	initialDomainReloadingComplete (7ms)
	LoadAllAssembliesAndSetupDomain (4ms)
		LoadAssemblies (24ms)
		RebuildTransferFunctionScriptingTraits (0ms)
		AnalyzeDomain (3ms)
			TypeCache.Refresh (2ms)
				TypeCache.ScanAssembly (0ms)
			ScanForSourceGeneratedMonoScriptInfo (0ms)
			ResolveRequiredComponents (1ms)
	FinalizeReload (134ms)
		ReleaseScriptCaches (0ms)
		RebuildScriptCaches (0ms)
		SetupLoadedEditorAssemblies (81ms)
			LogAssemblyErrors (0ms)
			InitializePlatformSupportModulesInManaged (2ms)
			SetLoadedEditorAssemblies (3ms)
			RefreshPlugins (0ms)
			BeforeProcessingInitializeOnLoad (12ms)
			ProcessInitializeOnLoadAttributes (56ms)
			ProcessInitializeOnLoadMethodAttributes (7ms)
			AfterProcessingInitializeOnLoad (0ms)
			EditorAssembliesLoaded (0ms)
		ExecutionOrderSort2 (0ms)
		AwakeInstancesAfterBackupRestoration (2ms)
Refreshing native plugins compatible for Editor in 0.00 ms, found 0 plugins.
Preloading 0 native plugins for Editor in 0.00 ms.
Unloading 223 Unused Serialized files (Serialized files now loaded: 0)
Unloading 1 unused Assets / (22.8 KB). Loaded Objects now: 700.
Memory consumption went from 95.2 MB to 95.2 MB.
Total: 1.198917 ms (FindLiveObjects: 0.024125 ms CreateObjectMapping: 0.004833 ms MarkObjects: 1.162459 ms  DeleteObjects: 0.007125 ms)

Prepare: number of updated asset objects reloaded= 0
AssetImportParameters requested are different than current active one (requested -> active):
  custom:video-encoder-webm-vp8: eb34c28f22e8b96e1ab97ce403110664 -> 
  custom:audio-encoder-webm-vorbis: bf7c407c2cedff20999df2af8eb42d56 -> 
  custom:video-decoder-webm-vp8: 9c59270c3fd7afecdb556c50c9e8de78 -> 
  custom:container-demuxer-webm: 4f35f7cbe854078d1ac9338744f61a02 -> 
  custom:SearchIndexIgnoredProperties: e643bd26f0fe6173181afceb89e7c659 -> 
  custom:container-muxer-webm: aa71ff27fc2769a1b78a27578f13a17b -> 
  custom:framework-osx-AVFoundation: e770b220cccbd017edd2c1fefb359320 -> 
  custom:container-demuxer-ogg: 62fdf1f143b41e24485cea50d1cbac27 -> 
  custom:audio-decoder-ogg-vorbis: bf7c407c2cedff20999df2af8eb42d56 -> 
  custom:AudioImporter_EditorPlatform: 3918e3fc78b5a79bad01e8451be0beb8 -> 
  custom:video-decoder-ogg-theora: a1e56fd34408186e4bbccfd4996cb3dc -> 
  custom:CustomObjectIndexerAttribute: 9a22284fe3817be447336de3de66b15e -> 
========================================================================
Received Prepare
Caller must complete domain reload
Begin MonoManager ReloadAssembly
Thread 0x301297000 may have been prematurely finalized
- Loaded All Assemblies, in  0.087 seconds
Native extension for OSXStandalone target not found
Native extension for WebGL target not found
Mono: successfully reloaded assembly
- Finished resetting the current domain, in  0.133 seconds
Domain Reload Profiling: 220ms
	BeginReloadAssembly (54ms)
		ExecutionOrderSort (0ms)
		DisableScriptedObjects (2ms)
		BackupInstance (0ms)
		ReleaseScriptingObjects (0ms)
		CreateAndSetChildDomain (11ms)
	RebuildCommonClasses (17ms)
	RebuildNativeTypeToScriptingClass (5ms)
	initialDomainReloadingComplete (7ms)
	LoadAllAssembliesAndSetupDomain (4ms)
		LoadAssemblies (24ms)
		RebuildTransferFunctionScriptingTraits (0ms)
		AnalyzeDomain (3ms)
			TypeCache.Refresh (2ms)
				TypeCache.ScanAssembly (0ms)
			ScanForSourceGeneratedMonoScriptInfo (0ms)
			ResolveRequiredComponents (1ms)
	FinalizeReload (133ms)
		ReleaseScriptCaches (0ms)
		RebuildScriptCaches (0ms)
		SetupLoadedEditorAssemblies (80ms)
			LogAssemblyErrors (0ms)
			InitializePlatformSupportModulesInManaged (2ms)
			SetLoadedEditorAssemblies (3ms)
			RefreshPlugins (0ms)
			BeforeProcessingInitializeOnLoad (12ms)
			ProcessInitializeOnLoadAttributes (55ms)
			ProcessInitializeOnLoadMethodAttributes (7ms)
			AfterProcessingInitializeOnLoad (0ms)
			EditorAssembliesLoaded (0ms)
		ExecutionOrderSort2 (0ms)
		AwakeInstancesAfterBackupRestoration (2ms)
Refreshing native plugins compatible for Editor in 0.00 ms, found 0 plugins.
Preloading 0 native plugins for Editor in 0.00 ms.
Unloading 223 Unused Serialized files (Serialized files now loaded: 0)
Unloading 1 unused Assets / (22.8 KB). Loaded Objects now: 700.
Memory consumption went from 98.8 MB to 98.7 MB.
Total: 1.244250 ms (FindLiveObjects: 0.022167 ms CreateObjectMapping: 0.005083 ms MarkObjects: 1.210625 ms  DeleteObjects: 0.006000 ms)

Prepare: number of updated asset objects reloaded= 0
AssetImportParameters requested are different than current active one (requested -> active):
  custom:video-encoder-webm-vp8: eb34c28f22e8b96e1ab97ce403110664 -> 
  custom:audio-encoder-webm-vorbis: bf7c407c2cedff20999df2af8eb42d56 -> 
  custom:video-decoder-webm-vp8: 9c59270c3fd7afecdb556c50c9e8de78 -> 
  custom:container-demuxer-webm: 4f35f7cbe854078d1ac9338744f61a02 -> 
  custom:SearchIndexIgnoredProperties: e643bd26f0fe6173181afceb89e7c659 -> 
  custom:container-muxer-webm: aa71ff27fc2769a1b78a27578f13a17b -> 
  custom:framework-osx-AVFoundation: e770b220cccbd017edd2c1fefb359320 -> 
  custom:container-demuxer-ogg: 62fdf1f143b41e24485cea50d1cbac27 -> 
  custom:audio-decoder-ogg-vorbis: bf7c407c2cedff20999df2af8eb42d56 -> 
  custom:AudioImporter_EditorPlatform: 3918e3fc78b5a79bad01e8451be0beb8 -> 
  custom:video-decoder-ogg-theora: a1e56fd34408186e4bbccfd4996cb3dc -> 
  custom:CustomObjectIndexerAttribute: 9a22284fe3817be447336de3de66b15e -> 
========================================================================
Received Prepare
Caller must complete domain reload
Begin MonoManager ReloadAssembly
Thread 0x301297000 may have been prematurely finalized
- Loaded All Assemblies, in  0.090 seconds
Native extension for OSXStandalone target not found
Native extension for WebGL target not found
Mono: successfully reloaded assembly
- Finished resetting the current domain, in  0.139 seconds
Domain Reload Profiling: 229ms
	BeginReloadAssembly (56ms)
		ExecutionOrderSort (0ms)
		DisableScriptedObjects (2ms)
		BackupInstance (0ms)
		ReleaseScriptingObjects (0ms)
		CreateAndSetChildDomain (11ms)
	RebuildCommonClasses (17ms)
	RebuildNativeTypeToScriptingClass (5ms)
	initialDomainReloadingComplete (7ms)
	LoadAllAssembliesAndSetupDomain (4ms)
		LoadAssemblies (26ms)
		RebuildTransferFunctionScriptingTraits (0ms)
		AnalyzeDomain (3ms)
			TypeCache.Refresh (2ms)
				TypeCache.ScanAssembly (0ms)
			ScanForSourceGeneratedMonoScriptInfo (0ms)
			ResolveRequiredComponents (1ms)
	FinalizeReload (139ms)
		ReleaseScriptCaches (0ms)
		RebuildScriptCaches (0ms)
		SetupLoadedEditorAssemblies (81ms)
			LogAssemblyErrors (0ms)
			InitializePlatformSupportModulesInManaged (2ms)
			SetLoadedEditorAssemblies (3ms)
			RefreshPlugins (0ms)
			BeforeProcessingInitializeOnLoad (12ms)
			ProcessInitializeOnLoadAttributes (55ms)
			ProcessInitializeOnLoadMethodAttributes (8ms)
			AfterProcessingInitializeOnLoad (1ms)
			EditorAssembliesLoaded (0ms)
		ExecutionOrderSort2 (0ms)
		AwakeInstancesAfterBackupRestoration (2ms)
Refreshing native plugins compatible for Editor in 0.00 ms, found 0 plugins.
Preloading 0 native plugins for Editor in 0.00 ms.
Unloading 223 Unused Serialized files (Serialized files now loaded: 0)
Unloading 1 unused Assets / (22.8 KB). Loaded Objects now: 700.
Memory consumption went from 102.3 MB to 102.3 MB.
Total: 1.373583 ms (FindLiveObjects: 0.021125 ms CreateObjectMapping: 0.005083 ms MarkObjects: 1.339667 ms  DeleteObjects: 0.007417 ms)

Prepare: number of updated asset objects reloaded= 0
AssetImportParameters requested are different than current active one (requested -> active):
  custom:video-encoder-webm-vp8: eb34c28f22e8b96e1ab97ce403110664 -> 
  custom:audio-encoder-webm-vorbis: bf7c407c2cedff20999df2af8eb42d56 -> 
  custom:video-decoder-webm-vp8: 9c59270c3fd7afecdb556c50c9e8de78 -> 
  custom:container-demuxer-webm: 4f35f7cbe854078d1ac9338744f61a02 -> 
  custom:SearchIndexIgnoredProperties: e643bd26f0fe6173181afceb89e7c659 -> 
  custom:container-muxer-webm: aa71ff27fc2769a1b78a27578f13a17b -> 
  custom:framework-osx-AVFoundation: e770b220cccbd017edd2c1fefb359320 -> 
  custom:container-demuxer-ogg: 62fdf1f143b41e24485cea50d1cbac27 -> 
  custom:audio-decoder-ogg-vorbis: bf7c407c2cedff20999df2af8eb42d56 -> 
  custom:AudioImporter_EditorPlatform: 3918e3fc78b5a79bad01e8451be0beb8 -> 
  custom:video-decoder-ogg-theora: a1e56fd34408186e4bbccfd4996cb3dc -> 
  custom:CustomObjectIndexerAttribute: 9a22284fe3817be447336de3de66b15e -> 
========================================================================
Received Prepare
Caller must complete domain reload
Begin MonoManager ReloadAssembly
Thread 0x301297000 may have been prematurely finalized
- Loaded All Assemblies, in  0.086 seconds
Native extension for OSXStandalone target not found
Native extension for WebGL target not found
Mono: successfully reloaded assembly
- Finished resetting the current domain, in  0.134 seconds
Domain Reload Profiling: 220ms
	BeginReloadAssembly (53ms)
		ExecutionOrderSort (0ms)
		DisableScriptedObjects (2ms)
		BackupInstance (0ms)
		ReleaseScriptingObjects (0ms)
		CreateAndSetChildDomain (10ms)
	RebuildCommonClasses (17ms)
	RebuildNativeTypeToScriptingClass (5ms)
	initialDomainReloadingComplete (7ms)
	LoadAllAssembliesAndSetupDomain (4ms)
		LoadAssemblies (24ms)
		RebuildTransferFunctionScriptingTraits (0ms)
		AnalyzeDomain (3ms)
			TypeCache.Refresh (2ms)
				TypeCache.ScanAssembly (0ms)
			ScanForSourceGeneratedMonoScriptInfo (0ms)
			ResolveRequiredComponents (1ms)
	FinalizeReload (135ms)
		ReleaseScriptCaches (0ms)
		RebuildScriptCaches (0ms)
		SetupLoadedEditorAssemblies (81ms)
			LogAssemblyErrors (0ms)
			InitializePlatformSupportModulesInManaged (2ms)
			SetLoadedEditorAssemblies (3ms)
			RefreshPlugins (0ms)
			BeforeProcessingInitializeOnLoad (12ms)
			ProcessInitializeOnLoadAttributes (55ms)
			ProcessInitializeOnLoadMethodAttributes (8ms)
			AfterProcessingInitializeOnLoad (0ms)
			EditorAssembliesLoaded (0ms)
		ExecutionOrderSort2 (0ms)
		AwakeInstancesAfterBackupRestoration (2ms)
Refreshing native plugins compatible for Editor in 0.00 ms, found 0 plugins.
Preloading 0 native plugins for Editor in 0.00 ms.
Unloading 223 Unused Serialized files (Serialized files now loaded: 0)
Unloading 1 unused Assets / (22.7 KB). Loaded Objects now: 700.
Memory consumption went from 105.8 MB to 105.8 MB.
Total: 1.216625 ms (FindLiveObjects: 0.022875 ms CreateObjectMapping: 0.005000 ms MarkObjects: 1.182292 ms  DeleteObjects: 0.006292 ms)

Prepare: number of updated asset objects reloaded= 0
AssetImportParameters requested are different than current active one (requested -> active):
  custom:video-encoder-webm-vp8: eb34c28f22e8b96e1ab97ce403110664 -> 
  custom:audio-encoder-webm-vorbis: bf7c407c2cedff20999df2af8eb42d56 -> 
  custom:video-decoder-webm-vp8: 9c59270c3fd7afecdb556c50c9e8de78 -> 
  custom:container-demuxer-webm: 4f35f7cbe854078d1ac9338744f61a02 -> 
  custom:SearchIndexIgnoredProperties: e643bd26f0fe6173181afceb89e7c659 -> 
  custom:container-muxer-webm: aa71ff27fc2769a1b78a27578f13a17b -> 
  custom:framework-osx-AVFoundation: e770b220cccbd017edd2c1fefb359320 -> 
  custom:container-demuxer-ogg: 62fdf1f143b41e24485cea50d1cbac27 -> 
  custom:audio-decoder-ogg-vorbis: bf7c407c2cedff20999df2af8eb42d56 -> 
  custom:AudioImporter_EditorPlatform: 3918e3fc78b5a79bad01e8451be0beb8 -> 
  custom:video-decoder-ogg-theora: a1e56fd34408186e4bbccfd4996cb3dc -> 
  custom:CustomObjectIndexerAttribute: 9a22284fe3817be447336de3de66b15e -> 
========================================================================
Received Prepare
Caller must complete domain reload
Begin MonoManager ReloadAssembly
Thread 0x301297000 may have been prematurely finalized
- Loaded All Assemblies, in  0.086 seconds
Native extension for OSXStandalone target not found
Native extension for WebGL target not found
Mono: successfully reloaded assembly
- Finished resetting the current domain, in  0.133 seconds
Domain Reload Profiling: 220ms
	BeginReloadAssembly (53ms)
		ExecutionOrderSort (0ms)
		DisableScriptedObjects (2ms)
		BackupInstance (0ms)
		ReleaseScriptingObjects (0ms)
		CreateAndSetChildDomain (10ms)
	RebuildCommonClasses (17ms)
	RebuildNativeTypeToScriptingClass (5ms)
	initialDomainReloadingComplete (7ms)
	LoadAllAssembliesAndSetupDomain (4ms)
		LoadAssemblies (24ms)
		RebuildTransferFunctionScriptingTraits (0ms)
		AnalyzeDomain (3ms)
			TypeCache.Refresh (2ms)
				TypeCache.ScanAssembly (0ms)
			ScanForSourceGeneratedMonoScriptInfo (0ms)
			ResolveRequiredComponents (1ms)
	FinalizeReload (133ms)
		ReleaseScriptCaches (0ms)
		RebuildScriptCaches (0ms)
		SetupLoadedEditorAssemblies (80ms)
			LogAssemblyErrors (0ms)
			InitializePlatformSupportModulesInManaged (2ms)
			SetLoadedEditorAssemblies (3ms)
			RefreshPlugins (0ms)
			BeforeProcessingInitializeOnLoad (12ms)
			ProcessInitializeOnLoadAttributes (55ms)
			ProcessInitializeOnLoadMethodAttributes (7ms)
			AfterProcessingInitializeOnLoad (0ms)
			EditorAssembliesLoaded (0ms)
		ExecutionOrderSort2 (0ms)
		AwakeInstancesAfterBackupRestoration (2ms)
Refreshing native plugins compatible for Editor in 0.00 ms, found 0 plugins.
Preloading 0 native plugins for Editor in 0.00 ms.
Unloading 223 Unused Serialized files (Serialized files now loaded: 0)
Unloading 1 unused Assets / (22.7 KB). Loaded Objects now: 700.
Memory consumption went from 109.4 MB to 109.3 MB.
Total: 1.270834 ms (FindLiveObjects: 0.020583 ms CreateObjectMapping: 0.004708 ms MarkObjects: 1.239000 ms  DeleteObjects: 0.006417 ms)

Prepare: number of updated asset objects reloaded= 0
AssetImportParameters requested are different than current active one (requested -> active):
  custom:video-encoder-webm-vp8: eb34c28f22e8b96e1ab97ce403110664 -> 
  custom:audio-encoder-webm-vorbis: bf7c407c2cedff20999df2af8eb42d56 -> 
  custom:video-decoder-webm-vp8: 9c59270c3fd7afecdb556c50c9e8de78 -> 
  custom:container-demuxer-webm: 4f35f7cbe854078d1ac9338744f61a02 -> 
  custom:SearchIndexIgnoredProperties: e643bd26f0fe6173181afceb89e7c659 -> 
  custom:container-muxer-webm: aa71ff27fc2769a1b78a27578f13a17b -> 
  custom:framework-osx-AVFoundation: e770b220cccbd017edd2c1fefb359320 -> 
  custom:container-demuxer-ogg: 62fdf1f143b41e24485cea50d1cbac27 -> 
  custom:audio-decoder-ogg-vorbis: bf7c407c2cedff20999df2af8eb42d56 -> 
  custom:AudioImporter_EditorPlatform: 3918e3fc78b5a79bad01e8451be0beb8 -> 
  custom:video-decoder-ogg-theora: a1e56fd34408186e4bbccfd4996cb3dc -> 
  custom:CustomObjectIndexerAttribute: 9a22284fe3817be447336de3de66b15e -> 
========================================================================
Received Prepare
Caller must complete domain reload
Begin MonoManager ReloadAssembly
Thread 0x301297000 may have been prematurely finalized
- Loaded All Assemblies, in  0.087 seconds
Native extension for OSXStandalone target not found
Native extension for WebGL target not found
Mono: successfully reloaded assembly
- Finished resetting the current domain, in  0.135 seconds
Domain Reload Profiling: 222ms
	BeginReloadAssembly (54ms)
		ExecutionOrderSort (0ms)
		DisableScriptedObjects (2ms)
		BackupInstance (0ms)
		ReleaseScriptingObjects (0ms)
		CreateAndSetChildDomain (11ms)
	RebuildCommonClasses (17ms)
	RebuildNativeTypeToScriptingClass (5ms)
	initialDomainReloadingComplete (7ms)
	LoadAllAssembliesAndSetupDomain (4ms)
		LoadAssemblies (24ms)
		RebuildTransferFunctionScriptingTraits (0ms)
		AnalyzeDomain (3ms)
			TypeCache.Refresh (2ms)
				TypeCache.ScanAssembly (0ms)
			ScanForSourceGeneratedMonoScriptInfo (0ms)
			ResolveRequiredComponents (1ms)
	FinalizeReload (135ms)
		ReleaseScriptCaches (0ms)
		RebuildScriptCaches (0ms)
		SetupLoadedEditorAssemblies (81ms)
			LogAssemblyErrors (0ms)
			InitializePlatformSupportModulesInManaged (2ms)
			SetLoadedEditorAssemblies (3ms)
			RefreshPlugins (0ms)
			BeforeProcessingInitializeOnLoad (12ms)
			ProcessInitializeOnLoadAttributes (56ms)
			ProcessInitializeOnLoadMethodAttributes (7ms)
			AfterProcessingInitializeOnLoad (0ms)
			EditorAssembliesLoaded (0ms)
		ExecutionOrderSort2 (0ms)
		AwakeInstancesAfterBackupRestoration (2ms)
Refreshing native plugins compatible for Editor in 0.00 ms, found 0 plugins.
Preloading 0 native plugins for Editor in 0.00 ms.
Unloading 223 Unused Serialized files (Serialized files now loaded: 0)
Unloading 1 unused Assets / (22.8 KB). Loaded Objects now: 700.
Memory consumption went from 112.9 MB to 112.9 MB.
Total: 1.280042 ms (FindLiveObjects: 0.022292 ms CreateObjectMapping: 0.004917 ms MarkObjects: 1.246167 ms  DeleteObjects: 0.006459 ms)

Prepare: number of updated asset objects reloaded= 0
AssetImportParameters requested are different than current active one (requested -> active):
  custom:video-encoder-webm-vp8: eb34c28f22e8b96e1ab97ce403110664 -> 
  custom:audio-encoder-webm-vorbis: bf7c407c2cedff20999df2af8eb42d56 -> 
  custom:video-decoder-webm-vp8: 9c59270c3fd7afecdb556c50c9e8de78 -> 
  custom:container-demuxer-webm: 4f35f7cbe854078d1ac9338744f61a02 -> 
  custom:SearchIndexIgnoredProperties: e643bd26f0fe6173181afceb89e7c659 -> 
  custom:container-muxer-webm: aa71ff27fc2769a1b78a27578f13a17b -> 
  custom:framework-osx-AVFoundation: e770b220cccbd017edd2c1fefb359320 -> 
  custom:container-demuxer-ogg: 62fdf1f143b41e24485cea50d1cbac27 -> 
  custom:audio-decoder-ogg-vorbis: bf7c407c2cedff20999df2af8eb42d56 -> 
  custom:AudioImporter_EditorPlatform: 3918e3fc78b5a79bad01e8451be0beb8 -> 
  custom:video-decoder-ogg-theora: a1e56fd34408186e4bbccfd4996cb3dc -> 
  custom:CustomObjectIndexerAttribute: 9a22284fe3817be447336de3de66b15e -> 
========================================================================
Received Prepare
Caller must complete domain reload
Begin MonoManager ReloadAssembly
Thread 0x301297000 may have been prematurely finalized
- Loaded All Assemblies, in  0.086 seconds
Native extension for OSXStandalone target not found
Native extension for WebGL target not found
Mono: successfully reloaded assembly
- Finished resetting the current domain, in  0.139 seconds
Domain Reload Profiling: 225ms
	BeginReloadAssembly (53ms)
		ExecutionOrderSort (0ms)
		DisableScriptedObjects (2ms)
		BackupInstance (0ms)
		ReleaseScriptingObjects (0ms)
		CreateAndSetChildDomain (10ms)
	RebuildCommonClasses (17ms)
	RebuildNativeTypeToScriptingClass (5ms)
	initialDomainReloadingComplete (7ms)
	LoadAllAssembliesAndSetupDomain (4ms)
		LoadAssemblies (24ms)
		RebuildTransferFunctionScriptingTraits (0ms)
		AnalyzeDomain (3ms)
			TypeCache.Refresh (1ms)
				TypeCache.ScanAssembly (0ms)
			ScanForSourceGeneratedMonoScriptInfo (0ms)
			ResolveRequiredComponents (1ms)
	FinalizeReload (139ms)
		ReleaseScriptCaches (0ms)
		RebuildScriptCaches (0ms)
		SetupLoadedEditorAssemblies (81ms)
			LogAssemblyErrors (0ms)
			InitializePlatformSupportModulesInManaged (2ms)
			SetLoadedEditorAssemblies (3ms)
			RefreshPlugins (0ms)
			BeforeProcessingInitializeOnLoad (12ms)
			ProcessInitializeOnLoadAttributes (56ms)
			ProcessInitializeOnLoadMethodAttributes (8ms)
			AfterProcessingInitializeOnLoad (0ms)
			EditorAssembliesLoaded (0ms)
		ExecutionOrderSort2 (0ms)
		AwakeInstancesAfterBackupRestoration (2ms)
Refreshing native plugins compatible for Editor in 0.00 ms, found 0 plugins.
Preloading 0 native plugins for Editor in 0.00 ms.
Unloading 223 Unused Serialized files (Serialized files now loaded: 0)
Unloading 1 unused Assets / (22.8 KB). Loaded Objects now: 700.
Memory consumption went from 116.4 MB to 116.4 MB.
Total: 1.365292 ms (FindLiveObjects: 0.022875 ms CreateObjectMapping: 0.005083 ms MarkObjects: 1.329084 ms  DeleteObjects: 0.007916 ms)

Prepare: number of updated asset objects reloaded= 0
AssetImportParameters requested are different than current active one (requested -> active):
  custom:video-encoder-webm-vp8: eb34c28f22e8b96e1ab97ce403110664 -> 
  custom:audio-encoder-webm-vorbis: bf7c407c2cedff20999df2af8eb42d56 -> 
  custom:video-decoder-webm-vp8: 9c59270c3fd7afecdb556c50c9e8de78 -> 
  custom:container-demuxer-webm: 4f35f7cbe854078d1ac9338744f61a02 -> 
  custom:SearchIndexIgnoredProperties: e643bd26f0fe6173181afceb89e7c659 -> 
  custom:container-muxer-webm: aa71ff27fc2769a1b78a27578f13a17b -> 
  custom:framework-osx-AVFoundation: e770b220cccbd017edd2c1fefb359320 -> 
  custom:container-demuxer-ogg: 62fdf1f143b41e24485cea50d1cbac27 -> 
  custom:audio-decoder-ogg-vorbis: bf7c407c2cedff20999df2af8eb42d56 -> 
  custom:AudioImporter_EditorPlatform: 3918e3fc78b5a79bad01e8451be0beb8 -> 
  custom:video-decoder-ogg-theora: a1e56fd34408186e4bbccfd4996cb3dc -> 
  custom:CustomObjectIndexerAttribute: 9a22284fe3817be447336de3de66b15e -> 
========================================================================
Received Prepare
Caller must complete domain reload
Begin MonoManager ReloadAssembly
Thread 0x301297000 may have been prematurely finalized
- Loaded All Assemblies, in  0.087 seconds
Native extension for OSXStandalone target not found
Native extension for WebGL target not found
Mono: successfully reloaded assembly
- Finished resetting the current domain, in  0.135 seconds
Domain Reload Profiling: 222ms
	BeginReloadAssembly (53ms)
		ExecutionOrderSort (0ms)
		DisableScriptedObjects (2ms)
		BackupInstance (0ms)
		ReleaseScriptingObjects (0ms)
		CreateAndSetChildDomain (11ms)
	RebuildCommonClasses (17ms)
	RebuildNativeTypeToScriptingClass (5ms)
	initialDomainReloadingComplete (8ms)
	LoadAllAssembliesAndSetupDomain (4ms)
		LoadAssemblies (24ms)
		RebuildTransferFunctionScriptingTraits (0ms)
		AnalyzeDomain (3ms)
			TypeCache.Refresh (2ms)
				TypeCache.ScanAssembly (0ms)
			ScanForSourceGeneratedMonoScriptInfo (0ms)
			ResolveRequiredComponents (1ms)
	FinalizeReload (135ms)
		ReleaseScriptCaches (0ms)
		RebuildScriptCaches (0ms)
		SetupLoadedEditorAssemblies (81ms)
			LogAssemblyErrors (0ms)
			InitializePlatformSupportModulesInManaged (2ms)
			SetLoadedEditorAssemblies (3ms)
			RefreshPlugins (0ms)
			BeforeProcessingInitializeOnLoad (12ms)
			ProcessInitializeOnLoadAttributes (55ms)
			ProcessInitializeOnLoadMethodAttributes (8ms)
			AfterProcessingInitializeOnLoad (1ms)
			EditorAssembliesLoaded (0ms)
		ExecutionOrderSort2 (0ms)
		AwakeInstancesAfterBackupRestoration (2ms)
Refreshing native plugins compatible for Editor in 0.00 ms, found 0 plugins.
Preloading 0 native plugins for Editor in 0.00 ms.
Unloading 223 Unused Serialized files (Serialized files now loaded: 0)
Unloading 1 unused Assets / (22.8 KB). Loaded Objects now: 700.
Memory consumption went from 120.0 MB to 120.0 MB.
Total: 1.276167 ms (FindLiveObjects: 0.020458 ms CreateObjectMapping: 0.005250 ms MarkObjects: 1.243083 ms  DeleteObjects: 0.007209 ms)

Prepare: number of updated asset objects reloaded= 0
AssetImportParameters requested are different than current active one (requested -> active):
  custom:video-encoder-webm-vp8: eb34c28f22e8b96e1ab97ce403110664 -> 
  custom:audio-encoder-webm-vorbis: bf7c407c2cedff20999df2af8eb42d56 -> 
  custom:video-decoder-webm-vp8: 9c59270c3fd7afecdb556c50c9e8de78 -> 
  custom:container-demuxer-webm: 4f35f7cbe854078d1ac9338744f61a02 -> 
  custom:SearchIndexIgnoredProperties: e643bd26f0fe6173181afceb89e7c659 -> 
  custom:container-muxer-webm: aa71ff27fc2769a1b78a27578f13a17b -> 
  custom:framework-osx-AVFoundation: e770b220cccbd017edd2c1fefb359320 -> 
  custom:container-demuxer-ogg: 62fdf1f143b41e24485cea50d1cbac27 -> 
  custom:audio-decoder-ogg-vorbis: bf7c407c2cedff20999df2af8eb42d56 -> 
  custom:AudioImporter_EditorPlatform: 3918e3fc78b5a79bad01e8451be0beb8 -> 
  custom:video-decoder-ogg-theora: a1e56fd34408186e4bbccfd4996cb3dc -> 
  custom:CustomObjectIndexerAttribute: 9a22284fe3817be447336de3de66b15e -> 
========================================================================
Received Prepare
Caller must complete domain reload
Begin MonoManager ReloadAssembly
Thread 0x301297000 may have been prematurely finalized
- Loaded All Assemblies, in  0.087 seconds
Native extension for OSXStandalone target not found
Native extension for WebGL target not found
Mono: successfully reloaded assembly
- Finished resetting the current domain, in  0.136 seconds
Domain Reload Profiling: 223ms
	BeginReloadAssembly (54ms)
		ExecutionOrderSort (0ms)
		DisableScriptedObjects (2ms)
		BackupInstance (0ms)
		ReleaseScriptingObjects (0ms)
		CreateAndSetChildDomain (11ms)
	RebuildCommonClasses (17ms)
	RebuildNativeTypeToScriptingClass (5ms)
	initialDomainReloadingComplete (7ms)
	LoadAllAssembliesAndSetupDomain (4ms)
		LoadAssemblies (24ms)
		RebuildTransferFunctionScriptingTraits (0ms)
		AnalyzeDomain (3ms)
			TypeCache.Refresh (2ms)
				TypeCache.ScanAssembly (0ms)
			ScanForSourceGeneratedMonoScriptInfo (0ms)
			ResolveRequiredComponents (1ms)
	FinalizeReload (136ms)
		ReleaseScriptCaches (0ms)
		RebuildScriptCaches (0ms)
		SetupLoadedEditorAssemblies (82ms)
			LogAssemblyErrors (0ms)
			InitializePlatformSupportModulesInManaged (2ms)
			SetLoadedEditorAssemblies (3ms)
			RefreshPlugins (0ms)
			BeforeProcessingInitializeOnLoad (12ms)
			ProcessInitializeOnLoadAttributes (56ms)
			ProcessInitializeOnLoadMethodAttributes (8ms)
			AfterProcessingInitializeOnLoad (0ms)
			EditorAssembliesLoaded (0ms)
		ExecutionOrderSort2 (0ms)
		AwakeInstancesAfterBackupRestoration (2ms)
Refreshing native plugins compatible for Editor in 0.00 ms, found 0 plugins.
Preloading 0 native plugins for Editor in 0.00 ms.
Unloading 223 Unused Serialized files (Serialized files now loaded: 0)
Unloading 1 unused Assets / (22.8 KB). Loaded Objects now: 700.
Memory consumption went from 123.5 MB to 123.5 MB.
Total: 1.228792 ms (FindLiveObjects: 0.022417 ms CreateObjectMapping: 0.004833 ms MarkObjects: 1.194542 ms  DeleteObjects: 0.006750 ms)

Prepare: number of updated asset objects reloaded= 0
AssetImportParameters requested are different than current active one (requested -> active):
  custom:video-encoder-webm-vp8: eb34c28f22e8b96e1ab97ce403110664 -> 
  custom:audio-encoder-webm-vorbis: bf7c407c2cedff20999df2af8eb42d56 -> 
  custom:video-decoder-webm-vp8: 9c59270c3fd7afecdb556c50c9e8de78 -> 
  custom:container-demuxer-webm: 4f35f7cbe854078d1ac9338744f61a02 -> 
  custom:SearchIndexIgnoredProperties: e643bd26f0fe6173181afceb89e7c659 -> 
  custom:container-muxer-webm: aa71ff27fc2769a1b78a27578f13a17b -> 
  custom:framework-osx-AVFoundation: e770b220cccbd017edd2c1fefb359320 -> 
  custom:container-demuxer-ogg: 62fdf1f143b41e24485cea50d1cbac27 -> 
  custom:audio-decoder-ogg-vorbis: bf7c407c2cedff20999df2af8eb42d56 -> 
  custom:AudioImporter_EditorPlatform: 3918e3fc78b5a79bad01e8451be0beb8 -> 
  custom:video-decoder-ogg-theora: a1e56fd34408186e4bbccfd4996cb3dc -> 
  custom:CustomObjectIndexerAttribute: 9a22284fe3817be447336de3de66b15e -> 
========================================================================
Received Prepare
Caller must complete domain reload
Begin MonoManager ReloadAssembly
Thread 0x301297000 may have been prematurely finalized
- Loaded All Assemblies, in  0.088 seconds
Native extension for OSXStandalone target not found
Native extension for WebGL target not found
Mono: successfully reloaded assembly
- Finished resetting the current domain, in  0.137 seconds
Domain Reload Profiling: 225ms
	BeginReloadAssembly (55ms)
		ExecutionOrderSort (0ms)
		DisableScriptedObjects (2ms)
		BackupInstance (0ms)
		ReleaseScriptingObjects (0ms)
		CreateAndSetChildDomain (11ms)
	RebuildCommonClasses (17ms)
	RebuildNativeTypeToScriptingClass (5ms)
	initialDomainReloadingComplete (7ms)
	LoadAllAssembliesAndSetupDomain (3ms)
		LoadAssemblies (24ms)
		RebuildTransferFunctionScriptingTraits (0ms)
		AnalyzeDomain (3ms)
			TypeCache.Refresh (2ms)
				TypeCache.ScanAssembly (0ms)
			ScanForSourceGeneratedMonoScriptInfo (0ms)
			ResolveRequiredComponents (1ms)
	FinalizeReload (137ms)
		ReleaseScriptCaches (0ms)
		RebuildScriptCaches (0ms)
		SetupLoadedEditorAssemblies (83ms)
			LogAssemblyErrors (0ms)
			InitializePlatformSupportModulesInManaged (2ms)
			SetLoadedEditorAssemblies (3ms)
			RefreshPlugins (0ms)
			BeforeProcessingInitializeOnLoad (12ms)
			ProcessInitializeOnLoadAttributes (57ms)
			ProcessInitializeOnLoadMethodAttributes (8ms)
			AfterProcessingInitializeOnLoad (0ms)
			EditorAssembliesLoaded (0ms)
		ExecutionOrderSort2 (0ms)
		AwakeInstancesAfterBackupRestoration (2ms)
Refreshing native plugins compatible for Editor in 0.00 ms, found 0 plugins.
Preloading 0 native plugins for Editor in 0.00 ms.
Unloading 223 Unused Serialized files (Serialized files now loaded: 0)
Unloading 1 unused Assets / (22.8 KB). Loaded Objects now: 700.
Memory consumption went from 127.1 MB to 127.0 MB.
Total: 1.284833 ms (FindLiveObjects: 0.020041 ms CreateObjectMapping: 0.005042 ms MarkObjects: 1.252000 ms  DeleteObjects: 0.007542 ms)

Prepare: number of updated asset objects reloaded= 0
AssetImportParameters requested are different than current active one (requested -> active):
  custom:video-encoder-webm-vp8: eb34c28f22e8b96e1ab97ce403110664 -> 
  custom:audio-encoder-webm-vorbis: bf7c407c2cedff20999df2af8eb42d56 -> 
  custom:video-decoder-webm-vp8: 9c59270c3fd7afecdb556c50c9e8de78 -> 
  custom:container-demuxer-webm: 4f35f7cbe854078d1ac9338744f61a02 -> 
  custom:SearchIndexIgnoredProperties: e643bd26f0fe6173181afceb89e7c659 -> 
  custom:container-muxer-webm: aa71ff27fc2769a1b78a27578f13a17b -> 
  custom:framework-osx-AVFoundation: e770b220cccbd017edd2c1fefb359320 -> 
  custom:container-demuxer-ogg: 62fdf1f143b41e24485cea50d1cbac27 -> 
  custom:audio-decoder-ogg-vorbis: bf7c407c2cedff20999df2af8eb42d56 -> 
  custom:AudioImporter_EditorPlatform: 3918e3fc78b5a79bad01e8451be0beb8 -> 
  custom:video-decoder-ogg-theora: a1e56fd34408186e4bbccfd4996cb3dc -> 
  custom:CustomObjectIndexerAttribute: 9a22284fe3817be447336de3de66b15e -> 
========================================================================
Received Prepare
Caller must complete domain reload
Begin MonoManager ReloadAssembly
Thread 0x301297000 may have been prematurely finalized
- Loaded All Assemblies, in  0.087 seconds
Native extension for OSXStandalone target not found
Native extension for WebGL target not found
Mono: successfully reloaded assembly
- Finished resetting the current domain, in  0.134 seconds
Domain Reload Profiling: 221ms
	BeginReloadAssembly (54ms)
		ExecutionOrderSort (0ms)
		DisableScriptedObjects (2ms)
		BackupInstance (0ms)
		ReleaseScriptingObjects (0ms)
		CreateAndSetChildDomain (11ms)
	RebuildCommonClasses (17ms)
	RebuildNativeTypeToScriptingClass (5ms)
	initialDomainReloadingComplete (7ms)
	LoadAllAssembliesAndSetupDomain (4ms)
		LoadAssemblies (24ms)
		RebuildTransferFunctionScriptingTraits (0ms)
		AnalyzeDomain (3ms)
			TypeCache.Refresh (2ms)
				TypeCache.ScanAssembly (0ms)
			ScanForSourceGeneratedMonoScriptInfo (0ms)
			ResolveRequiredComponents (1ms)
	FinalizeReload (135ms)
		ReleaseScriptCaches (0ms)
		RebuildScriptCaches (0ms)
		SetupLoadedEditorAssemblies (81ms)
			LogAssemblyErrors (0ms)
			InitializePlatformSupportModulesInManaged (2ms)
			SetLoadedEditorAssemblies (3ms)
			RefreshPlugins (0ms)
			BeforeProcessingInitializeOnLoad (12ms)
			ProcessInitializeOnLoadAttributes (56ms)
			ProcessInitializeOnLoadMethodAttributes (8ms)
			AfterProcessingInitializeOnLoad (0ms)
			EditorAssembliesLoaded (0ms)
		ExecutionOrderSort2 (0ms)
		AwakeInstancesAfterBackupRestoration (2ms)
Refreshing native plugins compatible for Editor in 0.00 ms, found 0 plugins.
Preloading 0 native plugins for Editor in 0.00 ms.
Unloading 223 Unused Serialized files (Serialized files now loaded: 0)
Unloading 1 unused Assets / (22.7 KB). Loaded Objects now: 700.
Memory consumption went from 130.6 MB to 130.6 MB.
Total: 1.291583 ms (FindLiveObjects: 0.018959 ms CreateObjectMapping: 0.005125 ms MarkObjects: 1.259584 ms  DeleteObjects: 0.007791 ms)

Prepare: number of updated asset objects reloaded= 0
AssetImportParameters requested are different than current active one (requested -> active):
  custom:video-encoder-webm-vp8: eb34c28f22e8b96e1ab97ce403110664 -> 
  custom:audio-encoder-webm-vorbis: bf7c407c2cedff20999df2af8eb42d56 -> 
  custom:video-decoder-webm-vp8: 9c59270c3fd7afecdb556c50c9e8de78 -> 
  custom:container-demuxer-webm: 4f35f7cbe854078d1ac9338744f61a02 -> 
  custom:SearchIndexIgnoredProperties: e643bd26f0fe6173181afceb89e7c659 -> 
  custom:container-muxer-webm: aa71ff27fc2769a1b78a27578f13a17b -> 
  custom:framework-osx-AVFoundation: e770b220cccbd017edd2c1fefb359320 -> 
  custom:container-demuxer-ogg: 62fdf1f143b41e24485cea50d1cbac27 -> 
  custom:audio-decoder-ogg-vorbis: bf7c407c2cedff20999df2af8eb42d56 -> 
  custom:AudioImporter_EditorPlatform: 3918e3fc78b5a79bad01e8451be0beb8 -> 
  custom:video-decoder-ogg-theora: a1e56fd34408186e4bbccfd4996cb3dc -> 
  custom:CustomObjectIndexerAttribute: 9a22284fe3817be447336de3de66b15e -> 
========================================================================
Received Prepare
Caller must complete domain reload
Begin MonoManager ReloadAssembly
Thread 0x301297000 may have been prematurely finalized
- Loaded All Assemblies, in  0.110 seconds
Native extension for OSXStandalone target not found
Native extension for WebGL target not found
Mono: successfully reloaded assembly
- Finished resetting the current domain, in  0.140 seconds
Domain Reload Profiling: 250ms
	BeginReloadAssembly (74ms)
		ExecutionOrderSort (0ms)
		DisableScriptedObjects (2ms)
		BackupInstance (0ms)
		ReleaseScriptingObjects (0ms)
		CreateAndSetChildDomain (16ms)
	RebuildCommonClasses (16ms)
	RebuildNativeTypeToScriptingClass (5ms)
	initialDomainReloadingComplete (11ms)
	LoadAllAssembliesAndSetupDomain (5ms)
		LoadAssemblies (34ms)
		RebuildTransferFunctionScriptingTraits (0ms)
		AnalyzeDomain (3ms)
			TypeCache.Refresh (2ms)
				TypeCache.ScanAssembly (0ms)
			ScanForSourceGeneratedMonoScriptInfo (0ms)
			ResolveRequiredComponents (1ms)
	FinalizeReload (140ms)
		ReleaseScriptCaches (0ms)
		RebuildScriptCaches (0ms)
		SetupLoadedEditorAssemblies (82ms)
			LogAssemblyErrors (0ms)
			InitializePlatformSupportModulesInManaged (2ms)
			SetLoadedEditorAssemblies (3ms)
			RefreshPlugins (0ms)
			BeforeProcessingInitializeOnLoad (13ms)
			ProcessInitializeOnLoadAttributes (57ms)
			ProcessInitializeOnLoadMethodAttributes (8ms)
			AfterProcessingInitializeOnLoad (0ms)
			EditorAssembliesLoaded (0ms)
		ExecutionOrderSort2 (0ms)
		AwakeInstancesAfterBackupRestoration (2ms)
Refreshing native plugins compatible for Editor in 0.00 ms, found 0 plugins.
Preloading 0 native plugins for Editor in 0.00 ms.
Unloading 223 Unused Serialized files (Serialized files now loaded: 0)
Unloading 1 unused Assets / (22.8 KB). Loaded Objects now: 700.
Memory consumption went from 134.1 MB to 134.1 MB.
Total: 1.370958 ms (FindLiveObjects: 0.020083 ms CreateObjectMapping: 0.005167 ms MarkObjects: 1.332667 ms  DeleteObjects: 0.012833 ms)

Prepare: number of updated asset objects reloaded= 0
AssetImportParameters requested are different than current active one (requested -> active):
  custom:video-encoder-webm-vp8: eb34c28f22e8b96e1ab97ce403110664 -> 
  custom:audio-encoder-webm-vorbis: bf7c407c2cedff20999df2af8eb42d56 -> 
  custom:video-decoder-webm-vp8: 9c59270c3fd7afecdb556c50c9e8de78 -> 
  custom:container-demuxer-webm: 4f35f7cbe854078d1ac9338744f61a02 -> 
  custom:SearchIndexIgnoredProperties: e643bd26f0fe6173181afceb89e7c659 -> 
  custom:container-muxer-webm: aa71ff27fc2769a1b78a27578f13a17b -> 
  custom:framework-osx-AVFoundation: e770b220cccbd017edd2c1fefb359320 -> 
  custom:container-demuxer-ogg: 62fdf1f143b41e24485cea50d1cbac27 -> 
  custom:audio-decoder-ogg-vorbis: bf7c407c2cedff20999df2af8eb42d56 -> 
  custom:AudioImporter_EditorPlatform: 3918e3fc78b5a79bad01e8451be0beb8 -> 
  custom:video-decoder-ogg-theora: a1e56fd34408186e4bbccfd4996cb3dc -> 
  custom:CustomObjectIndexerAttribute: 9a22284fe3817be447336de3de66b15e -> 
========================================================================
Received Prepare
Caller must complete domain reload
Begin MonoManager ReloadAssembly
Thread 0x301297000 may have been prematurely finalized
- Loaded All Assemblies, in  0.089 seconds
Native extension for OSXStandalone target not found
Native extension for WebGL target not found
Mono: successfully reloaded assembly
- Finished resetting the current domain, in  0.137 seconds
Domain Reload Profiling: 226ms
	BeginReloadAssembly (55ms)
		ExecutionOrderSort (0ms)
		DisableScriptedObjects (2ms)
		BackupInstance (0ms)
		ReleaseScriptingObjects (0ms)
		CreateAndSetChildDomain (12ms)
	RebuildCommonClasses (17ms)
	RebuildNativeTypeToScriptingClass (5ms)
	initialDomainReloadingComplete (7ms)
	LoadAllAssembliesAndSetupDomain (4ms)
		LoadAssemblies (25ms)
		RebuildTransferFunctionScriptingTraits (0ms)
		AnalyzeDomain (3ms)
			TypeCache.Refresh (2ms)
				TypeCache.ScanAssembly (0ms)
			ScanForSourceGeneratedMonoScriptInfo (0ms)
			ResolveRequiredComponents (1ms)
	FinalizeReload (137ms)
		ReleaseScriptCaches (0ms)
		RebuildScriptCaches (0ms)
		SetupLoadedEditorAssemblies (83ms)
			LogAssemblyErrors (0ms)
			InitializePlatformSupportModulesInManaged (2ms)
			SetLoadedEditorAssemblies (3ms)
			RefreshPlugins (0ms)
			BeforeProcessingInitializeOnLoad (13ms)
			ProcessInitializeOnLoadAttributes (57ms)
			ProcessInitializeOnLoadMethodAttributes (8ms)
			AfterProcessingInitializeOnLoad (0ms)
			EditorAssembliesLoaded (0ms)
		ExecutionOrderSort2 (0ms)
		AwakeInstancesAfterBackupRestoration (2ms)
Refreshing native plugins compatible for Editor in 0.00 ms, found 0 plugins.
Preloading 0 native plugins for Editor in 0.00 ms.
Unloading 223 Unused Serialized files (Serialized files now loaded: 0)
Unloading 1 unused Assets / (22.8 KB). Loaded Objects now: 700.
Memory consumption went from 137.7 MB to 137.7 MB.
Total: 1.302250 ms (FindLiveObjects: 0.021834 ms CreateObjectMapping: 0.005625 ms MarkObjects: 1.266375 ms  DeleteObjects: 0.008292 ms)

Prepare: number of updated asset objects reloaded= 0
AssetImportParameters requested are different than current active one (requested -> active):
  custom:video-encoder-webm-vp8: eb34c28f22e8b96e1ab97ce403110664 -> 
  custom:audio-encoder-webm-vorbis: bf7c407c2cedff20999df2af8eb42d56 -> 
  custom:video-decoder-webm-vp8: 9c59270c3fd7afecdb556c50c9e8de78 -> 
  custom:container-demuxer-webm: 4f35f7cbe854078d1ac9338744f61a02 -> 
  custom:SearchIndexIgnoredProperties: e643bd26f0fe6173181afceb89e7c659 -> 
  custom:container-muxer-webm: aa71ff27fc2769a1b78a27578f13a17b -> 
  custom:framework-osx-AVFoundation: e770b220cccbd017edd2c1fefb359320 -> 
  custom:container-demuxer-ogg: 62fdf1f143b41e24485cea50d1cbac27 -> 
  custom:audio-decoder-ogg-vorbis: bf7c407c2cedff20999df2af8eb42d56 -> 
  custom:AudioImporter_EditorPlatform: 3918e3fc78b5a79bad01e8451be0beb8 -> 
  custom:video-decoder-ogg-theora: a1e56fd34408186e4bbccfd4996cb3dc -> 
  custom:CustomObjectIndexerAttribute: 9a22284fe3817be447336de3de66b15e -> 
========================================================================
Received Prepare
Caller must complete domain reload
Begin MonoManager ReloadAssembly
Thread 0x301297000 may have been prematurely finalized
- Loaded All Assemblies, in  0.087 seconds
Native extension for OSXStandalone target not found
Native extension for WebGL target not found
Mono: successfully reloaded assembly
- Finished resetting the current domain, in  0.135 seconds
Domain Reload Profiling: 222ms
	BeginReloadAssembly (54ms)
		ExecutionOrderSort (0ms)
		DisableScriptedObjects (2ms)
		BackupInstance (0ms)
		ReleaseScriptingObjects (0ms)
		CreateAndSetChildDomain (11ms)
	RebuildCommonClasses (17ms)
	RebuildNativeTypeToScriptingClass (5ms)
	initialDomainReloadingComplete (8ms)
	LoadAllAssembliesAndSetupDomain (4ms)
		LoadAssemblies (24ms)
		RebuildTransferFunctionScriptingTraits (0ms)
		AnalyzeDomain (3ms)
			TypeCache.Refresh (2ms)
				TypeCache.ScanAssembly (0ms)
			ScanForSourceGeneratedMonoScriptInfo (0ms)
			ResolveRequiredComponents (1ms)
	FinalizeReload (135ms)
		ReleaseScriptCaches (0ms)
		RebuildScriptCaches (0ms)
		SetupLoadedEditorAssemblies (81ms)
			LogAssemblyErrors (0ms)
			InitializePlatformSupportModulesInManaged (2ms)
			SetLoadedEditorAssemblies (3ms)
			RefreshPlugins (0ms)
			BeforeProcessingInitializeOnLoad (12ms)
			ProcessInitializeOnLoadAttributes (56ms)
			ProcessInitializeOnLoadMethodAttributes (8ms)
			AfterProcessingInitializeOnLoad (0ms)
			EditorAssembliesLoaded (0ms)
		ExecutionOrderSort2 (0ms)
		AwakeInstancesAfterBackupRestoration (2ms)
Refreshing native plugins compatible for Editor in 0.00 ms, found 0 plugins.
Preloading 0 native plugins for Editor in 0.00 ms.
Unloading 223 Unused Serialized files (Serialized files now loaded: 0)
Unloading 1 unused Assets / (22.8 KB). Loaded Objects now: 700.
Memory consumption went from 141.2 MB to 141.2 MB.
Total: 1.372750 ms (FindLiveObjects: 0.021291 ms CreateObjectMapping: 0.004667 ms MarkObjects: 1.339416 ms  DeleteObjects: 0.007167 ms)

Prepare: number of updated asset objects reloaded= 0
AssetImportParameters requested are different than current active one (requested -> active):
  custom:video-encoder-webm-vp8: eb34c28f22e8b96e1ab97ce403110664 -> 
  custom:audio-encoder-webm-vorbis: bf7c407c2cedff20999df2af8eb42d56 -> 
  custom:video-decoder-webm-vp8: 9c59270c3fd7afecdb556c50c9e8de78 -> 
  custom:container-demuxer-webm: 4f35f7cbe854078d1ac9338744f61a02 -> 
  custom:SearchIndexIgnoredProperties: e643bd26f0fe6173181afceb89e7c659 -> 
  custom:container-muxer-webm: aa71ff27fc2769a1b78a27578f13a17b -> 
  custom:framework-osx-AVFoundation: e770b220cccbd017edd2c1fefb359320 -> 
  custom:container-demuxer-ogg: 62fdf1f143b41e24485cea50d1cbac27 -> 
  custom:audio-decoder-ogg-vorbis: bf7c407c2cedff20999df2af8eb42d56 -> 
  custom:AudioImporter_EditorPlatform: 3918e3fc78b5a79bad01e8451be0beb8 -> 
  custom:video-decoder-ogg-theora: a1e56fd34408186e4bbccfd4996cb3dc -> 
  custom:CustomObjectIndexerAttribute: 9a22284fe3817be447336de3de66b15e -> 
========================================================================
Received Prepare
Caller must complete domain reload
Begin MonoManager ReloadAssembly
Thread 0x301297000 may have been prematurely finalized
- Loaded All Assemblies, in  0.088 seconds
Native extension for OSXStandalone target not found
Native extension for WebGL target not found
Mono: successfully reloaded assembly
- Finished resetting the current domain, in  0.139 seconds
Domain Reload Profiling: 227ms
	BeginReloadAssembly (54ms)
		ExecutionOrderSort (0ms)
		DisableScriptedObjects (2ms)
		BackupInstance (0ms)
		ReleaseScriptingObjects (0ms)
		CreateAndSetChildDomain (12ms)
	RebuildCommonClasses (17ms)
	RebuildNativeTypeToScriptingClass (5ms)
	initialDomainReloadingComplete (8ms)
	LoadAllAssembliesAndSetupDomain (5ms)
		LoadAssemblies (24ms)
		RebuildTransferFunctionScriptingTraits (0ms)
		AnalyzeDomain (4ms)
			TypeCache.Refresh (3ms)
				TypeCache.ScanAssembly (0ms)
			ScanForSourceGeneratedMonoScriptInfo (0ms)
			ResolveRequiredComponents (1ms)
	FinalizeReload (139ms)
		ReleaseScriptCaches (0ms)
		RebuildScriptCaches (0ms)
		SetupLoadedEditorAssemblies (82ms)
			LogAssemblyErrors (0ms)
			InitializePlatformSupportModulesInManaged (2ms)
			SetLoadedEditorAssemblies (3ms)
			RefreshPlugins (0ms)
			BeforeProcessingInitializeOnLoad (12ms)
			ProcessInitializeOnLoadAttributes (57ms)
			ProcessInitializeOnLoadMethodAttributes (8ms)
			AfterProcessingInitializeOnLoad (0ms)
			EditorAssembliesLoaded (0ms)
		ExecutionOrderSort2 (0ms)
		AwakeInstancesAfterBackupRestoration (2ms)
Refreshing native plugins compatible for Editor in 0.00 ms, found 0 plugins.
Preloading 0 native plugins for Editor in 0.00 ms.
Unloading 224 Unused Serialized files (Serialized files now loaded: 0)
Unloading 1 unused Assets / (22.8 KB). Loaded Objects now: 701.
Memory consumption went from 144.8 MB to 144.7 MB.
Total: 1.319167 ms (FindLiveObjects: 0.024708 ms CreateObjectMapping: 0.005208 ms MarkObjects: 1.280375 ms  DeleteObjects: 0.008667 ms)

Prepare: number of updated asset objects reloaded= 0
AssetImportParameters requested are different than current active one (requested -> active):
  custom:video-encoder-webm-vp8: eb34c28f22e8b96e1ab97ce403110664 -> 
  custom:audio-encoder-webm-vorbis: bf7c407c2cedff20999df2af8eb42d56 -> 
  custom:video-decoder-webm-vp8: 9c59270c3fd7afecdb556c50c9e8de78 -> 
  custom:container-demuxer-webm: 4f35f7cbe854078d1ac9338744f61a02 -> 
  custom:SearchIndexIgnoredProperties: e643bd26f0fe6173181afceb89e7c659 -> 
  custom:container-muxer-webm: aa71ff27fc2769a1b78a27578f13a17b -> 
  custom:framework-osx-AVFoundation: e770b220cccbd017edd2c1fefb359320 -> 
  custom:scripting/monoscript/fileName/GameManager.cs: 9933fbcc6190e2a9171c2ec8808a053e -> 
  custom:container-demuxer-ogg: 62fdf1f143b41e24485cea50d1cbac27 -> 
  custom:audio-decoder-ogg-vorbis: bf7c407c2cedff20999df2af8eb42d56 -> 
  custom:AudioImporter_EditorPlatform: 3918e3fc78b5a79bad01e8451be0beb8 -> 
  custom:video-decoder-ogg-theora: a1e56fd34408186e4bbccfd4996cb3dc -> 
  custom:scripting/precompiled-assembly-types:Assembly-CSharp: 8df4a3e55ad7ab5bf19785c95fafdcce -> 5097d79b403e7b9fa1b5737665486d2d
  custom:CustomObjectIndexerAttribute: 9a22284fe3817be447336de3de66b15e -> 
========================================================================
Received Prepare
Caller must complete domain reload
Begin MonoManager ReloadAssembly
Thread 0x301297000 may have been prematurely finalized
- Loaded All Assemblies, in  0.094 seconds
Native extension for OSXStandalone target not found
Native extension for WebGL target not found
Mono: successfully reloaded assembly
- Finished resetting the current domain, in  0.142 seconds
Domain Reload Profiling: 236ms
	BeginReloadAssembly (58ms)
		ExecutionOrderSort (0ms)
		DisableScriptedObjects (2ms)
		BackupInstance (0ms)
		ReleaseScriptingObjects (0ms)
		CreateAndSetChildDomain (12ms)
	RebuildCommonClasses (17ms)
	RebuildNativeTypeToScriptingClass (5ms)
	initialDomainReloadingComplete (9ms)
	LoadAllAssembliesAndSetupDomain (6ms)
		LoadAssemblies (28ms)
		RebuildTransferFunctionScriptingTraits (0ms)
		AnalyzeDomain (4ms)
			TypeCache.Refresh (3ms)
				TypeCache.ScanAssembly (0ms)
			ScanForSourceGeneratedMonoScriptInfo (0ms)
			ResolveRequiredComponents (1ms)
	FinalizeReload (142ms)
		ReleaseScriptCaches (0ms)
		RebuildScriptCaches (0ms)
		SetupLoadedEditorAssemblies (83ms)
			LogAssemblyErrors (0ms)
			InitializePlatformSupportModulesInManaged (2ms)
			SetLoadedEditorAssemblies (3ms)
			RefreshPlugins (0ms)
			BeforeProcessingInitializeOnLoad (13ms)
			ProcessInitializeOnLoadAttributes (57ms)
			ProcessInitializeOnLoadMethodAttributes (8ms)
			AfterProcessingInitializeOnLoad (0ms)
			EditorAssembliesLoaded (0ms)
		ExecutionOrderSort2 (0ms)
		AwakeInstancesAfterBackupRestoration (2ms)
Refreshing native plugins compatible for Editor in 0.00 ms, found 0 plugins.
Preloading 0 native plugins for Editor in 0.00 ms.
Unloading 224 Unused Serialized files (Serialized files now loaded: 0)
Unloading 1 unused Assets / (22.8 KB). Loaded Objects now: 701.
Memory consumption went from 148.3 MB to 148.3 MB.
Total: 1.322916 ms (FindLiveObjects: 0.021916 ms CreateObjectMapping: 0.004917 ms MarkObjects: 1.285667 ms  DeleteObjects: 0.010291 ms)

Prepare: number of updated asset objects reloaded= 0
AssetImportParameters requested are different than current active one (requested -> active):
  custom:video-encoder-webm-vp8: eb34c28f22e8b96e1ab97ce403110664 -> 
  custom:audio-encoder-webm-vorbis: bf7c407c2cedff20999df2af8eb42d56 -> 
  custom:video-decoder-webm-vp8: 9c59270c3fd7afecdb556c50c9e8de78 -> 
  custom:container-demuxer-webm: 4f35f7cbe854078d1ac9338744f61a02 -> 
  custom:SearchIndexIgnoredProperties: e643bd26f0fe6173181afceb89e7c659 -> 
  custom:container-muxer-webm: aa71ff27fc2769a1b78a27578f13a17b -> 
  custom:framework-osx-AVFoundation: e770b220cccbd017edd2c1fefb359320 -> 
  custom:scripting/monoscript/fileName/GameManager.cs: 9933fbcc6190e2a9171c2ec8808a053e -> 
  custom:container-demuxer-ogg: 62fdf1f143b41e24485cea50d1cbac27 -> 
  custom:audio-decoder-ogg-vorbis: bf7c407c2cedff20999df2af8eb42d56 -> 
  custom:AudioImporter_EditorPlatform: 3918e3fc78b5a79bad01e8451be0beb8 -> 
  custom:video-decoder-ogg-theora: a1e56fd34408186e4bbccfd4996cb3dc -> 
  custom:scripting/precompiled-assembly-types:Assembly-CSharp: 8df4a3e55ad7ab5bf19785c95fafdcce -> 5097d79b403e7b9fa1b5737665486d2d
  custom:CustomObjectIndexerAttribute: 9a22284fe3817be447336de3de66b15e -> 
========================================================================
Received Prepare
Caller must complete domain reload
Begin MonoManager ReloadAssembly
Thread 0x301297000 may have been prematurely finalized
- Loaded All Assemblies, in  0.091 seconds
Native extension for OSXStandalone target not found
Native extension for WebGL target not found
Mono: successfully reloaded assembly
- Finished resetting the current domain, in  0.139 seconds
Domain Reload Profiling: 230ms
	BeginReloadAssembly (57ms)
		ExecutionOrderSort (0ms)
		DisableScriptedObjects (2ms)
		BackupInstance (0ms)
		ReleaseScriptingObjects (0ms)
		CreateAndSetChildDomain (12ms)
	RebuildCommonClasses (17ms)
	RebuildNativeTypeToScriptingClass (5ms)
	initialDomainReloadingComplete (7ms)
	LoadAllAssembliesAndSetupDomain (4ms)
		LoadAssemblies (26ms)
		RebuildTransferFunctionScriptingTraits (0ms)
		AnalyzeDomain (3ms)
			TypeCache.Refresh (2ms)
				TypeCache.ScanAssembly (0ms)
			ScanForSourceGeneratedMonoScriptInfo (0ms)
			ResolveRequiredComponents (1ms)
	FinalizeReload (139ms)
		ReleaseScriptCaches (0ms)
		RebuildScriptCaches (0ms)
		SetupLoadedEditorAssemblies (82ms)
			LogAssemblyErrors (0ms)
			InitializePlatformSupportModulesInManaged (2ms)
			SetLoadedEditorAssemblies (3ms)
			RefreshPlugins (0ms)
			BeforeProcessingInitializeOnLoad (12ms)
			ProcessInitializeOnLoadAttributes (56ms)
			ProcessInitializeOnLoadMethodAttributes (8ms)
			AfterProcessingInitializeOnLoad (0ms)
			EditorAssembliesLoaded (0ms)
		ExecutionOrderSort2 (0ms)
		AwakeInstancesAfterBackupRestoration (2ms)
Refreshing native plugins compatible for Editor in 0.00 ms, found 0 plugins.
Preloading 0 native plugins for Editor in 0.00 ms.
Unloading 224 Unused Serialized files (Serialized files now loaded: 0)
Unloading 1 unused Assets / (22.8 KB). Loaded Objects now: 701.
Memory consumption went from 151.8 MB to 151.8 MB.
Total: 1.392167 ms (FindLiveObjects: 0.024709 ms CreateObjectMapping: 0.005458 ms MarkObjects: 1.352125 ms  DeleteObjects: 0.009166 ms)

Prepare: number of updated asset objects reloaded= 0
AssetImportParameters requested are different than current active one (requested -> active):
  custom:video-encoder-webm-vp8: eb34c28f22e8b96e1ab97ce403110664 -> 
  custom:audio-encoder-webm-vorbis: bf7c407c2cedff20999df2af8eb42d56 -> 
  custom:video-decoder-webm-vp8: 9c59270c3fd7afecdb556c50c9e8de78 -> 
  custom:container-demuxer-webm: 4f35f7cbe854078d1ac9338744f61a02 -> 
  custom:SearchIndexIgnoredProperties: e643bd26f0fe6173181afceb89e7c659 -> 
  custom:container-muxer-webm: aa71ff27fc2769a1b78a27578f13a17b -> 
  custom:framework-osx-AVFoundation: e770b220cccbd017edd2c1fefb359320 -> 
  custom:scripting/monoscript/fileName/GameManager.cs: 9933fbcc6190e2a9171c2ec8808a053e -> 
  custom:container-demuxer-ogg: 62fdf1f143b41e24485cea50d1cbac27 -> 
  custom:audio-decoder-ogg-vorbis: bf7c407c2cedff20999df2af8eb42d56 -> 
  custom:AudioImporter_EditorPlatform: 3918e3fc78b5a79bad01e8451be0beb8 -> 
  custom:video-decoder-ogg-theora: a1e56fd34408186e4bbccfd4996cb3dc -> 
  custom:scripting/precompiled-assembly-types:Assembly-CSharp: 8df4a3e55ad7ab5bf19785c95fafdcce -> 5097d79b403e7b9fa1b5737665486d2d
  custom:CustomObjectIndexerAttribute: 9a22284fe3817be447336de3de66b15e -> 
========================================================================
Received Prepare
Caller must complete domain reload
Begin MonoManager ReloadAssembly
Thread 0x301297000 may have been prematurely finalized
- Loaded All Assemblies, in  0.087 seconds
Native extension for OSXStandalone target not found
Native extension for WebGL target not found
Mono: successfully reloaded assembly
- Finished resetting the current domain, in  0.137 seconds
Domain Reload Profiling: 224ms
	BeginReloadAssembly (53ms)
		ExecutionOrderSort (0ms)
		DisableScriptedObjects (2ms)
		BackupInstance (0ms)
		ReleaseScriptingObjects (0ms)
		CreateAndSetChildDomain (11ms)
	RebuildCommonClasses (17ms)
	RebuildNativeTypeToScriptingClass (5ms)
	initialDomainReloadingComplete (7ms)
	LoadAllAssembliesAndSetupDomain (4ms)
		LoadAssemblies (23ms)
		RebuildTransferFunctionScriptingTraits (0ms)
		AnalyzeDomain (3ms)
			TypeCache.Refresh (2ms)
				TypeCache.ScanAssembly (0ms)
			ScanForSourceGeneratedMonoScriptInfo (0ms)
			ResolveRequiredComponents (1ms)
	FinalizeReload (137ms)
		ReleaseScriptCaches (0ms)
		RebuildScriptCaches (0ms)
		SetupLoadedEditorAssemblies (82ms)
			LogAssemblyErrors (0ms)
			InitializePlatformSupportModulesInManaged (2ms)
			SetLoadedEditorAssemblies (3ms)
			RefreshPlugins (0ms)
			BeforeProcessingInitializeOnLoad (12ms)
			ProcessInitializeOnLoadAttributes (57ms)
			ProcessInitializeOnLoadMethodAttributes (8ms)
			AfterProcessingInitializeOnLoad (0ms)
			EditorAssembliesLoaded (0ms)
		ExecutionOrderSort2 (0ms)
		AwakeInstancesAfterBackupRestoration (2ms)
Refreshing native plugins compatible for Editor in 0.00 ms, found 0 plugins.
Preloading 0 native plugins for Editor in 0.00 ms.
Unloading 224 Unused Serialized files (Serialized files now loaded: 0)
Unloading 1 unused Assets / (22.7 KB). Loaded Objects now: 701.
Memory consumption went from 155.4 MB to 155.3 MB.
Total: 1.375834 ms (FindLiveObjects: 0.021292 ms CreateObjectMapping: 0.005208 ms MarkObjects: 1.340584 ms  DeleteObjects: 0.008625 ms)

Prepare: number of updated asset objects reloaded= 0
AssetImportParameters requested are different than current active one (requested -> active):
  custom:video-encoder-webm-vp8: eb34c28f22e8b96e1ab97ce403110664 -> 
  custom:audio-encoder-webm-vorbis: bf7c407c2cedff20999df2af8eb42d56 -> 
  custom:video-decoder-webm-vp8: 9c59270c3fd7afecdb556c50c9e8de78 -> 
  custom:container-demuxer-webm: 4f35f7cbe854078d1ac9338744f61a02 -> 
  custom:SearchIndexIgnoredProperties: e643bd26f0fe6173181afceb89e7c659 -> 
  custom:container-muxer-webm: aa71ff27fc2769a1b78a27578f13a17b -> 
  custom:framework-osx-AVFoundation: e770b220cccbd017edd2c1fefb359320 -> 
  custom:scripting/monoscript/fileName/GameManager.cs: 9933fbcc6190e2a9171c2ec8808a053e -> 
  custom:container-demuxer-ogg: 62fdf1f143b41e24485cea50d1cbac27 -> 
  custom:audio-decoder-ogg-vorbis: bf7c407c2cedff20999df2af8eb42d56 -> 
  custom:AudioImporter_EditorPlatform: 3918e3fc78b5a79bad01e8451be0beb8 -> 
  custom:video-decoder-ogg-theora: a1e56fd34408186e4bbccfd4996cb3dc -> 
  custom:scripting/precompiled-assembly-types:Assembly-CSharp: 8df4a3e55ad7ab5bf19785c95fafdcce -> 5097d79b403e7b9fa1b5737665486d2d
  custom:CustomObjectIndexerAttribute: 9a22284fe3817be447336de3de66b15e -> 
========================================================================
Received Prepare
Caller must complete domain reload
Begin MonoManager ReloadAssembly
Thread 0x301297000 may have been prematurely finalized
- Loaded All Assemblies, in  0.088 seconds
Native extension for OSXStandalone target not found
Native extension for WebGL target not found
Mono: successfully reloaded assembly
- Finished resetting the current domain, in  0.135 seconds
Domain Reload Profiling: 223ms
	BeginReloadAssembly (54ms)
		ExecutionOrderSort (0ms)
		DisableScriptedObjects (2ms)
		BackupInstance (0ms)
		ReleaseScriptingObjects (0ms)
		CreateAndSetChildDomain (11ms)
	RebuildCommonClasses (17ms)
	RebuildNativeTypeToScriptingClass (5ms)
	initialDomainReloadingComplete (7ms)
	LoadAllAssembliesAndSetupDomain (4ms)
		LoadAssemblies (24ms)
		RebuildTransferFunctionScriptingTraits (0ms)
		AnalyzeDomain (3ms)
			TypeCache.Refresh (2ms)
				TypeCache.ScanAssembly (0ms)
			ScanForSourceGeneratedMonoScriptInfo (0ms)
			ResolveRequiredComponents (1ms)
	FinalizeReload (135ms)
		ReleaseScriptCaches (0ms)
		RebuildScriptCaches (0ms)
		SetupLoadedEditorAssemblies (81ms)
			LogAssemblyErrors (0ms)
			InitializePlatformSupportModulesInManaged (2ms)
			SetLoadedEditorAssemblies (3ms)
			RefreshPlugins (0ms)
			BeforeProcessingInitializeOnLoad (12ms)
			ProcessInitializeOnLoadAttributes (56ms)
			ProcessInitializeOnLoadMethodAttributes (8ms)
			AfterProcessingInitializeOnLoad (0ms)
			EditorAssembliesLoaded (0ms)
		ExecutionOrderSort2 (0ms)
		AwakeInstancesAfterBackupRestoration (2ms)
Refreshing native plugins compatible for Editor in 0.00 ms, found 0 plugins.
Preloading 0 native plugins for Editor in 0.00 ms.
Unloading 224 Unused Serialized files (Serialized files now loaded: 0)
Unloading 1 unused Assets / (22.8 KB). Loaded Objects now: 701.
Memory consumption went from 158.9 MB to 158.9 MB.
Total: 1.361167 ms (FindLiveObjects: 0.022583 ms CreateObjectMapping: 0.004959 ms MarkObjects: 1.326000 ms  DeleteObjects: 0.007584 ms)

Prepare: number of updated asset objects reloaded= 0
AssetImportParameters requested are different than current active one (requested -> active):
  custom:video-encoder-webm-vp8: eb34c28f22e8b96e1ab97ce403110664 -> 
  custom:audio-encoder-webm-vorbis: bf7c407c2cedff20999df2af8eb42d56 -> 
  custom:video-decoder-webm-vp8: 9c59270c3fd7afecdb556c50c9e8de78 -> 
  custom:container-demuxer-webm: 4f35f7cbe854078d1ac9338744f61a02 -> 
  custom:SearchIndexIgnoredProperties: e643bd26f0fe6173181afceb89e7c659 -> 
  custom:container-muxer-webm: aa71ff27fc2769a1b78a27578f13a17b -> 
  custom:framework-osx-AVFoundation: e770b220cccbd017edd2c1fefb359320 -> 
  custom:scripting/monoscript/fileName/GameManager.cs: 9933fbcc6190e2a9171c2ec8808a053e -> 
  custom:container-demuxer-ogg: 62fdf1f143b41e24485cea50d1cbac27 -> 
  custom:audio-decoder-ogg-vorbis: bf7c407c2cedff20999df2af8eb42d56 -> 
  custom:AudioImporter_EditorPlatform: 3918e3fc78b5a79bad01e8451be0beb8 -> 
  custom:video-decoder-ogg-theora: a1e56fd34408186e4bbccfd4996cb3dc -> 
  custom:scripting/precompiled-assembly-types:Assembly-CSharp: 8df4a3e55ad7ab5bf19785c95fafdcce -> 5097d79b403e7b9fa1b5737665486d2d
  custom:CustomObjectIndexerAttribute: 9a22284fe3817be447336de3de66b15e -> 
========================================================================
Received Prepare
Caller must complete domain reload
Begin MonoManager ReloadAssembly
Thread 0x301297000 may have been prematurely finalized
- Loaded All Assemblies, in  0.087 seconds
Native extension for OSXStandalone target not found
Native extension for WebGL target not found
Mono: successfully reloaded assembly
- Finished resetting the current domain, in  0.136 seconds
Domain Reload Profiling: 223ms
	BeginReloadAssembly (54ms)
		ExecutionOrderSort (0ms)
		DisableScriptedObjects (2ms)
		BackupInstance (0ms)
		ReleaseScriptingObjects (0ms)
		CreateAndSetChildDomain (11ms)
	RebuildCommonClasses (17ms)
	RebuildNativeTypeToScriptingClass (5ms)
	initialDomainReloadingComplete (7ms)
	LoadAllAssembliesAndSetupDomain (4ms)
		LoadAssemblies (24ms)
		RebuildTransferFunctionScriptingTraits (0ms)
		AnalyzeDomain (3ms)
			TypeCache.Refresh (2ms)
				TypeCache.ScanAssembly (0ms)
			ScanForSourceGeneratedMonoScriptInfo (0ms)
			ResolveRequiredComponents (1ms)
	FinalizeReload (136ms)
		ReleaseScriptCaches (0ms)
		RebuildScriptCaches (0ms)
		SetupLoadedEditorAssemblies (82ms)
			LogAssemblyErrors (0ms)
			InitializePlatformSupportModulesInManaged (2ms)
			SetLoadedEditorAssemblies (3ms)
			RefreshPlugins (0ms)
			BeforeProcessingInitializeOnLoad (12ms)
			ProcessInitializeOnLoadAttributes (56ms)
			ProcessInitializeOnLoadMethodAttributes (8ms)
			AfterProcessingInitializeOnLoad (0ms)
			EditorAssembliesLoaded (0ms)
		ExecutionOrderSort2 (0ms)
		AwakeInstancesAfterBackupRestoration (2ms)
Refreshing native plugins compatible for Editor in 0.00 ms, found 0 plugins.
Preloading 0 native plugins for Editor in 0.00 ms.
Unloading 224 Unused Serialized files (Serialized files now loaded: 0)
Unloading 1 unused Assets / (22.8 KB). Loaded Objects now: 701.
Memory consumption went from 162.4 MB to 162.4 MB.
Total: 1.292084 ms (FindLiveObjects: 0.024125 ms CreateObjectMapping: 0.005000 ms MarkObjects: 1.255833 ms  DeleteObjects: 0.006959 ms)

Prepare: number of updated asset objects reloaded= 0
AssetImportParameters requested are different than current active one (requested -> active):
  custom:video-encoder-webm-vp8: eb34c28f22e8b96e1ab97ce403110664 -> 
  custom:audio-encoder-webm-vorbis: bf7c407c2cedff20999df2af8eb42d56 -> 
  custom:video-decoder-webm-vp8: 9c59270c3fd7afecdb556c50c9e8de78 -> 
  custom:container-demuxer-webm: 4f35f7cbe854078d1ac9338744f61a02 -> 
  custom:SearchIndexIgnoredProperties: e643bd26f0fe6173181afceb89e7c659 -> 
  custom:container-muxer-webm: aa71ff27fc2769a1b78a27578f13a17b -> 
  custom:framework-osx-AVFoundation: e770b220cccbd017edd2c1fefb359320 -> 
  custom:scripting/monoscript/fileName/GameManager.cs: 9933fbcc6190e2a9171c2ec8808a053e -> 
  custom:container-demuxer-ogg: 62fdf1f143b41e24485cea50d1cbac27 -> 
  custom:audio-decoder-ogg-vorbis: bf7c407c2cedff20999df2af8eb42d56 -> 
  custom:AudioImporter_EditorPlatform: 3918e3fc78b5a79bad01e8451be0beb8 -> 
  custom:video-decoder-ogg-theora: a1e56fd34408186e4bbccfd4996cb3dc -> 
  custom:scripting/precompiled-assembly-types:Assembly-CSharp: 8df4a3e55ad7ab5bf19785c95fafdcce -> 5097d79b403e7b9fa1b5737665486d2d
  custom:CustomObjectIndexerAttribute: 9a22284fe3817be447336de3de66b15e -> 
========================================================================
Received Prepare
Caller must complete domain reload
Begin MonoManager ReloadAssembly
Thread 0x301297000 may have been prematurely finalized
- Loaded All Assemblies, in  0.088 seconds
Native extension for OSXStandalone target not found
Native extension for WebGL target not found
Mono: successfully reloaded assembly
- Finished resetting the current domain, in  0.134 seconds
Domain Reload Profiling: 222ms
	BeginReloadAssembly (54ms)
		ExecutionOrderSort (0ms)
		DisableScriptedObjects (2ms)
		BackupInstance (0ms)
		ReleaseScriptingObjects (0ms)
		CreateAndSetChildDomain (11ms)
	RebuildCommonClasses (17ms)
	RebuildNativeTypeToScriptingClass (5ms)
	initialDomainReloadingComplete (8ms)
	LoadAllAssembliesAndSetupDomain (4ms)
		LoadAssemblies (24ms)
		RebuildTransferFunctionScriptingTraits (0ms)
		AnalyzeDomain (3ms)
			TypeCache.Refresh (2ms)
				TypeCache.ScanAssembly (0ms)
			ScanForSourceGeneratedMonoScriptInfo (0ms)
			ResolveRequiredComponents (1ms)
	FinalizeReload (135ms)
		ReleaseScriptCaches (0ms)
		RebuildScriptCaches (0ms)
		SetupLoadedEditorAssemblies (81ms)
			LogAssemblyErrors (0ms)
			InitializePlatformSupportModulesInManaged (2ms)
			SetLoadedEditorAssemblies (3ms)
			RefreshPlugins (0ms)
			BeforeProcessingInitializeOnLoad (12ms)
			ProcessInitializeOnLoadAttributes (55ms)
			ProcessInitializeOnLoadMethodAttributes (7ms)
			AfterProcessingInitializeOnLoad (0ms)
			EditorAssembliesLoaded (0ms)
		ExecutionOrderSort2 (0ms)
		AwakeInstancesAfterBackupRestoration (2ms)
Refreshing native plugins compatible for Editor in 0.00 ms, found 0 plugins.
Preloading 0 native plugins for Editor in 0.00 ms.
Unloading 224 Unused Serialized files (Serialized files now loaded: 0)
Unloading 1 unused Assets / (22.8 KB). Loaded Objects now: 701.
Memory consumption went from 166.0 MB to 166.0 MB.
Total: 1.322750 ms (FindLiveObjects: 0.020375 ms CreateObjectMapping: 0.004834 ms MarkObjects: 1.290834 ms  DeleteObjects: 0.006500 ms)

Prepare: number of updated asset objects reloaded= 0
AssetImportParameters requested are different than current active one (requested -> active):
  custom:video-encoder-webm-vp8: eb34c28f22e8b96e1ab97ce403110664 -> 
  custom:audio-encoder-webm-vorbis: bf7c407c2cedff20999df2af8eb42d56 -> 
  custom:video-decoder-webm-vp8: 9c59270c3fd7afecdb556c50c9e8de78 -> 
  custom:container-demuxer-webm: 4f35f7cbe854078d1ac9338744f61a02 -> 
  custom:SearchIndexIgnoredProperties: e643bd26f0fe6173181afceb89e7c659 -> 
  custom:container-muxer-webm: aa71ff27fc2769a1b78a27578f13a17b -> 
  custom:framework-osx-AVFoundation: e770b220cccbd017edd2c1fefb359320 -> 
  custom:scripting/monoscript/fileName/GameManager.cs: 9933fbcc6190e2a9171c2ec8808a053e -> 
  custom:container-demuxer-ogg: 62fdf1f143b41e24485cea50d1cbac27 -> 
  custom:audio-decoder-ogg-vorbis: bf7c407c2cedff20999df2af8eb42d56 -> 
  custom:AudioImporter_EditorPlatform: 3918e3fc78b5a79bad01e8451be0beb8 -> 
  custom:video-decoder-ogg-theora: a1e56fd34408186e4bbccfd4996cb3dc -> 
  custom:scripting/precompiled-assembly-types:Assembly-CSharp: 8df4a3e55ad7ab5bf19785c95fafdcce -> 5097d79b403e7b9fa1b5737665486d2d
  custom:CustomObjectIndexerAttribute: 9a22284fe3817be447336de3de66b15e -> 
========================================================================
Received Prepare
Caller must complete domain reload
Begin MonoManager ReloadAssembly
Thread 0x301297000 may have been prematurely finalized
- Loaded All Assemblies, in  0.087 seconds
Native extension for OSXStandalone target not found
Native extension for WebGL target not found
Mono: successfully reloaded assembly
- Finished resetting the current domain, in  0.140 seconds
Domain Reload Profiling: 228ms
	BeginReloadAssembly (53ms)
		ExecutionOrderSort (0ms)
		DisableScriptedObjects (2ms)
		BackupInstance (0ms)
		ReleaseScriptingObjects (0ms)
		CreateAndSetChildDomain (11ms)
	RebuildCommonClasses (17ms)
	RebuildNativeTypeToScriptingClass (5ms)
	initialDomainReloadingComplete (8ms)
	LoadAllAssembliesAndSetupDomain (4ms)
		LoadAssemblies (25ms)
		RebuildTransferFunctionScriptingTraits (0ms)
		AnalyzeDomain (3ms)
			TypeCache.Refresh (2ms)
				TypeCache.ScanAssembly (0ms)
			ScanForSourceGeneratedMonoScriptInfo (0ms)
			ResolveRequiredComponents (1ms)
	FinalizeReload (141ms)
		ReleaseScriptCaches (0ms)
		RebuildScriptCaches (0ms)
		SetupLoadedEditorAssemblies (82ms)
			LogAssemblyErrors (0ms)
			InitializePlatformSupportModulesInManaged (2ms)
			SetLoadedEditorAssemblies (3ms)
			RefreshPlugins (0ms)
			BeforeProcessingInitializeOnLoad (13ms)
			ProcessInitializeOnLoadAttributes (55ms)
			ProcessInitializeOnLoadMethodAttributes (8ms)
			AfterProcessingInitializeOnLoad (1ms)
			EditorAssembliesLoaded (0ms)
		ExecutionOrderSort2 (0ms)
		AwakeInstancesAfterBackupRestoration (2ms)
Refreshing native plugins compatible for Editor in 0.00 ms, found 0 plugins.
Preloading 0 native plugins for Editor in 0.00 ms.
Unloading 224 Unused Serialized files (Serialized files now loaded: 0)
Unloading 1 unused Assets / (22.7 KB). Loaded Objects now: 701.
Memory consumption went from 169.5 MB to 169.5 MB.
Total: 1.374125 ms (FindLiveObjects: 0.022250 ms CreateObjectMapping: 0.005292 ms MarkObjects: 1.337166 ms  DeleteObjects: 0.009083 ms)

Prepare: number of updated asset objects reloaded= 0
AssetImportParameters requested are different than current active one (requested -> active):
  custom:video-encoder-webm-vp8: eb34c28f22e8b96e1ab97ce403110664 -> 
  custom:audio-encoder-webm-vorbis: bf7c407c2cedff20999df2af8eb42d56 -> 
  custom:video-decoder-webm-vp8: 9c59270c3fd7afecdb556c50c9e8de78 -> 
  custom:container-demuxer-webm: 4f35f7cbe854078d1ac9338744f61a02 -> 
  custom:SearchIndexIgnoredProperties: e643bd26f0fe6173181afceb89e7c659 -> 
  custom:container-muxer-webm: aa71ff27fc2769a1b78a27578f13a17b -> 
  custom:framework-osx-AVFoundation: e770b220cccbd017edd2c1fefb359320 -> 
  custom:scripting/monoscript/fileName/GameManager.cs: 9933fbcc6190e2a9171c2ec8808a053e -> 
  custom:container-demuxer-ogg: 62fdf1f143b41e24485cea50d1cbac27 -> 
  custom:audio-decoder-ogg-vorbis: bf7c407c2cedff20999df2af8eb42d56 -> 
  custom:AudioImporter_EditorPlatform: 3918e3fc78b5a79bad01e8451be0beb8 -> 
  custom:video-decoder-ogg-theora: a1e56fd34408186e4bbccfd4996cb3dc -> 
  custom:scripting/precompiled-assembly-types:Assembly-CSharp: 8df4a3e55ad7ab5bf19785c95fafdcce -> 5097d79b403e7b9fa1b5737665486d2d
  custom:CustomObjectIndexerAttribute: 9a22284fe3817be447336de3de66b15e -> 
========================================================================
Received Prepare
Caller must complete domain reload
Begin MonoManager ReloadAssembly
Thread 0x301297000 may have been prematurely finalized
- Loaded All Assemblies, in  0.089 seconds
Native extension for OSXStandalone target not found
Native extension for WebGL target not found
Mono: successfully reloaded assembly
- Finished resetting the current domain, in  0.133 seconds
Domain Reload Profiling: 223ms
	BeginReloadAssembly (54ms)
		ExecutionOrderSort (0ms)
		DisableScriptedObjects (2ms)
		BackupInstance (0ms)
		ReleaseScriptingObjects (0ms)
		CreateAndSetChildDomain (11ms)
	RebuildCommonClasses (17ms)
	RebuildNativeTypeToScriptingClass (5ms)
	initialDomainReloadingComplete (8ms)
	LoadAllAssembliesAndSetupDomain (4ms)
		LoadAssemblies (24ms)
		RebuildTransferFunctionScriptingTraits (0ms)
		AnalyzeDomain (3ms)
			TypeCache.Refresh (2ms)
				TypeCache.ScanAssembly (0ms)
			ScanForSourceGeneratedMonoScriptInfo (0ms)
			ResolveRequiredComponents (1ms)
	FinalizeReload (134ms)
		ReleaseScriptCaches (0ms)
		RebuildScriptCaches (0ms)
		SetupLoadedEditorAssemblies (80ms)
			LogAssemblyErrors (0ms)
			InitializePlatformSupportModulesInManaged (2ms)
			SetLoadedEditorAssemblies (3ms)
			RefreshPlugins (0ms)
			BeforeProcessingInitializeOnLoad (12ms)
			ProcessInitializeOnLoadAttributes (55ms)
			ProcessInitializeOnLoadMethodAttributes (7ms)
			AfterProcessingInitializeOnLoad (0ms)
			EditorAssembliesLoaded (0ms)
		ExecutionOrderSort2 (0ms)
		AwakeInstancesAfterBackupRestoration (2ms)
Refreshing native plugins compatible for Editor in 0.00 ms, found 0 plugins.
Preloading 0 native plugins for Editor in 0.00 ms.
Unloading 224 Unused Serialized files (Serialized files now loaded: 0)
Unloading 1 unused Assets / (22.7 KB). Loaded Objects now: 701.
Memory consumption went from 173.1 MB to 173.0 MB.
Total: 1.271708 ms (FindLiveObjects: 0.021500 ms CreateObjectMapping: 0.005208 ms MarkObjects: 1.238042 ms  DeleteObjects: 0.006833 ms)

Prepare: number of updated asset objects reloaded= 0
AssetImportParameters requested are different than current active one (requested -> active):
  custom:video-encoder-webm-vp8: eb34c28f22e8b96e1ab97ce403110664 -> 
  custom:audio-encoder-webm-vorbis: bf7c407c2cedff20999df2af8eb42d56 -> 
  custom:video-decoder-webm-vp8: 9c59270c3fd7afecdb556c50c9e8de78 -> 
  custom:container-demuxer-webm: 4f35f7cbe854078d1ac9338744f61a02 -> 
  custom:SearchIndexIgnoredProperties: e643bd26f0fe6173181afceb89e7c659 -> 
  custom:container-muxer-webm: aa71ff27fc2769a1b78a27578f13a17b -> 
  custom:framework-osx-AVFoundation: e770b220cccbd017edd2c1fefb359320 -> 
  custom:scripting/monoscript/fileName/GameManager.cs: 9933fbcc6190e2a9171c2ec8808a053e -> 
  custom:container-demuxer-ogg: 62fdf1f143b41e24485cea50d1cbac27 -> 
  custom:audio-decoder-ogg-vorbis: bf7c407c2cedff20999df2af8eb42d56 -> 
  custom:AudioImporter_EditorPlatform: 3918e3fc78b5a79bad01e8451be0beb8 -> 
  custom:video-decoder-ogg-theora: a1e56fd34408186e4bbccfd4996cb3dc -> 
  custom:scripting/precompiled-assembly-types:Assembly-CSharp: 8df4a3e55ad7ab5bf19785c95fafdcce -> 5097d79b403e7b9fa1b5737665486d2d
  custom:CustomObjectIndexerAttribute: 9a22284fe3817be447336de3de66b15e -> 
========================================================================
Received Prepare
Caller must complete domain reload
Begin MonoManager ReloadAssembly
Thread 0x301297000 may have been prematurely finalized
- Loaded All Assemblies, in  0.089 seconds
Native extension for OSXStandalone target not found
Native extension for WebGL target not found
Mono: successfully reloaded assembly
- Finished resetting the current domain, in  0.138 seconds
Domain Reload Profiling: 227ms
	BeginReloadAssembly (54ms)
		ExecutionOrderSort (0ms)
		DisableScriptedObjects (2ms)
		BackupInstance (0ms)
		ReleaseScriptingObjects (0ms)
		CreateAndSetChildDomain (11ms)
	RebuildCommonClasses (17ms)
	RebuildNativeTypeToScriptingClass (5ms)
	initialDomainReloadingComplete (8ms)
	LoadAllAssembliesAndSetupDomain (5ms)
		LoadAssemblies (25ms)
		RebuildTransferFunctionScriptingTraits (0ms)
		AnalyzeDomain (4ms)
			TypeCache.Refresh (3ms)
				TypeCache.ScanAssembly (0ms)
			ScanForSourceGeneratedMonoScriptInfo (0ms)
			ResolveRequiredComponents (1ms)
	FinalizeReload (138ms)
		ReleaseScriptCaches (0ms)
		RebuildScriptCaches (0ms)
		SetupLoadedEditorAssemblies (82ms)
			LogAssemblyErrors (0ms)
			InitializePlatformSupportModulesInManaged (2ms)
			SetLoadedEditorAssemblies (3ms)
			RefreshPlugins (0ms)
			BeforeProcessingInitializeOnLoad (13ms)
			ProcessInitializeOnLoadAttributes (56ms)
			ProcessInitializeOnLoadMethodAttributes (7ms)
			AfterProcessingInitializeOnLoad (0ms)
			EditorAssembliesLoaded (0ms)
		ExecutionOrderSort2 (0ms)
		AwakeInstancesAfterBackupRestoration (2ms)
Refreshing native plugins compatible for Editor in 0.00 ms, found 0 plugins.
Preloading 0 native plugins for Editor in 0.00 ms.
Unloading 225 Unused Serialized files (Serialized files now loaded: 0)
Unloading 1 unused Assets / (22.7 KB). Loaded Objects now: 702.
Memory consumption went from 176.6 MB to 176.6 MB.
Total: 1.411417 ms (FindLiveObjects: 0.023500 ms CreateObjectMapping: 0.005666 ms MarkObjects: 1.373375 ms  DeleteObjects: 0.008708 ms)

Prepare: number of updated asset objects reloaded= 0
AssetImportParameters requested are different than current active one (requested -> active):
  custom:video-encoder-webm-vp8: eb34c28f22e8b96e1ab97ce403110664 -> 
  custom:audio-encoder-webm-vorbis: bf7c407c2cedff20999df2af8eb42d56 -> 
  custom:video-decoder-webm-vp8: 9c59270c3fd7afecdb556c50c9e8de78 -> 
  custom:scripting/monoscript/fileName/Finish.cs: ac3eb429518929f06fd882592af9fc8d -> 
  custom:container-demuxer-webm: 4f35f7cbe854078d1ac9338744f61a02 -> 
  custom:SearchIndexIgnoredProperties: e643bd26f0fe6173181afceb89e7c659 -> 
  custom:container-muxer-webm: aa71ff27fc2769a1b78a27578f13a17b -> 
  custom:framework-osx-AVFoundation: e770b220cccbd017edd2c1fefb359320 -> 
  custom:scripting/monoscript/fileName/GameManager.cs: 9933fbcc6190e2a9171c2ec8808a053e -> 
  custom:container-demuxer-ogg: 62fdf1f143b41e24485cea50d1cbac27 -> 
  custom:audio-decoder-ogg-vorbis: bf7c407c2cedff20999df2af8eb42d56 -> 
  custom:AudioImporter_EditorPlatform: 3918e3fc78b5a79bad01e8451be0beb8 -> 
  custom:video-decoder-ogg-theora: a1e56fd34408186e4bbccfd4996cb3dc -> 
  custom:scripting/precompiled-assembly-types:Assembly-CSharp: befdaf0906d251e0bc8985f95c936430 -> 5097d79b403e7b9fa1b5737665486d2d
  custom:CustomObjectIndexerAttribute: 9a22284fe3817be447336de3de66b15e -> 
========================================================================
Received Prepare
Caller must complete domain reload
Begin MonoManager ReloadAssembly
Thread 0x301297000 may have been prematurely finalized
- Loaded All Assemblies, in  0.090 seconds
Native extension for OSXStandalone target not found
Native extension for WebGL target not found
Mono: successfully reloaded assembly
- Finished resetting the current domain, in  0.137 seconds
Domain Reload Profiling: 227ms
	BeginReloadAssembly (55ms)
		ExecutionOrderSort (0ms)
		DisableScriptedObjects (2ms)
		BackupInstance (0ms)
		ReleaseScriptingObjects (0ms)
		CreateAndSetChildDomain (11ms)
	RebuildCommonClasses (17ms)
	RebuildNativeTypeToScriptingClass (5ms)
	initialDomainReloadingComplete (8ms)
	LoadAllAssembliesAndSetupDomain (5ms)
		LoadAssemblies (26ms)
		RebuildTransferFunctionScriptingTraits (0ms)
		AnalyzeDomain (4ms)
			TypeCache.Refresh (2ms)
				TypeCache.ScanAssembly (0ms)
			ScanForSourceGeneratedMonoScriptInfo (0ms)
			ResolveRequiredComponents (1ms)
	FinalizeReload (137ms)
		ReleaseScriptCaches (0ms)
		RebuildScriptCaches (0ms)
		SetupLoadedEditorAssemblies (82ms)
			LogAssemblyErrors (0ms)
			InitializePlatformSupportModulesInManaged (2ms)
			SetLoadedEditorAssemblies (3ms)
			RefreshPlugins (0ms)
			BeforeProcessingInitializeOnLoad (12ms)
			ProcessInitializeOnLoadAttributes (57ms)
			ProcessInitializeOnLoadMethodAttributes (8ms)
			AfterProcessingInitializeOnLoad (0ms)
			EditorAssembliesLoaded (0ms)
		ExecutionOrderSort2 (0ms)
		AwakeInstancesAfterBackupRestoration (2ms)
Refreshing native plugins compatible for Editor in 0.00 ms, found 0 plugins.
Preloading 0 native plugins for Editor in 0.00 ms.
Unloading 225 Unused Serialized files (Serialized files now loaded: 0)
Unloading 1 unused Assets / (22.8 KB). Loaded Objects now: 702.
Memory consumption went from 180.1 MB to 180.1 MB.
Total: 1.336292 ms (FindLiveObjects: 0.023167 ms CreateObjectMapping: 0.005250 ms MarkObjects: 1.301000 ms  DeleteObjects: 0.006792 ms)

Prepare: number of updated asset objects reloaded= 0
AssetImportParameters requested are different than current active one (requested -> active):
  custom:video-encoder-webm-vp8: eb34c28f22e8b96e1ab97ce403110664 -> 
  custom:audio-encoder-webm-vorbis: bf7c407c2cedff20999df2af8eb42d56 -> 
  custom:video-decoder-webm-vp8: 9c59270c3fd7afecdb556c50c9e8de78 -> 
  custom:scripting/monoscript/fileName/Finish.cs: ac3eb429518929f06fd882592af9fc8d -> 
  custom:container-demuxer-webm: 4f35f7cbe854078d1ac9338744f61a02 -> 
  custom:SearchIndexIgnoredProperties: e643bd26f0fe6173181afceb89e7c659 -> 
  custom:container-muxer-webm: aa71ff27fc2769a1b78a27578f13a17b -> 
  custom:framework-osx-AVFoundation: e770b220cccbd017edd2c1fefb359320 -> 
  custom:scripting/monoscript/fileName/GameManager.cs: 9933fbcc6190e2a9171c2ec8808a053e -> 
  custom:container-demuxer-ogg: 62fdf1f143b41e24485cea50d1cbac27 -> 
  custom:audio-decoder-ogg-vorbis: bf7c407c2cedff20999df2af8eb42d56 -> 
  custom:AudioImporter_EditorPlatform: 3918e3fc78b5a79bad01e8451be0beb8 -> 
  custom:video-decoder-ogg-theora: a1e56fd34408186e4bbccfd4996cb3dc -> 
  custom:scripting/precompiled-assembly-types:Assembly-CSharp: befdaf0906d251e0bc8985f95c936430 -> 5097d79b403e7b9fa1b5737665486d2d
  custom:CustomObjectIndexerAttribute: 9a22284fe3817be447336de3de66b15e -> 
========================================================================
Received Prepare
Caller must complete domain reload
Begin MonoManager ReloadAssembly
Thread 0x301297000 may have been prematurely finalized
- Loaded All Assemblies, in  0.087 seconds
Native extension for OSXStandalone target not found
Native extension for WebGL target not found
Mono: successfully reloaded assembly
- Finished resetting the current domain, in  0.134 seconds
Domain Reload Profiling: 222ms
	BeginReloadAssembly (54ms)
		ExecutionOrderSort (0ms)
		DisableScriptedObjects (2ms)
		BackupInstance (0ms)
		ReleaseScriptingObjects (0ms)
		CreateAndSetChildDomain (12ms)
	RebuildCommonClasses (17ms)
	RebuildNativeTypeToScriptingClass (5ms)
	initialDomainReloadingComplete (7ms)
	LoadAllAssembliesAndSetupDomain (4ms)
		LoadAssemblies (24ms)
		RebuildTransferFunctionScriptingTraits (0ms)
		AnalyzeDomain (3ms)
			TypeCache.Refresh (2ms)
				TypeCache.ScanAssembly (0ms)
			ScanForSourceGeneratedMonoScriptInfo (0ms)
			ResolveRequiredComponents (1ms)
	FinalizeReload (134ms)
		ReleaseScriptCaches (0ms)
		RebuildScriptCaches (0ms)
		SetupLoadedEditorAssemblies (81ms)
			LogAssemblyErrors (0ms)
			InitializePlatformSupportModulesInManaged (2ms)
			SetLoadedEditorAssemblies (3ms)
			RefreshPlugins (0ms)
			BeforeProcessingInitializeOnLoad (12ms)
			ProcessInitializeOnLoadAttributes (56ms)
			ProcessInitializeOnLoadMethodAttributes (8ms)
			AfterProcessingInitializeOnLoad (0ms)
			EditorAssembliesLoaded (0ms)
		ExecutionOrderSort2 (0ms)
		AwakeInstancesAfterBackupRestoration (2ms)
Refreshing native plugins compatible for Editor in 0.00 ms, found 0 plugins.
Preloading 0 native plugins for Editor in 0.00 ms.
Unloading 225 Unused Serialized files (Serialized files now loaded: 0)
Unloading 1 unused Assets / (22.8 KB). Loaded Objects now: 702.
Memory consumption went from 183.7 MB to 183.7 MB.
Total: 1.238667 ms (FindLiveObjects: 0.022792 ms CreateObjectMapping: 0.005209 ms MarkObjects: 1.204125 ms  DeleteObjects: 0.006334 ms)

Prepare: number of updated asset objects reloaded= 0
AssetImportParameters requested are different than current active one (requested -> active):
  custom:video-encoder-webm-vp8: eb34c28f22e8b96e1ab97ce403110664 -> 
  custom:audio-encoder-webm-vorbis: bf7c407c2cedff20999df2af8eb42d56 -> 
  custom:video-decoder-webm-vp8: 9c59270c3fd7afecdb556c50c9e8de78 -> 
  custom:scripting/monoscript/fileName/Finish.cs: ac3eb429518929f06fd882592af9fc8d -> 
  custom:container-demuxer-webm: 4f35f7cbe854078d1ac9338744f61a02 -> 
  custom:SearchIndexIgnoredProperties: e643bd26f0fe6173181afceb89e7c659 -> 
  custom:container-muxer-webm: aa71ff27fc2769a1b78a27578f13a17b -> 
  custom:framework-osx-AVFoundation: e770b220cccbd017edd2c1fefb359320 -> 
  custom:scripting/monoscript/fileName/GameManager.cs: 9933fbcc6190e2a9171c2ec8808a053e -> 
  custom:container-demuxer-ogg: 62fdf1f143b41e24485cea50d1cbac27 -> 
  custom:audio-decoder-ogg-vorbis: bf7c407c2cedff20999df2af8eb42d56 -> 
  custom:AudioImporter_EditorPlatform: 3918e3fc78b5a79bad01e8451be0beb8 -> 
  custom:video-decoder-ogg-theora: a1e56fd34408186e4bbccfd4996cb3dc -> 
  custom:scripting/precompiled-assembly-types:Assembly-CSharp: befdaf0906d251e0bc8985f95c936430 -> 5097d79b403e7b9fa1b5737665486d2d
  custom:CustomObjectIndexerAttribute: 9a22284fe3817be447336de3de66b15e -> 
========================================================================
Received Prepare
Caller must complete domain reload
Begin MonoManager ReloadAssembly
Thread 0x301297000 may have been prematurely finalized
- Loaded All Assemblies, in  0.088 seconds
Native extension for OSXStandalone target not found
Native extension for WebGL target not found
Mono: successfully reloaded assembly
- Finished resetting the current domain, in  0.135 seconds
Domain Reload Profiling: 223ms
	BeginReloadAssembly (55ms)
		ExecutionOrderSort (0ms)
		DisableScriptedObjects (2ms)
		BackupInstance (0ms)
		ReleaseScriptingObjects (0ms)
		CreateAndSetChildDomain (11ms)
	RebuildCommonClasses (17ms)
	RebuildNativeTypeToScriptingClass (5ms)
	initialDomainReloadingComplete (8ms)
	LoadAllAssembliesAndSetupDomain (4ms)
		LoadAssemblies (25ms)
		RebuildTransferFunctionScriptingTraits (0ms)
		AnalyzeDomain (3ms)
			TypeCache.Refresh (2ms)
				TypeCache.ScanAssembly (0ms)
			ScanForSourceGeneratedMonoScriptInfo (0ms)
			ResolveRequiredComponents (1ms)
	FinalizeReload (135ms)
		ReleaseScriptCaches (0ms)
		RebuildScriptCaches (0ms)
		SetupLoadedEditorAssemblies (81ms)
			LogAssemblyErrors (0ms)
			InitializePlatformSupportModulesInManaged (2ms)
			SetLoadedEditorAssemblies (3ms)
			RefreshPlugins (0ms)
			BeforeProcessingInitializeOnLoad (12ms)
			ProcessInitializeOnLoadAttributes (56ms)
			ProcessInitializeOnLoadMethodAttributes (8ms)
			AfterProcessingInitializeOnLoad (0ms)
			EditorAssembliesLoaded (0ms)
		ExecutionOrderSort2 (0ms)
		AwakeInstancesAfterBackupRestoration (2ms)
Refreshing native plugins compatible for Editor in 0.00 ms, found 0 plugins.
Preloading 0 native plugins for Editor in 0.00 ms.
Unloading 225 Unused Serialized files (Serialized files now loaded: 0)
Unloading 1 unused Assets / (22.8 KB). Loaded Objects now: 702.
Memory consumption went from 187.2 MB to 187.2 MB.
Total: 1.258791 ms (FindLiveObjects: 0.021333 ms CreateObjectMapping: 0.004834 ms MarkObjects: 1.226291 ms  DeleteObjects: 0.006000 ms)

Prepare: number of updated asset objects reloaded= 0
AssetImportParameters requested are different than current active one (requested -> active):
  custom:video-encoder-webm-vp8: eb34c28f22e8b96e1ab97ce403110664 -> 
  custom:audio-encoder-webm-vorbis: bf7c407c2cedff20999df2af8eb42d56 -> 
  custom:video-decoder-webm-vp8: 9c59270c3fd7afecdb556c50c9e8de78 -> 
  custom:scripting/monoscript/fileName/Finish.cs: ac3eb429518929f06fd882592af9fc8d -> 
  custom:container-demuxer-webm: 4f35f7cbe854078d1ac9338744f61a02 -> 
  custom:SearchIndexIgnoredProperties: e643bd26f0fe6173181afceb89e7c659 -> 
  custom:container-muxer-webm: aa71ff27fc2769a1b78a27578f13a17b -> 
  custom:framework-osx-AVFoundation: e770b220cccbd017edd2c1fefb359320 -> 
  custom:scripting/monoscript/fileName/GameManager.cs: 9933fbcc6190e2a9171c2ec8808a053e -> 
  custom:container-demuxer-ogg: 62fdf1f143b41e24485cea50d1cbac27 -> 
  custom:audio-decoder-ogg-vorbis: bf7c407c2cedff20999df2af8eb42d56 -> 
  custom:AudioImporter_EditorPlatform: 3918e3fc78b5a79bad01e8451be0beb8 -> 
  custom:video-decoder-ogg-theora: a1e56fd34408186e4bbccfd4996cb3dc -> 
  custom:scripting/precompiled-assembly-types:Assembly-CSharp: befdaf0906d251e0bc8985f95c936430 -> 5097d79b403e7b9fa1b5737665486d2d
  custom:CustomObjectIndexerAttribute: 9a22284fe3817be447336de3de66b15e -> 
========================================================================
Received Prepare
Caller must complete domain reload
Begin MonoManager ReloadAssembly
Thread 0x301297000 may have been prematurely finalized
- Loaded All Assemblies, in  0.087 seconds
Native extension for OSXStandalone target not found
Native extension for WebGL target not found
Mono: successfully reloaded assembly
- Finished resetting the current domain, in  0.136 seconds
Domain Reload Profiling: 223ms
	BeginReloadAssembly (54ms)
		ExecutionOrderSort (0ms)
		DisableScriptedObjects (2ms)
		BackupInstance (0ms)
		ReleaseScriptingObjects (0ms)
		CreateAndSetChildDomain (11ms)
	RebuildCommonClasses (17ms)
	RebuildNativeTypeToScriptingClass (5ms)
	initialDomainReloadingComplete (8ms)
	LoadAllAssembliesAndSetupDomain (4ms)
		LoadAssemblies (24ms)
		RebuildTransferFunctionScriptingTraits (0ms)
		AnalyzeDomain (3ms)
			TypeCache.Refresh (2ms)
				TypeCache.ScanAssembly (0ms)
			ScanForSourceGeneratedMonoScriptInfo (0ms)
			ResolveRequiredComponents (1ms)
	FinalizeReload (136ms)
		ReleaseScriptCaches (0ms)
		RebuildScriptCaches (0ms)
		SetupLoadedEditorAssemblies (82ms)
			LogAssemblyErrors (0ms)
			InitializePlatformSupportModulesInManaged (2ms)
			SetLoadedEditorAssemblies (3ms)
			RefreshPlugins (0ms)
			BeforeProcessingInitializeOnLoad (12ms)
			ProcessInitializeOnLoadAttributes (56ms)
			ProcessInitializeOnLoadMethodAttributes (8ms)
			AfterProcessingInitializeOnLoad (0ms)
			EditorAssembliesLoaded (0ms)
		ExecutionOrderSort2 (0ms)
		AwakeInstancesAfterBackupRestoration (2ms)
Refreshing native plugins compatible for Editor in 0.00 ms, found 0 plugins.
Preloading 0 native plugins for Editor in 0.00 ms.
Unloading 225 Unused Serialized files (Serialized files now loaded: 0)
Unloading 1 unused Assets / (22.8 KB). Loaded Objects now: 702.
Memory consumption went from 190.8 MB to 190.7 MB.
Total: 1.306041 ms (FindLiveObjects: 0.024541 ms CreateObjectMapping: 0.005375 ms MarkObjects: 1.268625 ms  DeleteObjects: 0.007458 ms)

Prepare: number of updated asset objects reloaded= 0
AssetImportParameters requested are different than current active one (requested -> active):
  custom:video-encoder-webm-vp8: eb34c28f22e8b96e1ab97ce403110664 -> 
  custom:audio-encoder-webm-vorbis: bf7c407c2cedff20999df2af8eb42d56 -> 
  custom:video-decoder-webm-vp8: 9c59270c3fd7afecdb556c50c9e8de78 -> 
  custom:scripting/monoscript/fileName/Finish.cs: ac3eb429518929f06fd882592af9fc8d -> 
  custom:container-demuxer-webm: 4f35f7cbe854078d1ac9338744f61a02 -> 
  custom:SearchIndexIgnoredProperties: e643bd26f0fe6173181afceb89e7c659 -> 
  custom:container-muxer-webm: aa71ff27fc2769a1b78a27578f13a17b -> 
  custom:framework-osx-AVFoundation: e770b220cccbd017edd2c1fefb359320 -> 
  custom:scripting/monoscript/fileName/GameManager.cs: 9933fbcc6190e2a9171c2ec8808a053e -> 
  custom:container-demuxer-ogg: 62fdf1f143b41e24485cea50d1cbac27 -> 
  custom:audio-decoder-ogg-vorbis: bf7c407c2cedff20999df2af8eb42d56 -> 
  custom:AudioImporter_EditorPlatform: 3918e3fc78b5a79bad01e8451be0beb8 -> 
  custom:video-decoder-ogg-theora: a1e56fd34408186e4bbccfd4996cb3dc -> 
  custom:scripting/precompiled-assembly-types:Assembly-CSharp: befdaf0906d251e0bc8985f95c936430 -> 5097d79b403e7b9fa1b5737665486d2d
  custom:CustomObjectIndexerAttribute: 9a22284fe3817be447336de3de66b15e -> 
========================================================================
Received Prepare
Caller must complete domain reload
Begin MonoManager ReloadAssembly
Thread 0x16f65f000 may have been prematurely finalized
- Loaded All Assemblies, in  0.119 seconds
Native extension for OSXStandalone target not found
Native extension for WebGL target not found
Mono: successfully reloaded assembly
- Finished resetting the current domain, in  0.141 seconds
Domain Reload Profiling: 260ms
	BeginReloadAssembly (81ms)
		ExecutionOrderSort (0ms)
		DisableScriptedObjects (2ms)
		BackupInstance (0ms)
		ReleaseScriptingObjects (0ms)
		CreateAndSetChildDomain (17ms)
	RebuildCommonClasses (17ms)
	RebuildNativeTypeToScriptingClass (5ms)
	initialDomainReloadingComplete (10ms)
	LoadAllAssembliesAndSetupDomain (6ms)
		LoadAssemblies (44ms)
		RebuildTransferFunctionScriptingTraits (0ms)
		AnalyzeDomain (4ms)
			TypeCache.Refresh (3ms)
				TypeCache.ScanAssembly (0ms)
			ScanForSourceGeneratedMonoScriptInfo (0ms)
			ResolveRequiredComponents (1ms)
	FinalizeReload (141ms)
		ReleaseScriptCaches (0ms)
		RebuildScriptCaches (0ms)
		SetupLoadedEditorAssemblies (83ms)
			LogAssemblyErrors (0ms)
			InitializePlatformSupportModulesInManaged (3ms)
			SetLoadedEditorAssemblies (3ms)
			RefreshPlugins (0ms)
			BeforeProcessingInitializeOnLoad (13ms)
			ProcessInitializeOnLoadAttributes (57ms)
			ProcessInitializeOnLoadMethodAttributes (8ms)
			AfterProcessingInitializeOnLoad (0ms)
			EditorAssembliesLoaded (0ms)
		ExecutionOrderSort2 (0ms)
		AwakeInstancesAfterBackupRestoration (2ms)
Refreshing native plugins compatible for Editor in 0.00 ms, found 0 plugins.
Preloading 0 native plugins for Editor in 0.00 ms.
Unloading 225 Unused Serialized files (Serialized files now loaded: 0)
Unloading 1 unused Assets / (22.7 KB). Loaded Objects now: 702.
Memory consumption went from 194.3 MB to 194.3 MB.
Total: 1.366042 ms (FindLiveObjects: 0.022334 ms CreateObjectMapping: 0.004875 ms MarkObjects: 1.326625 ms  DeleteObjects: 0.012000 ms)

Prepare: number of updated asset objects reloaded= 0
AssetImportParameters requested are different than current active one (requested -> active):
  custom:video-encoder-webm-vp8: eb34c28f22e8b96e1ab97ce403110664 -> 
  custom:audio-encoder-webm-vorbis: bf7c407c2cedff20999df2af8eb42d56 -> 
  custom:video-decoder-webm-vp8: 9c59270c3fd7afecdb556c50c9e8de78 -> 
  custom:scripting/monoscript/fileName/Finish.cs: ac3eb429518929f06fd882592af9fc8d -> 
  custom:container-demuxer-webm: 4f35f7cbe854078d1ac9338744f61a02 -> 
  custom:SearchIndexIgnoredProperties: e643bd26f0fe6173181afceb89e7c659 -> 
  custom:container-muxer-webm: aa71ff27fc2769a1b78a27578f13a17b -> 
  custom:framework-osx-AVFoundation: e770b220cccbd017edd2c1fefb359320 -> 
  custom:scripting/monoscript/fileName/GameManager.cs: 9933fbcc6190e2a9171c2ec8808a053e -> 
  custom:container-demuxer-ogg: 62fdf1f143b41e24485cea50d1cbac27 -> 
  custom:audio-decoder-ogg-vorbis: bf7c407c2cedff20999df2af8eb42d56 -> 
  custom:AudioImporter_EditorPlatform: 3918e3fc78b5a79bad01e8451be0beb8 -> 
  custom:video-decoder-ogg-theora: a1e56fd34408186e4bbccfd4996cb3dc -> 
  custom:scripting/precompiled-assembly-types:Assembly-CSharp: befdaf0906d251e0bc8985f95c936430 -> 5097d79b403e7b9fa1b5737665486d2d
  custom:CustomObjectIndexerAttribute: 9a22284fe3817be447336de3de66b15e -> 
========================================================================
Received Prepare
Caller must complete domain reload
Begin MonoManager ReloadAssembly
Thread 0x16f65f000 may have been prematurely finalized
- Loaded All Assemblies, in  0.088 seconds
Native extension for OSXStandalone target not found
Native extension for WebGL target not found
Mono: successfully reloaded assembly
- Finished resetting the current domain, in  0.140 seconds
Domain Reload Profiling: 228ms
	BeginReloadAssembly (54ms)
		ExecutionOrderSort (0ms)
		DisableScriptedObjects (2ms)
		BackupInstance (0ms)
		ReleaseScriptingObjects (0ms)
		CreateAndSetChildDomain (11ms)
	RebuildCommonClasses (17ms)
	RebuildNativeTypeToScriptingClass (5ms)
	initialDomainReloadingComplete (7ms)
	LoadAllAssembliesAndSetupDomain (5ms)
		LoadAssemblies (24ms)
		RebuildTransferFunctionScriptingTraits (0ms)
		AnalyzeDomain (4ms)
			TypeCache.Refresh (2ms)
				TypeCache.ScanAssembly (0ms)
			ScanForSourceGeneratedMonoScriptInfo (0ms)
			ResolveRequiredComponents (1ms)
	FinalizeReload (140ms)
		ReleaseScriptCaches (0ms)
		RebuildScriptCaches (0ms)
		SetupLoadedEditorAssemblies (82ms)
			LogAssemblyErrors (0ms)
			InitializePlatformSupportModulesInManaged (2ms)
			SetLoadedEditorAssemblies (3ms)
			RefreshPlugins (0ms)
			BeforeProcessingInitializeOnLoad (12ms)
			ProcessInitializeOnLoadAttributes (56ms)
			ProcessInitializeOnLoadMethodAttributes (7ms)
			AfterProcessingInitializeOnLoad (0ms)
			EditorAssembliesLoaded (0ms)
		ExecutionOrderSort2 (0ms)
		AwakeInstancesAfterBackupRestoration (2ms)
Refreshing native plugins compatible for Editor in 0.00 ms, found 0 plugins.
Preloading 0 native plugins for Editor in 0.00 ms.
Unloading 226 Unused Serialized files (Serialized files now loaded: 0)
Unloading 1 unused Assets / (22.7 KB). Loaded Objects now: 703.
Memory consumption went from 197.8 MB to 197.8 MB.
Total: 1.312542 ms (FindLiveObjects: 0.022542 ms CreateObjectMapping: 0.005166 ms MarkObjects: 1.277500 ms  DeleteObjects: 0.007167 ms)

Prepare: number of updated asset objects reloaded= 0
AssetImportParameters requested are different than current active one (requested -> active):
  custom:video-encoder-webm-vp8: eb34c28f22e8b96e1ab97ce403110664 -> 
  custom:audio-encoder-webm-vorbis: bf7c407c2cedff20999df2af8eb42d56 -> 
  custom:video-decoder-webm-vp8: 9c59270c3fd7afecdb556c50c9e8de78 -> 
  custom:scripting/monoscript/fileName/Finish.cs: ac3eb429518929f06fd882592af9fc8d -> 
  custom:container-demuxer-webm: 4f35f7cbe854078d1ac9338744f61a02 -> 
  custom:scripting/monoscript/fileName/EnemyChase.cs: 3a83095262844a2fb6b878062f338b2e -> 
  custom:SearchIndexIgnoredProperties: e643bd26f0fe6173181afceb89e7c659 -> 
  custom:container-muxer-webm: aa71ff27fc2769a1b78a27578f13a17b -> 
  custom:framework-osx-AVFoundation: e770b220cccbd017edd2c1fefb359320 -> 
  custom:scripting/monoscript/fileName/GameManager.cs: 9933fbcc6190e2a9171c2ec8808a053e -> 
  custom:container-demuxer-ogg: 62fdf1f143b41e24485cea50d1cbac27 -> 
  custom:audio-decoder-ogg-vorbis: bf7c407c2cedff20999df2af8eb42d56 -> 
  custom:AudioImporter_EditorPlatform: 3918e3fc78b5a79bad01e8451be0beb8 -> 
  custom:video-decoder-ogg-theora: a1e56fd34408186e4bbccfd4996cb3dc -> 
  custom:scripting/precompiled-assembly-types:Assembly-CSharp: 5b7335633de95e6b326860172ea5c480 -> 5097d79b403e7b9fa1b5737665486d2d
  custom:CustomObjectIndexerAttribute: 9a22284fe3817be447336de3de66b15e -> 
========================================================================
Received Prepare
Caller must complete domain reload
Begin MonoManager ReloadAssembly
Thread 0x16f65f000 may have been prematurely finalized
- Loaded All Assemblies, in  0.092 seconds
Native extension for OSXStandalone target not found
Native extension for WebGL target not found
Mono: successfully reloaded assembly
- Finished resetting the current domain, in  0.136 seconds
Domain Reload Profiling: 227ms
	BeginReloadAssembly (57ms)
		ExecutionOrderSort (0ms)
		DisableScriptedObjects (2ms)
		BackupInstance (0ms)
		ReleaseScriptingObjects (0ms)
		CreateAndSetChildDomain (13ms)
	RebuildCommonClasses (17ms)
	RebuildNativeTypeToScriptingClass (5ms)
	initialDomainReloadingComplete (8ms)
	LoadAllAssembliesAndSetupDomain (5ms)
		LoadAssemblies (25ms)
		RebuildTransferFunctionScriptingTraits (0ms)
		AnalyzeDomain (3ms)
			TypeCache.Refresh (2ms)
				TypeCache.ScanAssembly (0ms)
			ScanForSourceGeneratedMonoScriptInfo (0ms)
			ResolveRequiredComponents (1ms)
	FinalizeReload (136ms)
		ReleaseScriptCaches (0ms)
		RebuildScriptCaches (0ms)
		SetupLoadedEditorAssemblies (82ms)
			LogAssemblyErrors (0ms)
			InitializePlatformSupportModulesInManaged (2ms)
			SetLoadedEditorAssemblies (3ms)
			RefreshPlugins (0ms)
			BeforeProcessingInitializeOnLoad (12ms)
			ProcessInitializeOnLoadAttributes (56ms)
			ProcessInitializeOnLoadMethodAttributes (7ms)
			AfterProcessingInitializeOnLoad (0ms)
			EditorAssembliesLoaded (0ms)
		ExecutionOrderSort2 (0ms)
		AwakeInstancesAfterBackupRestoration (2ms)
Refreshing native plugins compatible for Editor in 0.00 ms, found 0 plugins.
Preloading 0 native plugins for Editor in 0.00 ms.
Unloading 226 Unused Serialized files (Serialized files now loaded: 0)
Unloading 1 unused Assets / (22.7 KB). Loaded Objects now: 703.
Memory consumption went from 201.4 MB to 201.3 MB.
Total: 1.349917 ms (FindLiveObjects: 0.019584 ms CreateObjectMapping: 0.004833 ms MarkObjects: 1.318000 ms  DeleteObjects: 0.007333 ms)

Prepare: number of updated asset objects reloaded= 0
AssetImportParameters requested are different than current active one (requested -> active):
  custom:video-encoder-webm-vp8: eb34c28f22e8b96e1ab97ce403110664 -> 
  custom:audio-encoder-webm-vorbis: bf7c407c2cedff20999df2af8eb42d56 -> 
  custom:video-decoder-webm-vp8: 9c59270c3fd7afecdb556c50c9e8de78 -> 
  custom:scripting/monoscript/fileName/Finish.cs: ac3eb429518929f06fd882592af9fc8d -> 
  custom:container-demuxer-webm: 4f35f7cbe854078d1ac9338744f61a02 -> 
  custom:scripting/monoscript/fileName/EnemyChase.cs: 3a83095262844a2fb6b878062f338b2e -> 
  custom:SearchIndexIgnoredProperties: e643bd26f0fe6173181afceb89e7c659 -> 
  custom:container-muxer-webm: aa71ff27fc2769a1b78a27578f13a17b -> 
  custom:framework-osx-AVFoundation: e770b220cccbd017edd2c1fefb359320 -> 
  custom:scripting/monoscript/fileName/GameManager.cs: 9933fbcc6190e2a9171c2ec8808a053e -> 
  custom:container-demuxer-ogg: 62fdf1f143b41e24485cea50d1cbac27 -> 
  custom:audio-decoder-ogg-vorbis: bf7c407c2cedff20999df2af8eb42d56 -> 
  custom:AudioImporter_EditorPlatform: 3918e3fc78b5a79bad01e8451be0beb8 -> 
  custom:video-decoder-ogg-theora: a1e56fd34408186e4bbccfd4996cb3dc -> 
  custom:scripting/precompiled-assembly-types:Assembly-CSharp: 5b7335633de95e6b326860172ea5c480 -> 5097d79b403e7b9fa1b5737665486d2d
  custom:CustomObjectIndexerAttribute: 9a22284fe3817be447336de3de66b15e -> 
========================================================================
Received Prepare
Caller must complete domain reload
Begin MonoManager ReloadAssembly
Thread 0x16f65f000 may have been prematurely finalized
- Loaded All Assemblies, in  0.089 seconds
Native extension for OSXStandalone target not found
Native extension for WebGL target not found
Mono: successfully reloaded assembly
- Finished resetting the current domain, in  0.144 seconds
Domain Reload Profiling: 234ms
	BeginReloadAssembly (56ms)
		ExecutionOrderSort (0ms)
		DisableScriptedObjects (2ms)
		BackupInstance (0ms)
		ReleaseScriptingObjects (0ms)
		CreateAndSetChildDomain (12ms)
	RebuildCommonClasses (17ms)
	RebuildNativeTypeToScriptingClass (5ms)
	initialDomainReloadingComplete (7ms)
	LoadAllAssembliesAndSetupDomain (4ms)
		LoadAssemblies (25ms)
		RebuildTransferFunctionScriptingTraits (0ms)
		AnalyzeDomain (3ms)
			TypeCache.Refresh (2ms)
				TypeCache.ScanAssembly (0ms)
			ScanForSourceGeneratedMonoScriptInfo (0ms)
			ResolveRequiredComponents (1ms)
	FinalizeReload (144ms)
		ReleaseScriptCaches (0ms)
		RebuildScriptCaches (0ms)
		SetupLoadedEditorAssemblies (84ms)
			LogAssemblyErrors (0ms)
			InitializePlatformSupportModulesInManaged (3ms)
			SetLoadedEditorAssemblies (3ms)
			RefreshPlugins (0ms)
			BeforeProcessingInitializeOnLoad (13ms)
			ProcessInitializeOnLoadAttributes (57ms)
			ProcessInitializeOnLoadMethodAttributes (8ms)
			AfterProcessingInitializeOnLoad (0ms)
			EditorAssembliesLoaded (0ms)
		ExecutionOrderSort2 (0ms)
		AwakeInstancesAfterBackupRestoration (2ms)
Refreshing native plugins compatible for Editor in 0.00 ms, found 0 plugins.
Preloading 0 native plugins for Editor in 0.00 ms.
Unloading 226 Unused Serialized files (Serialized files now loaded: 0)
Unloading 1 unused Assets / (22.8 KB). Loaded Objects now: 703.
Memory consumption went from 204.9 MB to 204.9 MB.
Total: 1.318541 ms (FindLiveObjects: 0.021958 ms CreateObjectMapping: 0.005083 ms MarkObjects: 1.282625 ms  DeleteObjects: 0.008584 ms)

Prepare: number of updated asset objects reloaded= 0
AssetImportParameters requested are different than current active one (requested -> active):
  custom:video-encoder-webm-vp8: eb34c28f22e8b96e1ab97ce403110664 -> 
  custom:audio-encoder-webm-vorbis: bf7c407c2cedff20999df2af8eb42d56 -> 
  custom:video-decoder-webm-vp8: 9c59270c3fd7afecdb556c50c9e8de78 -> 
  custom:scripting/monoscript/fileName/Finish.cs: ac3eb429518929f06fd882592af9fc8d -> 
  custom:container-demuxer-webm: 4f35f7cbe854078d1ac9338744f61a02 -> 
  custom:scripting/monoscript/fileName/EnemyChase.cs: 3a83095262844a2fb6b878062f338b2e -> 
  custom:SearchIndexIgnoredProperties: e643bd26f0fe6173181afceb89e7c659 -> 
  custom:container-muxer-webm: aa71ff27fc2769a1b78a27578f13a17b -> 
  custom:framework-osx-AVFoundation: e770b220cccbd017edd2c1fefb359320 -> 
  custom:scripting/monoscript/fileName/GameManager.cs: 9933fbcc6190e2a9171c2ec8808a053e -> 
  custom:container-demuxer-ogg: 62fdf1f143b41e24485cea50d1cbac27 -> 
  custom:audio-decoder-ogg-vorbis: bf7c407c2cedff20999df2af8eb42d56 -> 
  custom:AudioImporter_EditorPlatform: 3918e3fc78b5a79bad01e8451be0beb8 -> 
  custom:video-decoder-ogg-theora: a1e56fd34408186e4bbccfd4996cb3dc -> 
  custom:scripting/precompiled-assembly-types:Assembly-CSharp: 5b7335633de95e6b326860172ea5c480 -> 5097d79b403e7b9fa1b5737665486d2d
  custom:CustomObjectIndexerAttribute: 9a22284fe3817be447336de3de66b15e -> 
========================================================================
Received Import Request.
  Time since last request: 612650.530328 seconds.
  path: Assets/Scripts/PlayerMovement.cs
  artifactKey: Guid(75114985133a042d48861221f8f962cd) Importer(2089858483,0ecaa5967403d082aa24f35e1b516d23)
Start importing Assets/Scripts/PlayerMovement.cs using Guid(75114985133a042d48861221f8f962cd) Importer(2089858483,0ecaa5967403d082aa24f35e1b516d23) [PhysX] Initialized MultithreadedTaskDispatcher with 10 workers.
 -> (artifact id: 'd43a1d96220446f20ea03aef4aebaf2f') in 0.084189 seconds
Number of updated asset objects reloaded before import = 0
Number of asset objects unloaded after import = 1
========================================================================
Received Import Request.
  Time since last request: 0.000030 seconds.
  path: Assets/Scripts/EnemyChase.cs
  artifactKey: Guid(61a35bd8d90d54eb3acaa2004466d241) Importer(2089858483,0ecaa5967403d082aa24f35e1b516d23)
Start importing Assets/Scripts/EnemyChase.cs using Guid(61a35bd8d90d54eb3acaa2004466d241) Importer(2089858483,0ecaa5967403d082aa24f35e1b516d23) [PhysX] Initialized MultithreadedTaskDispatcher with 10 workers.
 -> (artifact id: '9ad17b5ce7405ddc20489da72318e135') in 0.001617 seconds
Number of updated asset objects reloaded before import = 0
Number of asset objects unloaded after import = 1
========================================================================
Received Import Request.
  Time since last request: 0.000056 seconds.
  path: Assets/Objects/Coin.prefab
  artifactKey: Guid(040eacafa16064fbabf343a3af255ac4) Importer(2089858483,0ecaa5967403d082aa24f35e1b516d23)
Start importing Assets/Objects/Coin.prefab using Guid(040eacafa16064fbabf343a3af255ac4) Importer(2089858483,0ecaa5967403d082aa24f35e1b516d23) [PhysX] Initialized MultithreadedTaskDispatcher with 10 workers.
 -> (artifact id: 'a1e0e073327f72cbd82841813792648d') in 0.001254 seconds
Number of updated asset objects reloaded before import = 0
Number of asset objects unloaded after import = 0
========================================================================
Received Import Request.
  Time since last request: 0.000127 seconds.
  path: Assets/Scripts/GameManager.cs
  artifactKey: Guid(0a9523df56c9f4a9683f7623e375a058) Importer(2089858483,0ecaa5967403d082aa24f35e1b516d23)
Start importing Assets/Scripts/GameManager.cs using Guid(0a9523df56c9f4a9683f7623e375a058) Importer(2089858483,0ecaa5967403d082aa24f35e1b516d23) [PhysX] Initialized MultithreadedTaskDispatcher with 10 workers.
 -> (artifact id: '190f7e09944dba1972a623cb22044685') in 0.001556 seconds
Number of updated asset objects reloaded before import = 0
Number of asset objects unloaded after import = 1
========================================================================
Received Import Request.
  Time since last request: 0.000084 seconds.
  path: Assets/Scripts/CoinSpawner.cs
  artifactKey: Guid(37dcc82b5ee14422fa9a15c4989fbc71) Importer(2089858483,0ecaa5967403d082aa24f35e1b516d23)
Start importing Assets/Scripts/CoinSpawner.cs using Guid(37dcc82b5ee14422fa9a15c4989fbc71) Importer(2089858483,0ecaa5967403d082aa24f35e1b516d23) [PhysX] Initialized MultithreadedTaskDispatcher with 10 workers.
 -> (artifact id: '5fd0569fc63b7c39fdc0cb25b637e0f4') in 0.001476 seconds
Number of updated asset objects reloaded before import = 0
Number of asset objects unloaded after import = 1
========================================================================
Received Prepare
Caller must complete domain reload
Begin MonoManager ReloadAssembly
Thread 0x16f65f000 may have been prematurely finalized
- Loaded All Assemblies, in  0.109 seconds
Native extension for OSXStandalone target not found
Native extension for WebGL target not found
Mono: successfully reloaded assembly
- Finished resetting the current domain, in  0.142 seconds
Domain Reload Profiling: 252ms
	BeginReloadAssembly (67ms)
		ExecutionOrderSort (0ms)
		DisableScriptedObjects (2ms)
		BackupInstance (0ms)
		ReleaseScriptingObjects (0ms)
		CreateAndSetChildDomain (16ms)
	RebuildCommonClasses (18ms)
	RebuildNativeTypeToScriptingClass (5ms)
	initialDomainReloadingComplete (9ms)
	LoadAllAssembliesAndSetupDomain (10ms)
		LoadAssemblies (35ms)
		RebuildTransferFunctionScriptingTraits (0ms)
		AnalyzeDomain (6ms)
			TypeCache.Refresh (4ms)
				TypeCache.ScanAssembly (1ms)
			ScanForSourceGeneratedMonoScriptInfo (1ms)
			ResolveRequiredComponents (1ms)
	FinalizeReload (142ms)
		ReleaseScriptCaches (0ms)
		RebuildScriptCaches (0ms)
		SetupLoadedEditorAssemblies (86ms)
			LogAssemblyErrors (0ms)
			InitializePlatformSupportModulesInManaged (2ms)
			SetLoadedEditorAssemblies (3ms)
			RefreshPlugins (0ms)
			BeforeProcessingInitializeOnLoad (14ms)
			ProcessInitializeOnLoadAttributes (58ms)
			ProcessInitializeOnLoadMethodAttributes (8ms)
			AfterProcessingInitializeOnLoad (0ms)
			EditorAssembliesLoaded (0ms)
		ExecutionOrderSort2 (0ms)
		AwakeInstancesAfterBackupRestoration (2ms)
Refreshing native plugins compatible for Editor in 0.00 ms, found 0 plugins.
Preloading 0 native plugins for Editor in 0.00 ms.
Unloading 270 Unused Serialized files (Serialized files now loaded: 0)
Unloading 1 unused Assets / (22.7 KB). Loaded Objects now: 748.
Memory consumption went from 210.2 MB to 210.1 MB.
Total: 1.582125 ms (FindLiveObjects: 0.025458 ms CreateObjectMapping: 0.005834 ms MarkObjects: 1.526708 ms  DeleteObjects: 0.023625 ms)

Prepare: number of updated asset objects reloaded= 0
AssetImportParameters requested are different than current active one (requested -> active):
  custom:video-encoder-webm-vp8: eb34c28f22e8b96e1ab97ce403110664 -> 
  custom:video-decoder-webm-vp8: 9c59270c3fd7afecdb556c50c9e8de78 -> 
  custom:scripting/monoscript/fileName/NavigationWindow.cs: 7884404b71178f59d8819c380b951d7c -> 
  custom:scripting/monoscript/fileName/Finish.cs: ac3eb429518929f06fd882592af9fc8d -> 
  custom:scripting/monoscript/fileName/NavMeshModifierVolumeEditor.cs: 262a50135a116189426aa01c964a744c -> 
  custom:scripting/monoscript/fileName/NavigationPreferences.cs: ada9399a4f085d4c824cc06527e7fcae -> 
  custom:scripting/monoscript/fileName/BuiltInToNavMeshSurfaceConverterContainer.cs: c40a906f9f99ea8a6c5aaa215767017f -> 
  custom:scripting/monoscript/fileName/NavMeshSceneConverter.cs: baf486a1c1cdf03a3111dd113d13c2f4 -> 
  custom:scripting/monoscript/fileName/NavMeshSurface.cs: 34aebd278d8d3d5db6b23265b9c700f9 -> 
  custom:scripting/precompiled-assembly-types:Unity.AI.Navigation.Editor: 7eaf38f66973fde07200cf372b24130e -> 
  custom:scripting/monoscript/fileName/NavMeshAssetManager.cs: 79eb4858c2054289cd611249ab36b0a5 -> 
  custom:framework-osx-AVFoundation: e770b220cccbd017edd2c1fefb359320 -> 
  custom:scripting/monoscript/fileName/NavigationOverlay.cs: 2744f4e7946ebbb71339c9b1ce538d00 -> 
  custom:scripting/monoscript/fileName/GameManager.cs: 9933fbcc6190e2a9171c2ec8808a053e -> 
  custom:scripting/monoscript/fileName/HelpUrls.cs: c1a90585e3e9c9d25f58f9141655f24f -> 
  custom:scripting/monoscript/fileName/EditorStyles.cs: 86b9f4d8fe570a8d8295bfc466c975cf -> 
  custom:audio-decoder-ogg-vorbis: bf7c407c2cedff20999df2af8eb42d56 -> 
  custom:video-decoder-ogg-theora: a1e56fd34408186e4bbccfd4996cb3dc -> 
  custom:scripting/monoscript/fileName/ObsoleteNavigationWindowMenuEntry.cs: c7f73386e6473f401a8e4151cac4e1e5 -> 
  custom:scripting/precompiled-assembly-types:Assembly-CSharp: 5b7335633de95e6b326860172ea5c480 -> 5097d79b403e7b9fa1b5737665486d2d
  custom:scripting/precompiled-assembly-types:Unity.AI.Navigation.Editor.ConversionSystem: 27c718e5de2659aeeb663e092dc21158 -> 
  custom:scripting/precompiled-assembly-types:Unity.AI.Navigation: 5d8fa505e3253b9a2a456e2c28a1afb3 -> 
  custom:scripting/monoscript/fileName/SystemConvertersEditor.cs: c127c1335f24b77ca70195bf2136c6a2 -> 
  custom:scripting/monoscript/fileName/NavMeshSurfaceEditor.cs: adb1294e971eab992abc2e3e7e051565 -> 
  custom:audio-encoder-webm-vorbis: bf7c407c2cedff20999df2af8eb42d56 -> 
  custom:scripting/monoscript/fileName/InitializeConverterContext.cs: a97e19589a5774cdc2a34a28caea355f -> 
  custom:scripting/monoscript/fileName/SystemConverterContainer.cs: eb4026ea01a117ce0888f693e9eed2cd -> 
  custom:scripting/monoscript/fileName/NavMeshComponentsGUIUtility.cs: 08c52049b94db52661003d42fda4ecff -> 
  custom:container-demuxer-webm: 4f35f7cbe854078d1ac9338744f61a02 -> 
  custom:scripting/monoscript/fileName/EnemyChase.cs: 3a83095262844a2fb6b878062f338b2e -> 
  custom:scripting/monoscript/fileName/NavMeshModifierEditor.cs: b8675d28116f43f78881455a7301fe8c -> 
  custom:SearchIndexIgnoredProperties: e643bd26f0fe6173181afceb89e7c659 -> 
  custom:scripting/monoscript/fileName/ConverterItemInfo.cs: 9fb131dfa28a9ed6b6d00fd9cf83ece4 -> 
  custom:scripting/monoscript/fileName/NavMeshModifierVolume.cs: 8dc531216c72b86c60b86e16ff3da10b -> 
  custom:scripting/monoscript/fileName/ConverterItemDescriptor.cs: 8182050d34c5cb602eb7913435a7abee -> 
  custom:scripting/monoscript/fileName/SystemConverter.cs: c748d1769fc66e95256254a1cc1497f3 -> 
  custom:scripting/monoscript/fileName/NavMeshUpdaterUtility.cs: 5eb03802e6dba19b3e13aaf384805cac -> 
  custom:scripting/precompiled-assembly-types:Unity.AI.Navigation.Updater: d2095ddf03fd615830d6dacf5841450d -> 
  custom:scripting/monoscript/fileName/NavMeshUpdaterEditor.cs: 169704080eda430978bba61ddedeb304 -> 
  custom:container-muxer-webm: aa71ff27fc2769a1b78a27578f13a17b -> 
  custom:container-demuxer-ogg: 62fdf1f143b41e24485cea50d1cbac27 -> 
  custom:scripting/monoscript/fileName/NavMeshLinkEditor.cs: aed8ae070d922149bb2ba3de06889ff6 -> 
  custom:AudioImporter_EditorPlatform: 3918e3fc78b5a79bad01e8451be0beb8 -> 
  custom:scripting/monoscript/fileName/RunItemContext.cs: 338b2243183036c2b60f94c1b5e817c5 -> 
  custom:scripting/monoscript/fileName/NavMeshLink.cs: 0b3d0eeb07ab57d259e8f9365538df09 -> 
  custom:CustomObjectIndexerAttribute: 9a22284fe3817be447336de3de66b15e -> 
  custom:scripting/monoscript/fileName/NavMeshModifier.cs: 99ae5ed91bb784edc4f8312d7de046da -> 
========================================================================
Received Prepare
Caller must complete domain reload
Begin MonoManager ReloadAssembly
Thread 0x16f65f000 may have been prematurely finalized
- Loaded All Assemblies, in  0.113 seconds
Native extension for OSXStandalone target not found
Native extension for WebGL target not found
Mono: successfully reloaded assembly
- Finished resetting the current domain, in  0.150 seconds
Domain Reload Profiling: 263ms
	BeginReloadAssembly (71ms)
		ExecutionOrderSort (0ms)
		DisableScriptedObjects (3ms)
		BackupInstance (0ms)
		ReleaseScriptingObjects (0ms)
		CreateAndSetChildDomain (20ms)
	RebuildCommonClasses (18ms)
	RebuildNativeTypeToScriptingClass (5ms)
	initialDomainReloadingComplete (12ms)
	LoadAllAssembliesAndSetupDomain (6ms)
		LoadAssemblies (30ms)
		RebuildTransferFunctionScriptingTraits (0ms)
		AnalyzeDomain (5ms)
			TypeCache.Refresh (3ms)
				TypeCache.ScanAssembly (0ms)
			ScanForSourceGeneratedMonoScriptInfo (0ms)
			ResolveRequiredComponents (1ms)
	FinalizeReload (150ms)
		ReleaseScriptCaches (0ms)
		RebuildScriptCaches (0ms)
		SetupLoadedEditorAssemblies (86ms)
			LogAssemblyErrors (0ms)
			InitializePlatformSupportModulesInManaged (2ms)
			SetLoadedEditorAssemblies (3ms)
			RefreshPlugins (0ms)
			BeforeProcessingInitializeOnLoad (13ms)
			ProcessInitializeOnLoadAttributes (59ms)
			ProcessInitializeOnLoadMethodAttributes (8ms)
			AfterProcessingInitializeOnLoad (0ms)
			EditorAssembliesLoaded (0ms)
		ExecutionOrderSort2 (0ms)
		AwakeInstancesAfterBackupRestoration (2ms)
Refreshing native plugins compatible for Editor in 0.00 ms, found 0 plugins.
Preloading 0 native plugins for Editor in 0.00 ms.
Unloading 271 Unused Serialized files (Serialized files now loaded: 0)
Unloading 1 unused Assets / (22.7 KB). Loaded Objects now: 748.
Memory consumption went from 213.9 MB to 213.9 MB.
Total: 1.470209 ms (FindLiveObjects: 0.024292 ms CreateObjectMapping: 0.005458 ms MarkObjects: 1.426500 ms  DeleteObjects: 0.013750 ms)

Prepare: number of updated asset objects reloaded= 0
AssetImportParameters requested are different than current active one (requested -> active):
  custom:video-encoder-webm-vp8: eb34c28f22e8b96e1ab97ce403110664 -> 
  custom:video-decoder-webm-vp8: 9c59270c3fd7afecdb556c50c9e8de78 -> 
  custom:scripting/monoscript/fileName/NavigationWindow.cs: 7884404b71178f59d8819c380b951d7c -> 
  custom:scripting/monoscript/fileName/Finish.cs: ac3eb429518929f06fd882592af9fc8d -> 
  custom:scripting/monoscript/fileName/NavMeshModifierVolumeEditor.cs: 262a50135a116189426aa01c964a744c -> 
  custom:scripting/monoscript/fileName/NavigationPreferences.cs: ada9399a4f085d4c824cc06527e7fcae -> 
  custom:scripting/monoscript/fileName/BuiltInToNavMeshSurfaceConverterContainer.cs: c40a906f9f99ea8a6c5aaa215767017f -> 
  custom:scripting/monoscript/fileName/NavMeshSceneConverter.cs: baf486a1c1cdf03a3111dd113d13c2f4 -> 
  custom:scripting/monoscript/fileName/NavMeshSurface.cs: 34aebd278d8d3d5db6b23265b9c700f9 -> 
  custom:scripting/precompiled-assembly-types:Unity.AI.Navigation.Editor: 7eaf38f66973fde07200cf372b24130e -> 
  custom:scripting/monoscript/fileName/NavMeshAssetManager.cs: 79eb4858c2054289cd611249ab36b0a5 -> 
  custom:framework-osx-AVFoundation: e770b220cccbd017edd2c1fefb359320 -> 
  custom:scripting/monoscript/fileName/NavigationOverlay.cs: 2744f4e7946ebbb71339c9b1ce538d00 -> 
  custom:scripting/monoscript/fileName/GameManager.cs: 9933fbcc6190e2a9171c2ec8808a053e -> 
  custom:scripting/monoscript/fileName/HelpUrls.cs: c1a90585e3e9c9d25f58f9141655f24f -> 
  custom:scripting/monoscript/fileName/EditorStyles.cs: 86b9f4d8fe570a8d8295bfc466c975cf -> 
  custom:audio-decoder-ogg-vorbis: bf7c407c2cedff20999df2af8eb42d56 -> 
  custom:video-decoder-ogg-theora: a1e56fd34408186e4bbccfd4996cb3dc -> 
  custom:scripting/monoscript/fileName/ObsoleteNavigationWindowMenuEntry.cs: c7f73386e6473f401a8e4151cac4e1e5 -> 
  custom:scripting/precompiled-assembly-types:Assembly-CSharp: 5b7335633de95e6b326860172ea5c480 -> 5097d79b403e7b9fa1b5737665486d2d
  custom:scripting/precompiled-assembly-types:Unity.AI.Navigation.Editor.ConversionSystem: 27c718e5de2659aeeb663e092dc21158 -> 
  custom:scripting/precompiled-assembly-types:Unity.AI.Navigation: 5d8fa505e3253b9a2a456e2c28a1afb3 -> 
  custom:scripting/monoscript/fileName/SystemConvertersEditor.cs: c127c1335f24b77ca70195bf2136c6a2 -> 
  custom:scripting/monoscript/fileName/NavMeshSurfaceEditor.cs: adb1294e971eab992abc2e3e7e051565 -> 
  custom:audio-encoder-webm-vorbis: bf7c407c2cedff20999df2af8eb42d56 -> 
  custom:scripting/monoscript/fileName/InitializeConverterContext.cs: a97e19589a5774cdc2a34a28caea355f -> 
  custom:scripting/monoscript/fileName/SystemConverterContainer.cs: eb4026ea01a117ce0888f693e9eed2cd -> 
  custom:scripting/monoscript/fileName/NavMeshComponentsGUIUtility.cs: 08c52049b94db52661003d42fda4ecff -> 
  custom:container-demuxer-webm: 4f35f7cbe854078d1ac9338744f61a02 -> 
  custom:scripting/monoscript/fileName/EnemyChase.cs: 3a83095262844a2fb6b878062f338b2e -> 
  custom:scripting/monoscript/fileName/NavMeshModifierEditor.cs: b8675d28116f43f78881455a7301fe8c -> 
  custom:SearchIndexIgnoredProperties: e643bd26f0fe6173181afceb89e7c659 -> 
  custom:scripting/monoscript/fileName/ConverterItemInfo.cs: 9fb131dfa28a9ed6b6d00fd9cf83ece4 -> 
  custom:scripting/monoscript/fileName/NavMeshModifierVolume.cs: 8dc531216c72b86c60b86e16ff3da10b -> 
  custom:scripting/monoscript/fileName/ConverterItemDescriptor.cs: 8182050d34c5cb602eb7913435a7abee -> 
  custom:scripting/monoscript/fileName/SystemConverter.cs: c748d1769fc66e95256254a1cc1497f3 -> 
  custom:scripting/monoscript/fileName/NavMeshUpdaterUtility.cs: 5eb03802e6dba19b3e13aaf384805cac -> 
  custom:scripting/precompiled-assembly-types:Unity.AI.Navigation.Updater: d2095ddf03fd615830d6dacf5841450d -> 
  custom:scripting/monoscript/fileName/NavMeshUpdaterEditor.cs: 169704080eda430978bba61ddedeb304 -> 
  custom:container-muxer-webm: aa71ff27fc2769a1b78a27578f13a17b -> 
  custom:container-demuxer-ogg: 62fdf1f143b41e24485cea50d1cbac27 -> 
  custom:scripting/monoscript/fileName/NavMeshLinkEditor.cs: aed8ae070d922149bb2ba3de06889ff6 -> 
  custom:AudioImporter_EditorPlatform: 3918e3fc78b5a79bad01e8451be0beb8 -> 
  custom:scripting/monoscript/fileName/RunItemContext.cs: 338b2243183036c2b60f94c1b5e817c5 -> 
  custom:scripting/monoscript/fileName/NavMeshLink.cs: 0b3d0eeb07ab57d259e8f9365538df09 -> 
  custom:CustomObjectIndexerAttribute: 9a22284fe3817be447336de3de66b15e -> 
  custom:scripting/monoscript/fileName/NavMeshModifier.cs: 99ae5ed91bb784edc4f8312d7de046da -> 
========================================================================
Received Import Request.
  Time since last request: 482.355280 seconds.
  path: Assets/Scripts/EnemyChase.cs
  artifactKey: Guid(61a35bd8d90d54eb3acaa2004466d241) Importer(815301076,1909f56bfc062723c751e8b465ee728b)
Start importing Assets/Scripts/EnemyChase.cs using Guid(61a35bd8d90d54eb3acaa2004466d241) Importer(815301076,1909f56bfc062723c751e8b465ee728b) [PhysX] Initialized MultithreadedTaskDispatcher with 10 workers.
 -> (artifact id: '77207b0783efb61681b62221c466f1b3') in 0.000693 seconds
Number of updated asset objects reloaded before import = 0
Number of asset objects unloaded after import = 0
========================================================================
Received Prepare
Caller must complete domain reload
Begin MonoManager ReloadAssembly
Thread 0x16f65f000 may have been prematurely finalized
- Loaded All Assemblies, in  0.090 seconds
Native extension for OSXStandalone target not found
Native extension for WebGL target not found
Mono: successfully reloaded assembly
- Finished resetting the current domain, in  0.139 seconds
Domain Reload Profiling: 229ms
	BeginReloadAssembly (56ms)
		ExecutionOrderSort (0ms)
		DisableScriptedObjects (2ms)
		BackupInstance (0ms)
		ReleaseScriptingObjects (0ms)
		CreateAndSetChildDomain (13ms)
	RebuildCommonClasses (17ms)
	RebuildNativeTypeToScriptingClass (6ms)
	initialDomainReloadingComplete (8ms)
	LoadAllAssembliesAndSetupDomain (4ms)
		LoadAssemblies (25ms)
		RebuildTransferFunctionScriptingTraits (0ms)
		AnalyzeDomain (3ms)
			TypeCache.Refresh (2ms)
				TypeCache.ScanAssembly (0ms)
			ScanForSourceGeneratedMonoScriptInfo (0ms)
			ResolveRequiredComponents (1ms)
	FinalizeReload (139ms)
		ReleaseScriptCaches (0ms)
		RebuildScriptCaches (0ms)
		SetupLoadedEditorAssemblies (83ms)
			LogAssemblyErrors (0ms)
			InitializePlatformSupportModulesInManaged (2ms)
			SetLoadedEditorAssemblies (3ms)
			RefreshPlugins (0ms)
			BeforeProcessingInitializeOnLoad (13ms)
			ProcessInitializeOnLoadAttributes (57ms)
			ProcessInitializeOnLoadMethodAttributes (8ms)
			AfterProcessingInitializeOnLoad (0ms)
			EditorAssembliesLoaded (0ms)
		ExecutionOrderSort2 (0ms)
		AwakeInstancesAfterBackupRestoration (2ms)
Refreshing native plugins compatible for Editor in 0.00 ms, found 0 plugins.
Preloading 0 native plugins for Editor in 0.00 ms.
Unloading 270 Unused Serialized files (Serialized files now loaded: 0)
Unloading 1 unused Assets / (22.7 KB). Loaded Objects now: 748.
Memory consumption went from 217.2 MB to 217.2 MB.
Total: 1.372042 ms (FindLiveObjects: 0.026333 ms CreateObjectMapping: 0.006250 ms MarkObjects: 1.332000 ms  DeleteObjects: 0.007250 ms)

Prepare: number of updated asset objects reloaded= 0
AssetImportParameters requested are different than current active one (requested -> active):
  custom:video-encoder-webm-vp8: eb34c28f22e8b96e1ab97ce403110664 -> 
  custom:video-decoder-webm-vp8: 9c59270c3fd7afecdb556c50c9e8de78 -> 
  custom:scripting/monoscript/fileName/NavigationWindow.cs: 7884404b71178f59d8819c380b951d7c -> 
  custom:scripting/monoscript/fileName/Finish.cs: ac3eb429518929f06fd882592af9fc8d -> 
  custom:scripting/monoscript/fileName/NavMeshModifierVolumeEditor.cs: 262a50135a116189426aa01c964a744c -> 
  custom:scripting/monoscript/fileName/NavigationPreferences.cs: ada9399a4f085d4c824cc06527e7fcae -> 
  custom:scripting/monoscript/fileName/BuiltInToNavMeshSurfaceConverterContainer.cs: c40a906f9f99ea8a6c5aaa215767017f -> 
  custom:scripting/monoscript/fileName/NavMeshSceneConverter.cs: baf486a1c1cdf03a3111dd113d13c2f4 -> 
  custom:scripting/monoscript/fileName/NavMeshSurface.cs: 34aebd278d8d3d5db6b23265b9c700f9 -> 
  custom:scripting/precompiled-assembly-types:Unity.AI.Navigation.Editor: 7eaf38f66973fde07200cf372b24130e -> 
  custom:scripting/monoscript/fileName/NavMeshAssetManager.cs: 79eb4858c2054289cd611249ab36b0a5 -> 
  custom:framework-osx-AVFoundation: e770b220cccbd017edd2c1fefb359320 -> 
  custom:scripting/monoscript/fileName/NavigationOverlay.cs: 2744f4e7946ebbb71339c9b1ce538d00 -> 
  custom:scripting/monoscript/fileName/GameManager.cs: 9933fbcc6190e2a9171c2ec8808a053e -> 
  custom:scripting/monoscript/fileName/HelpUrls.cs: c1a90585e3e9c9d25f58f9141655f24f -> 
  custom:scripting/monoscript/fileName/EditorStyles.cs: 86b9f4d8fe570a8d8295bfc466c975cf -> 
  custom:audio-decoder-ogg-vorbis: bf7c407c2cedff20999df2af8eb42d56 -> 
  custom:video-decoder-ogg-theora: a1e56fd34408186e4bbccfd4996cb3dc -> 
  custom:scripting/monoscript/fileName/ObsoleteNavigationWindowMenuEntry.cs: c7f73386e6473f401a8e4151cac4e1e5 -> 
  custom:scripting/precompiled-assembly-types:Assembly-CSharp: 5b7335633de95e6b326860172ea5c480 -> 5097d79b403e7b9fa1b5737665486d2d
  custom:scripting/precompiled-assembly-types:Unity.AI.Navigation.Editor.ConversionSystem: 27c718e5de2659aeeb663e092dc21158 -> 
  custom:scripting/precompiled-assembly-types:Unity.AI.Navigation: 5d8fa505e3253b9a2a456e2c28a1afb3 -> 
  custom:scripting/monoscript/fileName/SystemConvertersEditor.cs: c127c1335f24b77ca70195bf2136c6a2 -> 
  custom:scripting/monoscript/fileName/NavMeshSurfaceEditor.cs: adb1294e971eab992abc2e3e7e051565 -> 
  custom:audio-encoder-webm-vorbis: bf7c407c2cedff20999df2af8eb42d56 -> 
  custom:scripting/monoscript/fileName/InitializeConverterContext.cs: a97e19589a5774cdc2a34a28caea355f -> 
  custom:scripting/monoscript/fileName/SystemConverterContainer.cs: eb4026ea01a117ce0888f693e9eed2cd -> 
  custom:scripting/monoscript/fileName/NavMeshComponentsGUIUtility.cs: 08c52049b94db52661003d42fda4ecff -> 
  custom:container-demuxer-webm: 4f35f7cbe854078d1ac9338744f61a02 -> 
  custom:scripting/monoscript/fileName/EnemyChase.cs: 3a83095262844a2fb6b878062f338b2e -> 
  custom:scripting/monoscript/fileName/NavMeshModifierEditor.cs: b8675d28116f43f78881455a7301fe8c -> 
  custom:SearchIndexIgnoredProperties: e643bd26f0fe6173181afceb89e7c659 -> 
  custom:scripting/monoscript/fileName/ConverterItemInfo.cs: 9fb131dfa28a9ed6b6d00fd9cf83ece4 -> 
  custom:scripting/monoscript/fileName/NavMeshModifierVolume.cs: 8dc531216c72b86c60b86e16ff3da10b -> 
  custom:scripting/monoscript/fileName/ConverterItemDescriptor.cs: 8182050d34c5cb602eb7913435a7abee -> 
  custom:scripting/monoscript/fileName/SystemConverter.cs: c748d1769fc66e95256254a1cc1497f3 -> 
  custom:scripting/monoscript/fileName/NavMeshUpdaterUtility.cs: 5eb03802e6dba19b3e13aaf384805cac -> 
  custom:scripting/precompiled-assembly-types:Unity.AI.Navigation.Updater: d2095ddf03fd615830d6dacf5841450d -> 
  custom:scripting/monoscript/fileName/NavMeshUpdaterEditor.cs: 169704080eda430978bba61ddedeb304 -> 
  custom:container-muxer-webm: aa71ff27fc2769a1b78a27578f13a17b -> 
  custom:container-demuxer-ogg: 62fdf1f143b41e24485cea50d1cbac27 -> 
  custom:scripting/monoscript/fileName/NavMeshLinkEditor.cs: aed8ae070d922149bb2ba3de06889ff6 -> 
  custom:AudioImporter_EditorPlatform: 3918e3fc78b5a79bad01e8451be0beb8 -> 
  custom:scripting/monoscript/fileName/RunItemContext.cs: 338b2243183036c2b60f94c1b5e817c5 -> 
  custom:scripting/monoscript/fileName/NavMeshLink.cs: 0b3d0eeb07ab57d259e8f9365538df09 -> 
  custom:CustomObjectIndexerAttribute: 9a22284fe3817be447336de3de66b15e -> 
  custom:scripting/monoscript/fileName/NavMeshModifier.cs: 99ae5ed91bb784edc4f8312d7de046da -> 
========================================================================
Received Prepare
Caller must complete domain reload
Begin MonoManager ReloadAssembly
Thread 0x16f65f000 may have been prematurely finalized
- Loaded All Assemblies, in  0.109 seconds
Native extension for OSXStandalone target not found
Native extension for WebGL target not found
Mono: successfully reloaded assembly
- Finished resetting the current domain, in  0.145 seconds
Domain Reload Profiling: 254ms
	BeginReloadAssembly (72ms)
		ExecutionOrderSort (0ms)
		DisableScriptedObjects (4ms)
		BackupInstance (0ms)
		ReleaseScriptingObjects (0ms)
		CreateAndSetChildDomain (16ms)
	RebuildCommonClasses (18ms)
	RebuildNativeTypeToScriptingClass (5ms)
	initialDomainReloadingComplete (8ms)
	LoadAllAssembliesAndSetupDomain (6ms)
		LoadAssemblies (33ms)
		RebuildTransferFunctionScriptingTraits (0ms)
		AnalyzeDomain (4ms)
			TypeCache.Refresh (3ms)
				TypeCache.ScanAssembly (0ms)
			ScanForSourceGeneratedMonoScriptInfo (0ms)
			ResolveRequiredComponents (1ms)
	FinalizeReload (145ms)
		ReleaseScriptCaches (0ms)
		RebuildScriptCaches (0ms)
		SetupLoadedEditorAssemblies (85ms)
			LogAssemblyErrors (0ms)
			InitializePlatformSupportModulesInManaged (2ms)
			SetLoadedEditorAssemblies (3ms)
			RefreshPlugins (0ms)
			BeforeProcessingInitializeOnLoad (13ms)
			ProcessInitializeOnLoadAttributes (59ms)
			ProcessInitializeOnLoadMethodAttributes (8ms)
			AfterProcessingInitializeOnLoad (0ms)
			EditorAssembliesLoaded (0ms)
		ExecutionOrderSort2 (0ms)
		AwakeInstancesAfterBackupRestoration (2ms)
Refreshing native plugins compatible for Editor in 0.00 ms, found 0 plugins.
Preloading 0 native plugins for Editor in 0.00 ms.
Unloading 271 Unused Serialized files (Serialized files now loaded: 0)
Unloading 1 unused Assets / (22.7 KB). Loaded Objects now: 748.
Memory consumption went from 221.0 MB to 220.9 MB.
Total: 1.388417 ms (FindLiveObjects: 0.025125 ms CreateObjectMapping: 0.005583 ms MarkObjects: 1.347083 ms  DeleteObjects: 0.010417 ms)

Prepare: number of updated asset objects reloaded= 0
AssetImportParameters requested are different than current active one (requested -> active):
  custom:video-encoder-webm-vp8: eb34c28f22e8b96e1ab97ce403110664 -> 
  custom:video-decoder-webm-vp8: 9c59270c3fd7afecdb556c50c9e8de78 -> 
  custom:scripting/monoscript/fileName/NavigationWindow.cs: 7884404b71178f59d8819c380b951d7c -> 
  custom:scripting/monoscript/fileName/Finish.cs: ac3eb429518929f06fd882592af9fc8d -> 
  custom:scripting/monoscript/fileName/NavMeshModifierVolumeEditor.cs: 262a50135a116189426aa01c964a744c -> 
  custom:scripting/monoscript/fileName/NavigationPreferences.cs: ada9399a4f085d4c824cc06527e7fcae -> 
  custom:scripting/monoscript/fileName/BuiltInToNavMeshSurfaceConverterContainer.cs: c40a906f9f99ea8a6c5aaa215767017f -> 
  custom:scripting/monoscript/fileName/NavMeshSceneConverter.cs: baf486a1c1cdf03a3111dd113d13c2f4 -> 
  custom:scripting/monoscript/fileName/NavMeshSurface.cs: 34aebd278d8d3d5db6b23265b9c700f9 -> 
  custom:scripting/precompiled-assembly-types:Unity.AI.Navigation.Editor: 7eaf38f66973fde07200cf372b24130e -> 
  custom:scripting/monoscript/fileName/NavMeshAssetManager.cs: 79eb4858c2054289cd611249ab36b0a5 -> 
  custom:framework-osx-AVFoundation: e770b220cccbd017edd2c1fefb359320 -> 
  custom:scripting/monoscript/fileName/NavigationOverlay.cs: 2744f4e7946ebbb71339c9b1ce538d00 -> 
  custom:scripting/monoscript/fileName/GameManager.cs: 9933fbcc6190e2a9171c2ec8808a053e -> 
  custom:scripting/monoscript/fileName/HelpUrls.cs: c1a90585e3e9c9d25f58f9141655f24f -> 
  custom:scripting/monoscript/fileName/EditorStyles.cs: 86b9f4d8fe570a8d8295bfc466c975cf -> 
  custom:audio-decoder-ogg-vorbis: bf7c407c2cedff20999df2af8eb42d56 -> 
  custom:video-decoder-ogg-theora: a1e56fd34408186e4bbccfd4996cb3dc -> 
  custom:scripting/monoscript/fileName/ObsoleteNavigationWindowMenuEntry.cs: c7f73386e6473f401a8e4151cac4e1e5 -> 
  custom:scripting/precompiled-assembly-types:Assembly-CSharp: 5b7335633de95e6b326860172ea5c480 -> 5097d79b403e7b9fa1b5737665486d2d
  custom:scripting/precompiled-assembly-types:Unity.AI.Navigation.Editor.ConversionSystem: 27c718e5de2659aeeb663e092dc21158 -> 
  custom:scripting/precompiled-assembly-types:Unity.AI.Navigation: 5d8fa505e3253b9a2a456e2c28a1afb3 -> 
  custom:scripting/monoscript/fileName/SystemConvertersEditor.cs: c127c1335f24b77ca70195bf2136c6a2 -> 
  custom:scripting/monoscript/fileName/NavMeshSurfaceEditor.cs: adb1294e971eab992abc2e3e7e051565 -> 
  custom:audio-encoder-webm-vorbis: bf7c407c2cedff20999df2af8eb42d56 -> 
  custom:scripting/monoscript/fileName/InitializeConverterContext.cs: a97e19589a5774cdc2a34a28caea355f -> 
  custom:scripting/monoscript/fileName/SystemConverterContainer.cs: eb4026ea01a117ce0888f693e9eed2cd -> 
  custom:scripting/monoscript/fileName/NavMeshComponentsGUIUtility.cs: 08c52049b94db52661003d42fda4ecff -> 
  custom:container-demuxer-webm: 4f35f7cbe854078d1ac9338744f61a02 -> 
  custom:scripting/monoscript/fileName/EnemyChase.cs: 3a83095262844a2fb6b878062f338b2e -> 
  custom:scripting/monoscript/fileName/NavMeshModifierEditor.cs: b8675d28116f43f78881455a7301fe8c -> 
  custom:SearchIndexIgnoredProperties: e643bd26f0fe6173181afceb89e7c659 -> 
  custom:scripting/monoscript/fileName/ConverterItemInfo.cs: 9fb131dfa28a9ed6b6d00fd9cf83ece4 -> 
  custom:scripting/monoscript/fileName/NavMeshModifierVolume.cs: 8dc531216c72b86c60b86e16ff3da10b -> 
  custom:scripting/monoscript/fileName/ConverterItemDescriptor.cs: 8182050d34c5cb602eb7913435a7abee -> 
  custom:scripting/monoscript/fileName/SystemConverter.cs: c748d1769fc66e95256254a1cc1497f3 -> 
  custom:scripting/monoscript/fileName/NavMeshUpdaterUtility.cs: 5eb03802e6dba19b3e13aaf384805cac -> 
  custom:scripting/precompiled-assembly-types:Unity.AI.Navigation.Updater: d2095ddf03fd615830d6dacf5841450d -> 
  custom:scripting/monoscript/fileName/NavMeshUpdaterEditor.cs: 169704080eda430978bba61ddedeb304 -> 
  custom:container-muxer-webm: aa71ff27fc2769a1b78a27578f13a17b -> 
  custom:container-demuxer-ogg: 62fdf1f143b41e24485cea50d1cbac27 -> 
  custom:scripting/monoscript/fileName/NavMeshLinkEditor.cs: aed8ae070d922149bb2ba3de06889ff6 -> 
  custom:AudioImporter_EditorPlatform: 3918e3fc78b5a79bad01e8451be0beb8 -> 
  custom:scripting/monoscript/fileName/RunItemContext.cs: 338b2243183036c2b60f94c1b5e817c5 -> 
  custom:scripting/monoscript/fileName/NavMeshLink.cs: 0b3d0eeb07ab57d259e8f9365538df09 -> 
  custom:CustomObjectIndexerAttribute: 9a22284fe3817be447336de3de66b15e -> 
  custom:scripting/monoscript/fileName/NavMeshModifier.cs: 99ae5ed91bb784edc4f8312d7de046da -> 
========================================================================
Received Prepare
Caller must complete domain reload
Begin MonoManager ReloadAssembly
Thread 0x16f65f000 may have been prematurely finalized
- Loaded All Assemblies, in  0.091 seconds
Native extension for OSXStandalone target not found
Native extension for WebGL target not found
Mono: successfully reloaded assembly
- Finished resetting the current domain, in  0.139 seconds
Domain Reload Profiling: 230ms
	BeginReloadAssembly (56ms)
		ExecutionOrderSort (0ms)
		DisableScriptedObjects (2ms)
		BackupInstance (0ms)
		ReleaseScriptingObjects (0ms)
		CreateAndSetChildDomain (13ms)
	RebuildCommonClasses (17ms)
	RebuildNativeTypeToScriptingClass (5ms)
	initialDomainReloadingComplete (8ms)
	LoadAllAssembliesAndSetupDomain (5ms)
		LoadAssemblies (24ms)
		RebuildTransferFunctionScriptingTraits (0ms)
		AnalyzeDomain (4ms)
			TypeCache.Refresh (2ms)
				TypeCache.ScanAssembly (0ms)
			ScanForSourceGeneratedMonoScriptInfo (0ms)
			ResolveRequiredComponents (1ms)
	FinalizeReload (139ms)
		ReleaseScriptCaches (0ms)
		RebuildScriptCaches (0ms)
		SetupLoadedEditorAssemblies (83ms)
			LogAssemblyErrors (0ms)
			InitializePlatformSupportModulesInManaged (2ms)
			SetLoadedEditorAssemblies (3ms)
			RefreshPlugins (0ms)
			BeforeProcessingInitializeOnLoad (13ms)
			ProcessInitializeOnLoadAttributes (57ms)
			ProcessInitializeOnLoadMethodAttributes (8ms)
			AfterProcessingInitializeOnLoad (0ms)
			EditorAssembliesLoaded (0ms)
		ExecutionOrderSort2 (0ms)
		AwakeInstancesAfterBackupRestoration (2ms)
Refreshing native plugins compatible for Editor in 0.00 ms, found 0 plugins.
Preloading 0 native plugins for Editor in 0.00 ms.
Unloading 271 Unused Serialized files (Serialized files now loaded: 0)
Unloading 1 unused Assets / (22.7 KB). Loaded Objects now: 748.
Memory consumption went from 224.5 MB to 224.5 MB.
Total: 1.411709 ms (FindLiveObjects: 0.022250 ms CreateObjectMapping: 0.005625 ms MarkObjects: 1.376542 ms  DeleteObjects: 0.007167 ms)

Prepare: number of updated asset objects reloaded= 0
AssetImportParameters requested are different than current active one (requested -> active):
  custom:video-encoder-webm-vp8: eb34c28f22e8b96e1ab97ce403110664 -> 
  custom:video-decoder-webm-vp8: 9c59270c3fd7afecdb556c50c9e8de78 -> 
  custom:scripting/monoscript/fileName/NavigationWindow.cs: 7884404b71178f59d8819c380b951d7c -> 
  custom:scripting/monoscript/fileName/Finish.cs: ac3eb429518929f06fd882592af9fc8d -> 
  custom:scripting/monoscript/fileName/NavMeshModifierVolumeEditor.cs: 262a50135a116189426aa01c964a744c -> 
  custom:scripting/monoscript/fileName/NavigationPreferences.cs: ada9399a4f085d4c824cc06527e7fcae -> 
  custom:scripting/monoscript/fileName/BuiltInToNavMeshSurfaceConverterContainer.cs: c40a906f9f99ea8a6c5aaa215767017f -> 
  custom:scripting/monoscript/fileName/NavMeshSceneConverter.cs: baf486a1c1cdf03a3111dd113d13c2f4 -> 
  custom:scripting/monoscript/fileName/NavMeshSurface.cs: 34aebd278d8d3d5db6b23265b9c700f9 -> 
  custom:scripting/precompiled-assembly-types:Unity.AI.Navigation.Editor: 7eaf38f66973fde07200cf372b24130e -> 
  custom:scripting/monoscript/fileName/NavMeshAssetManager.cs: 79eb4858c2054289cd611249ab36b0a5 -> 
  custom:framework-osx-AVFoundation: e770b220cccbd017edd2c1fefb359320 -> 
  custom:scripting/monoscript/fileName/NavigationOverlay.cs: 2744f4e7946ebbb71339c9b1ce538d00 -> 
  custom:scripting/monoscript/fileName/GameManager.cs: 9933fbcc6190e2a9171c2ec8808a053e -> 
  custom:scripting/monoscript/fileName/HelpUrls.cs: c1a90585e3e9c9d25f58f9141655f24f -> 
  custom:scripting/monoscript/fileName/EditorStyles.cs: 86b9f4d8fe570a8d8295bfc466c975cf -> 
  custom:audio-decoder-ogg-vorbis: bf7c407c2cedff20999df2af8eb42d56 -> 
  custom:video-decoder-ogg-theora: a1e56fd34408186e4bbccfd4996cb3dc -> 
  custom:scripting/monoscript/fileName/ObsoleteNavigationWindowMenuEntry.cs: c7f73386e6473f401a8e4151cac4e1e5 -> 
  custom:scripting/precompiled-assembly-types:Assembly-CSharp: 5b7335633de95e6b326860172ea5c480 -> 5097d79b403e7b9fa1b5737665486d2d
  custom:scripting/precompiled-assembly-types:Unity.AI.Navigation.Editor.ConversionSystem: 27c718e5de2659aeeb663e092dc21158 -> 
  custom:scripting/precompiled-assembly-types:Unity.AI.Navigation: 5d8fa505e3253b9a2a456e2c28a1afb3 -> 
  custom:scripting/monoscript/fileName/SystemConvertersEditor.cs: c127c1335f24b77ca70195bf2136c6a2 -> 
  custom:scripting/monoscript/fileName/NavMeshSurfaceEditor.cs: adb1294e971eab992abc2e3e7e051565 -> 
  custom:audio-encoder-webm-vorbis: bf7c407c2cedff20999df2af8eb42d56 -> 
  custom:scripting/monoscript/fileName/InitializeConverterContext.cs: a97e19589a5774cdc2a34a28caea355f -> 
  custom:scripting/monoscript/fileName/SystemConverterContainer.cs: eb4026ea01a117ce0888f693e9eed2cd -> 
  custom:scripting/monoscript/fileName/NavMeshComponentsGUIUtility.cs: 08c52049b94db52661003d42fda4ecff -> 
  custom:container-demuxer-webm: 4f35f7cbe854078d1ac9338744f61a02 -> 
  custom:scripting/monoscript/fileName/EnemyChase.cs: 3a83095262844a2fb6b878062f338b2e -> 
  custom:scripting/monoscript/fileName/NavMeshModifierEditor.cs: b8675d28116f43f78881455a7301fe8c -> 
  custom:SearchIndexIgnoredProperties: e643bd26f0fe6173181afceb89e7c659 -> 
  custom:scripting/monoscript/fileName/ConverterItemInfo.cs: 9fb131dfa28a9ed6b6d00fd9cf83ece4 -> 
  custom:scripting/monoscript/fileName/NavMeshModifierVolume.cs: 8dc531216c72b86c60b86e16ff3da10b -> 
  custom:scripting/monoscript/fileName/ConverterItemDescriptor.cs: 8182050d34c5cb602eb7913435a7abee -> 
  custom:scripting/monoscript/fileName/SystemConverter.cs: c748d1769fc66e95256254a1cc1497f3 -> 
  custom:scripting/monoscript/fileName/NavMeshUpdaterUtility.cs: 5eb03802e6dba19b3e13aaf384805cac -> 
  custom:scripting/precompiled-assembly-types:Unity.AI.Navigation.Updater: d2095ddf03fd615830d6dacf5841450d -> 
  custom:scripting/monoscript/fileName/NavMeshUpdaterEditor.cs: 169704080eda430978bba61ddedeb304 -> 
  custom:container-muxer-webm: aa71ff27fc2769a1b78a27578f13a17b -> 
  custom:container-demuxer-ogg: 62fdf1f143b41e24485cea50d1cbac27 -> 
  custom:scripting/monoscript/fileName/NavMeshLinkEditor.cs: aed8ae070d922149bb2ba3de06889ff6 -> 
  custom:AudioImporter_EditorPlatform: 3918e3fc78b5a79bad01e8451be0beb8 -> 
  custom:scripting/monoscript/fileName/RunItemContext.cs: 338b2243183036c2b60f94c1b5e817c5 -> 
  custom:scripting/monoscript/fileName/NavMeshLink.cs: 0b3d0eeb07ab57d259e8f9365538df09 -> 
  custom:CustomObjectIndexerAttribute: 9a22284fe3817be447336de3de66b15e -> 
  custom:scripting/monoscript/fileName/NavMeshModifier.cs: 99ae5ed91bb784edc4f8312d7de046da -> 
========================================================================
Received Prepare
Caller must complete domain reload
Begin MonoManager ReloadAssembly
Thread 0x16f65f000 may have been prematurely finalized
- Loaded All Assemblies, in  0.090 seconds
Native extension for OSXStandalone target not found
Native extension for WebGL target not found
Mono: successfully reloaded assembly
- Finished resetting the current domain, in  0.137 seconds
Domain Reload Profiling: 227ms
	BeginReloadAssembly (55ms)
		ExecutionOrderSort (0ms)
		DisableScriptedObjects (2ms)
		BackupInstance (0ms)
		ReleaseScriptingObjects (0ms)
		CreateAndSetChildDomain (13ms)
	RebuildCommonClasses (18ms)
	RebuildNativeTypeToScriptingClass (5ms)
	initialDomainReloadingComplete (8ms)
	LoadAllAssembliesAndSetupDomain (4ms)
		LoadAssemblies (24ms)
		RebuildTransferFunctionScriptingTraits (0ms)
		AnalyzeDomain (3ms)
			TypeCache.Refresh (2ms)
				TypeCache.ScanAssembly (0ms)
			ScanForSourceGeneratedMonoScriptInfo (0ms)
			ResolveRequiredComponents (1ms)
	FinalizeReload (137ms)
		ReleaseScriptCaches (0ms)
		RebuildScriptCaches (0ms)
		SetupLoadedEditorAssemblies (82ms)
			LogAssemblyErrors (0ms)
			InitializePlatformSupportModulesInManaged (2ms)
			SetLoadedEditorAssemblies (3ms)
			RefreshPlugins (0ms)
			BeforeProcessingInitializeOnLoad (13ms)
			ProcessInitializeOnLoadAttributes (56ms)
			ProcessInitializeOnLoadMethodAttributes (8ms)
			AfterProcessingInitializeOnLoad (0ms)
			EditorAssembliesLoaded (0ms)
		ExecutionOrderSort2 (0ms)
		AwakeInstancesAfterBackupRestoration (2ms)
Refreshing native plugins compatible for Editor in 0.00 ms, found 0 plugins.
Preloading 0 native plugins for Editor in 0.00 ms.
Unloading 271 Unused Serialized files (Serialized files now loaded: 0)
Unloading 1 unused Assets / (22.8 KB). Loaded Objects now: 748.
Memory consumption went from 228.0 MB to 228.0 MB.
Total: 1.268125 ms (FindLiveObjects: 0.024833 ms CreateObjectMapping: 0.005458 ms MarkObjects: 1.230333 ms  DeleteObjects: 0.007167 ms)

Prepare: number of updated asset objects reloaded= 0
AssetImportParameters requested are different than current active one (requested -> active):
  custom:video-encoder-webm-vp8: eb34c28f22e8b96e1ab97ce403110664 -> 
  custom:video-decoder-webm-vp8: 9c59270c3fd7afecdb556c50c9e8de78 -> 
  custom:scripting/monoscript/fileName/NavigationWindow.cs: 7884404b71178f59d8819c380b951d7c -> 
  custom:scripting/monoscript/fileName/Finish.cs: ac3eb429518929f06fd882592af9fc8d -> 
  custom:scripting/monoscript/fileName/NavMeshModifierVolumeEditor.cs: 262a50135a116189426aa01c964a744c -> 
  custom:scripting/monoscript/fileName/NavigationPreferences.cs: ada9399a4f085d4c824cc06527e7fcae -> 
  custom:scripting/monoscript/fileName/BuiltInToNavMeshSurfaceConverterContainer.cs: c40a906f9f99ea8a6c5aaa215767017f -> 
  custom:scripting/monoscript/fileName/NavMeshSceneConverter.cs: baf486a1c1cdf03a3111dd113d13c2f4 -> 
  custom:scripting/monoscript/fileName/NavMeshSurface.cs: 34aebd278d8d3d5db6b23265b9c700f9 -> 
  custom:scripting/precompiled-assembly-types:Unity.AI.Navigation.Editor: 7eaf38f66973fde07200cf372b24130e -> 
  custom:scripting/monoscript/fileName/NavMeshAssetManager.cs: 79eb4858c2054289cd611249ab36b0a5 -> 
  custom:framework-osx-AVFoundation: e770b220cccbd017edd2c1fefb359320 -> 
  custom:scripting/monoscript/fileName/NavigationOverlay.cs: 2744f4e7946ebbb71339c9b1ce538d00 -> 
  custom:scripting/monoscript/fileName/GameManager.cs: 9933fbcc6190e2a9171c2ec8808a053e -> 
  custom:scripting/monoscript/fileName/HelpUrls.cs: c1a90585e3e9c9d25f58f9141655f24f -> 
  custom:scripting/monoscript/fileName/EditorStyles.cs: 86b9f4d8fe570a8d8295bfc466c975cf -> 
  custom:audio-decoder-ogg-vorbis: bf7c407c2cedff20999df2af8eb42d56 -> 
  custom:video-decoder-ogg-theora: a1e56fd34408186e4bbccfd4996cb3dc -> 
  custom:scripting/monoscript/fileName/ObsoleteNavigationWindowMenuEntry.cs: c7f73386e6473f401a8e4151cac4e1e5 -> 
  custom:scripting/precompiled-assembly-types:Assembly-CSharp: 5b7335633de95e6b326860172ea5c480 -> 5097d79b403e7b9fa1b5737665486d2d
  custom:scripting/precompiled-assembly-types:Unity.AI.Navigation.Editor.ConversionSystem: 27c718e5de2659aeeb663e092dc21158 -> 
  custom:scripting/precompiled-assembly-types:Unity.AI.Navigation: 5d8fa505e3253b9a2a456e2c28a1afb3 -> 
  custom:scripting/monoscript/fileName/SystemConvertersEditor.cs: c127c1335f24b77ca70195bf2136c6a2 -> 
  custom:scripting/monoscript/fileName/NavMeshSurfaceEditor.cs: adb1294e971eab992abc2e3e7e051565 -> 
  custom:audio-encoder-webm-vorbis: bf7c407c2cedff20999df2af8eb42d56 -> 
  custom:scripting/monoscript/fileName/InitializeConverterContext.cs: a97e19589a5774cdc2a34a28caea355f -> 
  custom:scripting/monoscript/fileName/SystemConverterContainer.cs: eb4026ea01a117ce0888f693e9eed2cd -> 
  custom:scripting/monoscript/fileName/NavMeshComponentsGUIUtility.cs: 08c52049b94db52661003d42fda4ecff -> 
  custom:container-demuxer-webm: 4f35f7cbe854078d1ac9338744f61a02 -> 
  custom:scripting/monoscript/fileName/EnemyChase.cs: 3a83095262844a2fb6b878062f338b2e -> 
  custom:scripting/monoscript/fileName/NavMeshModifierEditor.cs: b8675d28116f43f78881455a7301fe8c -> 
  custom:SearchIndexIgnoredProperties: e643bd26f0fe6173181afceb89e7c659 -> 
  custom:scripting/monoscript/fileName/ConverterItemInfo.cs: 9fb131dfa28a9ed6b6d00fd9cf83ece4 -> 
  custom:scripting/monoscript/fileName/NavMeshModifierVolume.cs: 8dc531216c72b86c60b86e16ff3da10b -> 
  custom:scripting/monoscript/fileName/ConverterItemDescriptor.cs: 8182050d34c5cb602eb7913435a7abee -> 
  custom:scripting/monoscript/fileName/SystemConverter.cs: c748d1769fc66e95256254a1cc1497f3 -> 
  custom:scripting/monoscript/fileName/NavMeshUpdaterUtility.cs: 5eb03802e6dba19b3e13aaf384805cac -> 
  custom:scripting/precompiled-assembly-types:Unity.AI.Navigation.Updater: d2095ddf03fd615830d6dacf5841450d -> 
  custom:scripting/monoscript/fileName/NavMeshUpdaterEditor.cs: 169704080eda430978bba61ddedeb304 -> 
  custom:container-muxer-webm: aa71ff27fc2769a1b78a27578f13a17b -> 
  custom:container-demuxer-ogg: 62fdf1f143b41e24485cea50d1cbac27 -> 
  custom:scripting/monoscript/fileName/NavMeshLinkEditor.cs: aed8ae070d922149bb2ba3de06889ff6 -> 
  custom:AudioImporter_EditorPlatform: 3918e3fc78b5a79bad01e8451be0beb8 -> 
  custom:scripting/monoscript/fileName/RunItemContext.cs: 338b2243183036c2b60f94c1b5e817c5 -> 
  custom:scripting/monoscript/fileName/NavMeshLink.cs: 0b3d0eeb07ab57d259e8f9365538df09 -> 
  custom:CustomObjectIndexerAttribute: 9a22284fe3817be447336de3de66b15e -> 
  custom:scripting/monoscript/fileName/NavMeshModifier.cs: 99ae5ed91bb784edc4f8312d7de046da -> 
========================================================================
Received Prepare
Caller must complete domain reload
Begin MonoManager ReloadAssembly
Thread 0x16f65f000 may have been prematurely finalized
- Loaded All Assemblies, in  0.089 seconds
Native extension for OSXStandalone target not found
Native extension for WebGL target not found
Mono: successfully reloaded assembly
- Finished resetting the current domain, in  0.137 seconds
Domain Reload Profiling: 226ms
	BeginReloadAssembly (55ms)
		ExecutionOrderSort (0ms)
		DisableScriptedObjects (2ms)
		BackupInstance (0ms)
		ReleaseScriptingObjects (0ms)
		CreateAndSetChildDomain (12ms)
	RebuildCommonClasses (17ms)
	RebuildNativeTypeToScriptingClass (5ms)
	initialDomainReloadingComplete (8ms)
	LoadAllAssembliesAndSetupDomain (4ms)
		LoadAssemblies (24ms)
		RebuildTransferFunctionScriptingTraits (0ms)
		AnalyzeDomain (3ms)
			TypeCache.Refresh (2ms)
				TypeCache.ScanAssembly (0ms)
			ScanForSourceGeneratedMonoScriptInfo (0ms)
			ResolveRequiredComponents (1ms)
	FinalizeReload (137ms)
		ReleaseScriptCaches (0ms)
		RebuildScriptCaches (0ms)
		SetupLoadedEditorAssemblies (82ms)
			LogAssemblyErrors (0ms)
			InitializePlatformSupportModulesInManaged (2ms)
			SetLoadedEditorAssemblies (3ms)
			RefreshPlugins (0ms)
			BeforeProcessingInitializeOnLoad (13ms)
			ProcessInitializeOnLoadAttributes (56ms)
			ProcessInitializeOnLoadMethodAttributes (8ms)
			AfterProcessingInitializeOnLoad (1ms)
			EditorAssembliesLoaded (0ms)
		ExecutionOrderSort2 (0ms)
		AwakeInstancesAfterBackupRestoration (2ms)
Refreshing native plugins compatible for Editor in 0.00 ms, found 0 plugins.
Preloading 0 native plugins for Editor in 0.00 ms.
Unloading 271 Unused Serialized files (Serialized files now loaded: 0)
Unloading 1 unused Assets / (22.8 KB). Loaded Objects now: 748.
Memory consumption went from 231.6 MB to 231.6 MB.
Total: 1.357250 ms (FindLiveObjects: 0.025167 ms CreateObjectMapping: 0.006083 ms MarkObjects: 1.317958 ms  DeleteObjects: 0.007750 ms)

Prepare: number of updated asset objects reloaded= 0
AssetImportParameters requested are different than current active one (requested -> active):
  custom:video-encoder-webm-vp8: eb34c28f22e8b96e1ab97ce403110664 -> 
  custom:video-decoder-webm-vp8: 9c59270c3fd7afecdb556c50c9e8de78 -> 
  custom:scripting/monoscript/fileName/NavigationWindow.cs: 7884404b71178f59d8819c380b951d7c -> 
  custom:scripting/monoscript/fileName/Finish.cs: ac3eb429518929f06fd882592af9fc8d -> 
  custom:scripting/monoscript/fileName/NavMeshModifierVolumeEditor.cs: 262a50135a116189426aa01c964a744c -> 
  custom:scripting/monoscript/fileName/NavigationPreferences.cs: ada9399a4f085d4c824cc06527e7fcae -> 
  custom:scripting/monoscript/fileName/BuiltInToNavMeshSurfaceConverterContainer.cs: c40a906f9f99ea8a6c5aaa215767017f -> 
  custom:scripting/monoscript/fileName/NavMeshSceneConverter.cs: baf486a1c1cdf03a3111dd113d13c2f4 -> 
  custom:scripting/monoscript/fileName/NavMeshSurface.cs: 34aebd278d8d3d5db6b23265b9c700f9 -> 
  custom:scripting/precompiled-assembly-types:Unity.AI.Navigation.Editor: 7eaf38f66973fde07200cf372b24130e -> 
  custom:scripting/monoscript/fileName/NavMeshAssetManager.cs: 79eb4858c2054289cd611249ab36b0a5 -> 
  custom:framework-osx-AVFoundation: e770b220cccbd017edd2c1fefb359320 -> 
  custom:scripting/monoscript/fileName/NavigationOverlay.cs: 2744f4e7946ebbb71339c9b1ce538d00 -> 
  custom:scripting/monoscript/fileName/GameManager.cs: 9933fbcc6190e2a9171c2ec8808a053e -> 
  custom:scripting/monoscript/fileName/HelpUrls.cs: c1a90585e3e9c9d25f58f9141655f24f -> 
  custom:scripting/monoscript/fileName/EditorStyles.cs: 86b9f4d8fe570a8d8295bfc466c975cf -> 
  custom:audio-decoder-ogg-vorbis: bf7c407c2cedff20999df2af8eb42d56 -> 
  custom:video-decoder-ogg-theora: a1e56fd34408186e4bbccfd4996cb3dc -> 
  custom:scripting/monoscript/fileName/ObsoleteNavigationWindowMenuEntry.cs: c7f73386e6473f401a8e4151cac4e1e5 -> 
  custom:scripting/precompiled-assembly-types:Assembly-CSharp: 5b7335633de95e6b326860172ea5c480 -> 5097d79b403e7b9fa1b5737665486d2d
  custom:scripting/precompiled-assembly-types:Unity.AI.Navigation.Editor.ConversionSystem: 27c718e5de2659aeeb663e092dc21158 -> 
  custom:scripting/precompiled-assembly-types:Unity.AI.Navigation: 5d8fa505e3253b9a2a456e2c28a1afb3 -> 
  custom:scripting/monoscript/fileName/SystemConvertersEditor.cs: c127c1335f24b77ca70195bf2136c6a2 -> 
  custom:scripting/monoscript/fileName/NavMeshSurfaceEditor.cs: adb1294e971eab992abc2e3e7e051565 -> 
  custom:audio-encoder-webm-vorbis: bf7c407c2cedff20999df2af8eb42d56 -> 
  custom:scripting/monoscript/fileName/InitializeConverterContext.cs: a97e19589a5774cdc2a34a28caea355f -> 
  custom:scripting/monoscript/fileName/SystemConverterContainer.cs: eb4026ea01a117ce0888f693e9eed2cd -> 
  custom:scripting/monoscript/fileName/NavMeshComponentsGUIUtility.cs: 08c52049b94db52661003d42fda4ecff -> 
  custom:container-demuxer-webm: 4f35f7cbe854078d1ac9338744f61a02 -> 
  custom:scripting/monoscript/fileName/EnemyChase.cs: 3a83095262844a2fb6b878062f338b2e -> 
  custom:scripting/monoscript/fileName/NavMeshModifierEditor.cs: b8675d28116f43f78881455a7301fe8c -> 
  custom:SearchIndexIgnoredProperties: e643bd26f0fe6173181afceb89e7c659 -> 
  custom:scripting/monoscript/fileName/ConverterItemInfo.cs: 9fb131dfa28a9ed6b6d00fd9cf83ece4 -> 
  custom:scripting/monoscript/fileName/NavMeshModifierVolume.cs: 8dc531216c72b86c60b86e16ff3da10b -> 
  custom:scripting/monoscript/fileName/ConverterItemDescriptor.cs: 8182050d34c5cb602eb7913435a7abee -> 
  custom:scripting/monoscript/fileName/SystemConverter.cs: c748d1769fc66e95256254a1cc1497f3 -> 
  custom:scripting/monoscript/fileName/NavMeshUpdaterUtility.cs: 5eb03802e6dba19b3e13aaf384805cac -> 
  custom:scripting/precompiled-assembly-types:Unity.AI.Navigation.Updater: d2095ddf03fd615830d6dacf5841450d -> 
  custom:scripting/monoscript/fileName/NavMeshUpdaterEditor.cs: 169704080eda430978bba61ddedeb304 -> 
  custom:container-muxer-webm: aa71ff27fc2769a1b78a27578f13a17b -> 
  custom:container-demuxer-ogg: 62fdf1f143b41e24485cea50d1cbac27 -> 
  custom:scripting/monoscript/fileName/NavMeshLinkEditor.cs: aed8ae070d922149bb2ba3de06889ff6 -> 
  custom:AudioImporter_EditorPlatform: 3918e3fc78b5a79bad01e8451be0beb8 -> 
  custom:scripting/monoscript/fileName/RunItemContext.cs: 338b2243183036c2b60f94c1b5e817c5 -> 
  custom:scripting/monoscript/fileName/NavMeshLink.cs: 0b3d0eeb07ab57d259e8f9365538df09 -> 
  custom:CustomObjectIndexerAttribute: 9a22284fe3817be447336de3de66b15e -> 
  custom:scripting/monoscript/fileName/NavMeshModifier.cs: 99ae5ed91bb784edc4f8312d7de046da -> 
========================================================================
Received Prepare
Caller must complete domain reload
Begin MonoManager ReloadAssembly
Thread 0x16f65f000 may have been prematurely finalized
- Loaded All Assemblies, in  0.090 seconds
Native extension for OSXStandalone target not found
Native extension for WebGL target not found
Mono: successfully reloaded assembly
- Finished resetting the current domain, in  0.139 seconds
Domain Reload Profiling: 229ms
	BeginReloadAssembly (56ms)
		ExecutionOrderSort (0ms)
		DisableScriptedObjects (2ms)
		BackupInstance (0ms)
		ReleaseScriptingObjects (0ms)
		CreateAndSetChildDomain (13ms)
	RebuildCommonClasses (17ms)
	RebuildNativeTypeToScriptingClass (5ms)
	initialDomainReloadingComplete (8ms)
	LoadAllAssembliesAndSetupDomain (4ms)
		LoadAssemblies (25ms)
		RebuildTransferFunctionScriptingTraits (0ms)
		AnalyzeDomain (3ms)
			TypeCache.Refresh (2ms)
				TypeCache.ScanAssembly (0ms)
			ScanForSourceGeneratedMonoScriptInfo (0ms)
			ResolveRequiredComponents (1ms)
	FinalizeReload (139ms)
		ReleaseScriptCaches (0ms)
		RebuildScriptCaches (0ms)
		SetupLoadedEditorAssemblies (83ms)
			LogAssemblyErrors (0ms)
			InitializePlatformSupportModulesInManaged (2ms)
			SetLoadedEditorAssemblies (3ms)
			RefreshPlugins (0ms)
			BeforeProcessingInitializeOnLoad (13ms)
			ProcessInitializeOnLoadAttributes (57ms)
			ProcessInitializeOnLoadMethodAttributes (8ms)
			AfterProcessingInitializeOnLoad (0ms)
			EditorAssembliesLoaded (0ms)
		ExecutionOrderSort2 (0ms)
		AwakeInstancesAfterBackupRestoration (2ms)
Refreshing native plugins compatible for Editor in 0.00 ms, found 0 plugins.
Preloading 0 native plugins for Editor in 0.00 ms.
Unloading 271 Unused Serialized files (Serialized files now loaded: 0)
Unloading 1 unused Assets / (22.7 KB). Loaded Objects now: 748.
Memory consumption went from 235.1 MB to 235.1 MB.
Total: 1.290958 ms (FindLiveObjects: 0.025084 ms CreateObjectMapping: 0.005500 ms MarkObjects: 1.252792 ms  DeleteObjects: 0.007375 ms)

Prepare: number of updated asset objects reloaded= 0
AssetImportParameters requested are different than current active one (requested -> active):
  custom:video-encoder-webm-vp8: eb34c28f22e8b96e1ab97ce403110664 -> 
  custom:video-decoder-webm-vp8: 9c59270c3fd7afecdb556c50c9e8de78 -> 
  custom:scripting/monoscript/fileName/NavigationWindow.cs: 7884404b71178f59d8819c380b951d7c -> 
  custom:scripting/monoscript/fileName/Finish.cs: ac3eb429518929f06fd882592af9fc8d -> 
  custom:scripting/monoscript/fileName/NavMeshModifierVolumeEditor.cs: 262a50135a116189426aa01c964a744c -> 
  custom:scripting/monoscript/fileName/NavigationPreferences.cs: ada9399a4f085d4c824cc06527e7fcae -> 
  custom:scripting/monoscript/fileName/BuiltInToNavMeshSurfaceConverterContainer.cs: c40a906f9f99ea8a6c5aaa215767017f -> 
  custom:scripting/monoscript/fileName/NavMeshSceneConverter.cs: baf486a1c1cdf03a3111dd113d13c2f4 -> 
  custom:scripting/monoscript/fileName/NavMeshSurface.cs: 34aebd278d8d3d5db6b23265b9c700f9 -> 
  custom:scripting/precompiled-assembly-types:Unity.AI.Navigation.Editor: 7eaf38f66973fde07200cf372b24130e -> 
  custom:scripting/monoscript/fileName/NavMeshAssetManager.cs: 79eb4858c2054289cd611249ab36b0a5 -> 
  custom:framework-osx-AVFoundation: e770b220cccbd017edd2c1fefb359320 -> 
  custom:scripting/monoscript/fileName/NavigationOverlay.cs: 2744f4e7946ebbb71339c9b1ce538d00 -> 
  custom:scripting/monoscript/fileName/GameManager.cs: 9933fbcc6190e2a9171c2ec8808a053e -> 
  custom:scripting/monoscript/fileName/HelpUrls.cs: c1a90585e3e9c9d25f58f9141655f24f -> 
  custom:scripting/monoscript/fileName/EditorStyles.cs: 86b9f4d8fe570a8d8295bfc466c975cf -> 
  custom:audio-decoder-ogg-vorbis: bf7c407c2cedff20999df2af8eb42d56 -> 
  custom:video-decoder-ogg-theora: a1e56fd34408186e4bbccfd4996cb3dc -> 
  custom:scripting/monoscript/fileName/ObsoleteNavigationWindowMenuEntry.cs: c7f73386e6473f401a8e4151cac4e1e5 -> 
  custom:scripting/precompiled-assembly-types:Assembly-CSharp: 5b7335633de95e6b326860172ea5c480 -> 5097d79b403e7b9fa1b5737665486d2d
  custom:scripting/precompiled-assembly-types:Unity.AI.Navigation.Editor.ConversionSystem: 27c718e5de2659aeeb663e092dc21158 -> 
  custom:scripting/precompiled-assembly-types:Unity.AI.Navigation: 5d8fa505e3253b9a2a456e2c28a1afb3 -> 
  custom:scripting/monoscript/fileName/SystemConvertersEditor.cs: c127c1335f24b77ca70195bf2136c6a2 -> 
  custom:scripting/monoscript/fileName/NavMeshSurfaceEditor.cs: adb1294e971eab992abc2e3e7e051565 -> 
  custom:audio-encoder-webm-vorbis: bf7c407c2cedff20999df2af8eb42d56 -> 
  custom:scripting/monoscript/fileName/InitializeConverterContext.cs: a97e19589a5774cdc2a34a28caea355f -> 
  custom:scripting/monoscript/fileName/SystemConverterContainer.cs: eb4026ea01a117ce0888f693e9eed2cd -> 
  custom:scripting/monoscript/fileName/NavMeshComponentsGUIUtility.cs: 08c52049b94db52661003d42fda4ecff -> 
  custom:container-demuxer-webm: 4f35f7cbe854078d1ac9338744f61a02 -> 
  custom:scripting/monoscript/fileName/EnemyChase.cs: 3a83095262844a2fb6b878062f338b2e -> 
  custom:scripting/monoscript/fileName/NavMeshModifierEditor.cs: b8675d28116f43f78881455a7301fe8c -> 
  custom:SearchIndexIgnoredProperties: e643bd26f0fe6173181afceb89e7c659 -> 
  custom:scripting/monoscript/fileName/ConverterItemInfo.cs: 9fb131dfa28a9ed6b6d00fd9cf83ece4 -> 
  custom:scripting/monoscript/fileName/NavMeshModifierVolume.cs: 8dc531216c72b86c60b86e16ff3da10b -> 
  custom:scripting/monoscript/fileName/ConverterItemDescriptor.cs: 8182050d34c5cb602eb7913435a7abee -> 
  custom:scripting/monoscript/fileName/SystemConverter.cs: c748d1769fc66e95256254a1cc1497f3 -> 
  custom:scripting/monoscript/fileName/NavMeshUpdaterUtility.cs: 5eb03802e6dba19b3e13aaf384805cac -> 
  custom:scripting/precompiled-assembly-types:Unity.AI.Navigation.Updater: d2095ddf03fd615830d6dacf5841450d -> 
  custom:scripting/monoscript/fileName/NavMeshUpdaterEditor.cs: 169704080eda430978bba61ddedeb304 -> 
  custom:container-muxer-webm: aa71ff27fc2769a1b78a27578f13a17b -> 
  custom:container-demuxer-ogg: 62fdf1f143b41e24485cea50d1cbac27 -> 
  custom:scripting/monoscript/fileName/NavMeshLinkEditor.cs: aed8ae070d922149bb2ba3de06889ff6 -> 
  custom:AudioImporter_EditorPlatform: 3918e3fc78b5a79bad01e8451be0beb8 -> 
  custom:scripting/monoscript/fileName/RunItemContext.cs: 338b2243183036c2b60f94c1b5e817c5 -> 
  custom:scripting/monoscript/fileName/NavMeshLink.cs: 0b3d0eeb07ab57d259e8f9365538df09 -> 
  custom:CustomObjectIndexerAttribute: 9a22284fe3817be447336de3de66b15e -> 
  custom:scripting/monoscript/fileName/NavMeshModifier.cs: 99ae5ed91bb784edc4f8312d7de046da -> 
========================================================================
Received Prepare
Caller must complete domain reload
Begin MonoManager ReloadAssembly
Thread 0x16f65f000 may have been prematurely finalized
- Loaded All Assemblies, in  0.089 seconds
Native extension for OSXStandalone target not found
Native extension for WebGL target not found
Mono: successfully reloaded assembly
- Finished resetting the current domain, in  0.137 seconds
Domain Reload Profiling: 226ms
	BeginReloadAssembly (55ms)
		ExecutionOrderSort (0ms)
		DisableScriptedObjects (2ms)
		BackupInstance (0ms)
		ReleaseScriptingObjects (0ms)
		CreateAndSetChildDomain (12ms)
	RebuildCommonClasses (18ms)
	RebuildNativeTypeToScriptingClass (5ms)
	initialDomainReloadingComplete (8ms)
	LoadAllAssembliesAndSetupDomain (4ms)
		LoadAssemblies (24ms)
		RebuildTransferFunctionScriptingTraits (0ms)
		AnalyzeDomain (3ms)
			TypeCache.Refresh (1ms)
				TypeCache.ScanAssembly (0ms)
			ScanForSourceGeneratedMonoScriptInfo (0ms)
			ResolveRequiredComponents (1ms)
	FinalizeReload (137ms)
		ReleaseScriptCaches (0ms)
		RebuildScriptCaches (0ms)
		SetupLoadedEditorAssemblies (82ms)
			LogAssemblyErrors (0ms)
			InitializePlatformSupportModulesInManaged (2ms)
			SetLoadedEditorAssemblies (3ms)
			RefreshPlugins (0ms)
			BeforeProcessingInitializeOnLoad (13ms)
			ProcessInitializeOnLoadAttributes (56ms)
			ProcessInitializeOnLoadMethodAttributes (7ms)
			AfterProcessingInitializeOnLoad (0ms)
			EditorAssembliesLoaded (0ms)
		ExecutionOrderSort2 (0ms)
		AwakeInstancesAfterBackupRestoration (2ms)
Refreshing native plugins compatible for Editor in 0.00 ms, found 0 plugins.
Preloading 0 native plugins for Editor in 0.00 ms.
Unloading 271 Unused Serialized files (Serialized files now loaded: 0)
Unloading 1 unused Assets / (22.7 KB). Loaded Objects now: 748.
Memory consumption went from 238.7 MB to 238.6 MB.
Total: 1.415625 ms (FindLiveObjects: 0.026666 ms CreateObjectMapping: 0.005834 ms MarkObjects: 1.342209 ms  DeleteObjects: 0.040667 ms)

Prepare: number of updated asset objects reloaded= 0
AssetImportParameters requested are different than current active one (requested -> active):
  custom:video-encoder-webm-vp8: eb34c28f22e8b96e1ab97ce403110664 -> 
  custom:video-decoder-webm-vp8: 9c59270c3fd7afecdb556c50c9e8de78 -> 
  custom:scripting/monoscript/fileName/NavigationWindow.cs: 7884404b71178f59d8819c380b951d7c -> 
  custom:scripting/monoscript/fileName/Finish.cs: ac3eb429518929f06fd882592af9fc8d -> 
  custom:scripting/monoscript/fileName/NavMeshModifierVolumeEditor.cs: 262a50135a116189426aa01c964a744c -> 
  custom:scripting/monoscript/fileName/NavigationPreferences.cs: ada9399a4f085d4c824cc06527e7fcae -> 
  custom:scripting/monoscript/fileName/BuiltInToNavMeshSurfaceConverterContainer.cs: c40a906f9f99ea8a6c5aaa215767017f -> 
  custom:scripting/monoscript/fileName/NavMeshSceneConverter.cs: baf486a1c1cdf03a3111dd113d13c2f4 -> 
  custom:scripting/monoscript/fileName/NavMeshSurface.cs: 34aebd278d8d3d5db6b23265b9c700f9 -> 
  custom:scripting/precompiled-assembly-types:Unity.AI.Navigation.Editor: 7eaf38f66973fde07200cf372b24130e -> 
  custom:scripting/monoscript/fileName/NavMeshAssetManager.cs: 79eb4858c2054289cd611249ab36b0a5 -> 
  custom:framework-osx-AVFoundation: e770b220cccbd017edd2c1fefb359320 -> 
  custom:scripting/monoscript/fileName/NavigationOverlay.cs: 2744f4e7946ebbb71339c9b1ce538d00 -> 
  custom:scripting/monoscript/fileName/GameManager.cs: 9933fbcc6190e2a9171c2ec8808a053e -> 
  custom:scripting/monoscript/fileName/HelpUrls.cs: c1a90585e3e9c9d25f58f9141655f24f -> 
  custom:scripting/monoscript/fileName/EditorStyles.cs: 86b9f4d8fe570a8d8295bfc466c975cf -> 
  custom:audio-decoder-ogg-vorbis: bf7c407c2cedff20999df2af8eb42d56 -> 
  custom:video-decoder-ogg-theora: a1e56fd34408186e4bbccfd4996cb3dc -> 
  custom:scripting/monoscript/fileName/ObsoleteNavigationWindowMenuEntry.cs: c7f73386e6473f401a8e4151cac4e1e5 -> 
  custom:scripting/precompiled-assembly-types:Assembly-CSharp: 5b7335633de95e6b326860172ea5c480 -> 5097d79b403e7b9fa1b5737665486d2d
  custom:scripting/precompiled-assembly-types:Unity.AI.Navigation.Editor.ConversionSystem: 27c718e5de2659aeeb663e092dc21158 -> 
  custom:scripting/precompiled-assembly-types:Unity.AI.Navigation: 5d8fa505e3253b9a2a456e2c28a1afb3 -> 
  custom:scripting/monoscript/fileName/SystemConvertersEditor.cs: c127c1335f24b77ca70195bf2136c6a2 -> 
  custom:scripting/monoscript/fileName/NavMeshSurfaceEditor.cs: adb1294e971eab992abc2e3e7e051565 -> 
  custom:audio-encoder-webm-vorbis: bf7c407c2cedff20999df2af8eb42d56 -> 
  custom:scripting/monoscript/fileName/InitializeConverterContext.cs: a97e19589a5774cdc2a34a28caea355f -> 
  custom:scripting/monoscript/fileName/SystemConverterContainer.cs: eb4026ea01a117ce0888f693e9eed2cd -> 
  custom:scripting/monoscript/fileName/NavMeshComponentsGUIUtility.cs: 08c52049b94db52661003d42fda4ecff -> 
  custom:container-demuxer-webm: 4f35f7cbe854078d1ac9338744f61a02 -> 
  custom:scripting/monoscript/fileName/EnemyChase.cs: 3a83095262844a2fb6b878062f338b2e -> 
  custom:scripting/monoscript/fileName/NavMeshModifierEditor.cs: b8675d28116f43f78881455a7301fe8c -> 
  custom:SearchIndexIgnoredProperties: e643bd26f0fe6173181afceb89e7c659 -> 
  custom:scripting/monoscript/fileName/ConverterItemInfo.cs: 9fb131dfa28a9ed6b6d00fd9cf83ece4 -> 
  custom:scripting/monoscript/fileName/NavMeshModifierVolume.cs: 8dc531216c72b86c60b86e16ff3da10b -> 
  custom:scripting/monoscript/fileName/ConverterItemDescriptor.cs: 8182050d34c5cb602eb7913435a7abee -> 
  custom:scripting/monoscript/fileName/SystemConverter.cs: c748d1769fc66e95256254a1cc1497f3 -> 
  custom:scripting/monoscript/fileName/NavMeshUpdaterUtility.cs: 5eb03802e6dba19b3e13aaf384805cac -> 
  custom:scripting/precompiled-assembly-types:Unity.AI.Navigation.Updater: d2095ddf03fd615830d6dacf5841450d -> 
  custom:scripting/monoscript/fileName/NavMeshUpdaterEditor.cs: 169704080eda430978bba61ddedeb304 -> 
  custom:container-muxer-webm: aa71ff27fc2769a1b78a27578f13a17b -> 
  custom:container-demuxer-ogg: 62fdf1f143b41e24485cea50d1cbac27 -> 
  custom:scripting/monoscript/fileName/NavMeshLinkEditor.cs: aed8ae070d922149bb2ba3de06889ff6 -> 
  custom:AudioImporter_EditorPlatform: 3918e3fc78b5a79bad01e8451be0beb8 -> 
  custom:scripting/monoscript/fileName/RunItemContext.cs: 338b2243183036c2b60f94c1b5e817c5 -> 
  custom:scripting/monoscript/fileName/NavMeshLink.cs: 0b3d0eeb07ab57d259e8f9365538df09 -> 
  custom:CustomObjectIndexerAttribute: 9a22284fe3817be447336de3de66b15e -> 
  custom:scripting/monoscript/fileName/NavMeshModifier.cs: 99ae5ed91bb784edc4f8312d7de046da -> 
========================================================================
Received Prepare
Caller must complete domain reload
Begin MonoManager ReloadAssembly
Thread 0x16f65f000 may have been prematurely finalized
- Loaded All Assemblies, in  0.096 seconds
Native extension for OSXStandalone target not found
Native extension for WebGL target not found
Mono: successfully reloaded assembly
- Finished resetting the current domain, in  0.149 seconds
Domain Reload Profiling: 245ms
	BeginReloadAssembly (59ms)
		ExecutionOrderSort (0ms)
		DisableScriptedObjects (2ms)
		BackupInstance (0ms)
		ReleaseScriptingObjects (0ms)
		CreateAndSetChildDomain (13ms)
	RebuildCommonClasses (17ms)
	RebuildNativeTypeToScriptingClass (5ms)
	initialDomainReloadingComplete (9ms)
	LoadAllAssembliesAndSetupDomain (6ms)
		LoadAssemblies (28ms)
		RebuildTransferFunctionScriptingTraits (0ms)
		AnalyzeDomain (4ms)
			TypeCache.Refresh (3ms)
				TypeCache.ScanAssembly (0ms)
			ScanForSourceGeneratedMonoScriptInfo (0ms)
			ResolveRequiredComponents (1ms)
	FinalizeReload (149ms)
		ReleaseScriptCaches (0ms)
		RebuildScriptCaches (0ms)
		SetupLoadedEditorAssemblies (86ms)
			LogAssemblyErrors (0ms)
			InitializePlatformSupportModulesInManaged (2ms)
			SetLoadedEditorAssemblies (3ms)
			RefreshPlugins (0ms)
			BeforeProcessingInitializeOnLoad (13ms)
			ProcessInitializeOnLoadAttributes (59ms)
			ProcessInitializeOnLoadMethodAttributes (8ms)
			AfterProcessingInitializeOnLoad (0ms)
			EditorAssembliesLoaded (0ms)
		ExecutionOrderSort2 (0ms)
		AwakeInstancesAfterBackupRestoration (2ms)
Refreshing native plugins compatible for Editor in 0.00 ms, found 0 plugins.
Preloading 0 native plugins for Editor in 0.00 ms.
Unloading 271 Unused Serialized files (Serialized files now loaded: 0)
Unloading 1 unused Assets / (22.7 KB). Loaded Objects now: 748.
Memory consumption went from 242.2 MB to 242.2 MB.
Total: 1.527792 ms (FindLiveObjects: 0.024291 ms CreateObjectMapping: 0.005875 ms MarkObjects: 1.487083 ms  DeleteObjects: 0.010417 ms)

Prepare: number of updated asset objects reloaded= 0
AssetImportParameters requested are different than current active one (requested -> active):
  custom:video-encoder-webm-vp8: eb34c28f22e8b96e1ab97ce403110664 -> 
  custom:video-decoder-webm-vp8: 9c59270c3fd7afecdb556c50c9e8de78 -> 
  custom:scripting/monoscript/fileName/NavigationWindow.cs: 7884404b71178f59d8819c380b951d7c -> 
  custom:scripting/monoscript/fileName/Finish.cs: ac3eb429518929f06fd882592af9fc8d -> 
  custom:scripting/monoscript/fileName/NavMeshModifierVolumeEditor.cs: 262a50135a116189426aa01c964a744c -> 
  custom:scripting/monoscript/fileName/NavigationPreferences.cs: ada9399a4f085d4c824cc06527e7fcae -> 
  custom:scripting/monoscript/fileName/BuiltInToNavMeshSurfaceConverterContainer.cs: c40a906f9f99ea8a6c5aaa215767017f -> 
  custom:scripting/monoscript/fileName/NavMeshSceneConverter.cs: baf486a1c1cdf03a3111dd113d13c2f4 -> 
  custom:scripting/monoscript/fileName/NavMeshSurface.cs: 34aebd278d8d3d5db6b23265b9c700f9 -> 
  custom:scripting/precompiled-assembly-types:Unity.AI.Navigation.Editor: 7eaf38f66973fde07200cf372b24130e -> 
  custom:scripting/monoscript/fileName/NavMeshAssetManager.cs: 79eb4858c2054289cd611249ab36b0a5 -> 
  custom:framework-osx-AVFoundation: e770b220cccbd017edd2c1fefb359320 -> 
  custom:scripting/monoscript/fileName/NavigationOverlay.cs: 2744f4e7946ebbb71339c9b1ce538d00 -> 
  custom:scripting/monoscript/fileName/GameManager.cs: 9933fbcc6190e2a9171c2ec8808a053e -> 
  custom:scripting/monoscript/fileName/HelpUrls.cs: c1a90585e3e9c9d25f58f9141655f24f -> 
  custom:scripting/monoscript/fileName/EditorStyles.cs: 86b9f4d8fe570a8d8295bfc466c975cf -> 
  custom:audio-decoder-ogg-vorbis: bf7c407c2cedff20999df2af8eb42d56 -> 
  custom:video-decoder-ogg-theora: a1e56fd34408186e4bbccfd4996cb3dc -> 
  custom:scripting/monoscript/fileName/ObsoleteNavigationWindowMenuEntry.cs: c7f73386e6473f401a8e4151cac4e1e5 -> 
  custom:scripting/precompiled-assembly-types:Assembly-CSharp: 5b7335633de95e6b326860172ea5c480 -> 5097d79b403e7b9fa1b5737665486d2d
  custom:scripting/precompiled-assembly-types:Unity.AI.Navigation.Editor.ConversionSystem: 27c718e5de2659aeeb663e092dc21158 -> 
  custom:scripting/precompiled-assembly-types:Unity.AI.Navigation: 5d8fa505e3253b9a2a456e2c28a1afb3 -> 
  custom:scripting/monoscript/fileName/SystemConvertersEditor.cs: c127c1335f24b77ca70195bf2136c6a2 -> 
  custom:scripting/monoscript/fileName/NavMeshSurfaceEditor.cs: adb1294e971eab992abc2e3e7e051565 -> 
  custom:audio-encoder-webm-vorbis: bf7c407c2cedff20999df2af8eb42d56 -> 
  custom:scripting/monoscript/fileName/InitializeConverterContext.cs: a97e19589a5774cdc2a34a28caea355f -> 
  custom:scripting/monoscript/fileName/SystemConverterContainer.cs: eb4026ea01a117ce0888f693e9eed2cd -> 
  custom:scripting/monoscript/fileName/NavMeshComponentsGUIUtility.cs: 08c52049b94db52661003d42fda4ecff -> 
  custom:container-demuxer-webm: 4f35f7cbe854078d1ac9338744f61a02 -> 
  custom:scripting/monoscript/fileName/EnemyChase.cs: 3a83095262844a2fb6b878062f338b2e -> 
  custom:scripting/monoscript/fileName/NavMeshModifierEditor.cs: b8675d28116f43f78881455a7301fe8c -> 
  custom:SearchIndexIgnoredProperties: e643bd26f0fe6173181afceb89e7c659 -> 
  custom:scripting/monoscript/fileName/ConverterItemInfo.cs: 9fb131dfa28a9ed6b6d00fd9cf83ece4 -> 
  custom:scripting/monoscript/fileName/NavMeshModifierVolume.cs: 8dc531216c72b86c60b86e16ff3da10b -> 
  custom:scripting/monoscript/fileName/ConverterItemDescriptor.cs: 8182050d34c5cb602eb7913435a7abee -> 
  custom:scripting/monoscript/fileName/SystemConverter.cs: c748d1769fc66e95256254a1cc1497f3 -> 
  custom:scripting/monoscript/fileName/NavMeshUpdaterUtility.cs: 5eb03802e6dba19b3e13aaf384805cac -> 
  custom:scripting/precompiled-assembly-types:Unity.AI.Navigation.Updater: d2095ddf03fd615830d6dacf5841450d -> 
  custom:scripting/monoscript/fileName/NavMeshUpdaterEditor.cs: 169704080eda430978bba61ddedeb304 -> 
  custom:container-muxer-webm: aa71ff27fc2769a1b78a27578f13a17b -> 
  custom:container-demuxer-ogg: 62fdf1f143b41e24485cea50d1cbac27 -> 
  custom:scripting/monoscript/fileName/NavMeshLinkEditor.cs: aed8ae070d922149bb2ba3de06889ff6 -> 
  custom:AudioImporter_EditorPlatform: 3918e3fc78b5a79bad01e8451be0beb8 -> 
  custom:scripting/monoscript/fileName/RunItemContext.cs: 338b2243183036c2b60f94c1b5e817c5 -> 
  custom:scripting/monoscript/fileName/NavMeshLink.cs: 0b3d0eeb07ab57d259e8f9365538df09 -> 
  custom:CustomObjectIndexerAttribute: 9a22284fe3817be447336de3de66b15e -> 
  custom:scripting/monoscript/fileName/NavMeshModifier.cs: 99ae5ed91bb784edc4f8312d7de046da -> 
========================================================================
Received Prepare
Caller must complete domain reload
Begin MonoManager ReloadAssembly
Thread 0x16f65f000 may have been prematurely finalized
- Loaded All Assemblies, in  0.093 seconds
Native extension for OSXStandalone target not found
Native extension for WebGL target not found
Mono: successfully reloaded assembly
- Finished resetting the current domain, in  0.145 seconds
Domain Reload Profiling: 238ms
	BeginReloadAssembly (58ms)
		ExecutionOrderSort (0ms)
		DisableScriptedObjects (2ms)
		BackupInstance (0ms)
		ReleaseScriptingObjects (0ms)
		CreateAndSetChildDomain (13ms)
	RebuildCommonClasses (17ms)
	RebuildNativeTypeToScriptingClass (6ms)
	initialDomainReloadingComplete (8ms)
	LoadAllAssembliesAndSetupDomain (4ms)
		LoadAssemblies (27ms)
		RebuildTransferFunctionScriptingTraits (0ms)
		AnalyzeDomain (3ms)
			TypeCache.Refresh (2ms)
				TypeCache.ScanAssembly (0ms)
			ScanForSourceGeneratedMonoScriptInfo (0ms)
			ResolveRequiredComponents (1ms)
	FinalizeReload (145ms)
		ReleaseScriptCaches (0ms)
		RebuildScriptCaches (0ms)
		SetupLoadedEditorAssemblies (85ms)
			LogAssemblyErrors (0ms)
			InitializePlatformSupportModulesInManaged (2ms)
			SetLoadedEditorAssemblies (3ms)
			RefreshPlugins (0ms)
			BeforeProcessingInitializeOnLoad (13ms)
			ProcessInitializeOnLoadAttributes (58ms)
			ProcessInitializeOnLoadMethodAttributes (8ms)
			AfterProcessingInitializeOnLoad (0ms)
			EditorAssembliesLoaded (0ms)
		ExecutionOrderSort2 (0ms)
		AwakeInstancesAfterBackupRestoration (2ms)
Refreshing native plugins compatible for Editor in 0.00 ms, found 0 plugins.
Preloading 0 native plugins for Editor in 0.00 ms.
Unloading 271 Unused Serialized files (Serialized files now loaded: 0)
Unloading 1 unused Assets / (22.8 KB). Loaded Objects now: 748.
Memory consumption went from 245.7 MB to 245.7 MB.
Total: 1.443375 ms (FindLiveObjects: 0.024709 ms CreateObjectMapping: 0.005959 ms MarkObjects: 1.405167 ms  DeleteObjects: 0.007166 ms)

Prepare: number of updated asset objects reloaded= 0
AssetImportParameters requested are different than current active one (requested -> active):
  custom:video-encoder-webm-vp8: eb34c28f22e8b96e1ab97ce403110664 -> 
  custom:video-decoder-webm-vp8: 9c59270c3fd7afecdb556c50c9e8de78 -> 
  custom:scripting/monoscript/fileName/NavigationWindow.cs: 7884404b71178f59d8819c380b951d7c -> 
  custom:scripting/monoscript/fileName/Finish.cs: ac3eb429518929f06fd882592af9fc8d -> 
  custom:scripting/monoscript/fileName/NavMeshModifierVolumeEditor.cs: 262a50135a116189426aa01c964a744c -> 
  custom:scripting/monoscript/fileName/NavigationPreferences.cs: ada9399a4f085d4c824cc06527e7fcae -> 
  custom:scripting/monoscript/fileName/BuiltInToNavMeshSurfaceConverterContainer.cs: c40a906f9f99ea8a6c5aaa215767017f -> 
  custom:scripting/monoscript/fileName/NavMeshSceneConverter.cs: baf486a1c1cdf03a3111dd113d13c2f4 -> 
  custom:scripting/monoscript/fileName/NavMeshSurface.cs: 34aebd278d8d3d5db6b23265b9c700f9 -> 
  custom:scripting/precompiled-assembly-types:Unity.AI.Navigation.Editor: 7eaf38f66973fde07200cf372b24130e -> 
  custom:scripting/monoscript/fileName/NavMeshAssetManager.cs: 79eb4858c2054289cd611249ab36b0a5 -> 
  custom:framework-osx-AVFoundation: e770b220cccbd017edd2c1fefb359320 -> 
  custom:scripting/monoscript/fileName/NavigationOverlay.cs: 2744f4e7946ebbb71339c9b1ce538d00 -> 
  custom:scripting/monoscript/fileName/GameManager.cs: 9933fbcc6190e2a9171c2ec8808a053e -> 
  custom:scripting/monoscript/fileName/HelpUrls.cs: c1a90585e3e9c9d25f58f9141655f24f -> 
  custom:scripting/monoscript/fileName/EditorStyles.cs: 86b9f4d8fe570a8d8295bfc466c975cf -> 
  custom:audio-decoder-ogg-vorbis: bf7c407c2cedff20999df2af8eb42d56 -> 
  custom:video-decoder-ogg-theora: a1e56fd34408186e4bbccfd4996cb3dc -> 
  custom:scripting/monoscript/fileName/ObsoleteNavigationWindowMenuEntry.cs: c7f73386e6473f401a8e4151cac4e1e5 -> 
  custom:scripting/precompiled-assembly-types:Assembly-CSharp: 5b7335633de95e6b326860172ea5c480 -> 5097d79b403e7b9fa1b5737665486d2d
  custom:scripting/precompiled-assembly-types:Unity.AI.Navigation.Editor.ConversionSystem: 27c718e5de2659aeeb663e092dc21158 -> 
  custom:scripting/precompiled-assembly-types:Unity.AI.Navigation: 5d8fa505e3253b9a2a456e2c28a1afb3 -> 
  custom:scripting/monoscript/fileName/SystemConvertersEditor.cs: c127c1335f24b77ca70195bf2136c6a2 -> 
  custom:scripting/monoscript/fileName/NavMeshSurfaceEditor.cs: adb1294e971eab992abc2e3e7e051565 -> 
  custom:audio-encoder-webm-vorbis: bf7c407c2cedff20999df2af8eb42d56 -> 
  custom:scripting/monoscript/fileName/InitializeConverterContext.cs: a97e19589a5774cdc2a34a28caea355f -> 
  custom:scripting/monoscript/fileName/SystemConverterContainer.cs: eb4026ea01a117ce0888f693e9eed2cd -> 
  custom:scripting/monoscript/fileName/NavMeshComponentsGUIUtility.cs: 08c52049b94db52661003d42fda4ecff -> 
  custom:container-demuxer-webm: 4f35f7cbe854078d1ac9338744f61a02 -> 
  custom:scripting/monoscript/fileName/EnemyChase.cs: 3a83095262844a2fb6b878062f338b2e -> 
  custom:scripting/monoscript/fileName/NavMeshModifierEditor.cs: b8675d28116f43f78881455a7301fe8c -> 
  custom:SearchIndexIgnoredProperties: e643bd26f0fe6173181afceb89e7c659 -> 
  custom:scripting/monoscript/fileName/ConverterItemInfo.cs: 9fb131dfa28a9ed6b6d00fd9cf83ece4 -> 
  custom:scripting/monoscript/fileName/NavMeshModifierVolume.cs: 8dc531216c72b86c60b86e16ff3da10b -> 
  custom:scripting/monoscript/fileName/ConverterItemDescriptor.cs: 8182050d34c5cb602eb7913435a7abee -> 
  custom:scripting/monoscript/fileName/SystemConverter.cs: c748d1769fc66e95256254a1cc1497f3 -> 
  custom:scripting/monoscript/fileName/NavMeshUpdaterUtility.cs: 5eb03802e6dba19b3e13aaf384805cac -> 
  custom:scripting/precompiled-assembly-types:Unity.AI.Navigation.Updater: d2095ddf03fd615830d6dacf5841450d -> 
  custom:scripting/monoscript/fileName/NavMeshUpdaterEditor.cs: 169704080eda430978bba61ddedeb304 -> 
  custom:container-muxer-webm: aa71ff27fc2769a1b78a27578f13a17b -> 
  custom:container-demuxer-ogg: 62fdf1f143b41e24485cea50d1cbac27 -> 
  custom:scripting/monoscript/fileName/NavMeshLinkEditor.cs: aed8ae070d922149bb2ba3de06889ff6 -> 
  custom:AudioImporter_EditorPlatform: 3918e3fc78b5a79bad01e8451be0beb8 -> 
  custom:scripting/monoscript/fileName/RunItemContext.cs: 338b2243183036c2b60f94c1b5e817c5 -> 
  custom:scripting/monoscript/fileName/NavMeshLink.cs: 0b3d0eeb07ab57d259e8f9365538df09 -> 
  custom:CustomObjectIndexerAttribute: 9a22284fe3817be447336de3de66b15e -> 
  custom:scripting/monoscript/fileName/NavMeshModifier.cs: 99ae5ed91bb784edc4f8312d7de046da -> 
========================================================================
Received Prepare
Caller must complete domain reload
Begin MonoManager ReloadAssembly
Thread 0x16f65f000 may have been prematurely finalized
- Loaded All Assemblies, in  0.090 seconds
Native extension for OSXStandalone target not found
Native extension for WebGL target not found
Mono: successfully reloaded assembly
- Finished resetting the current domain, in  0.141 seconds
Domain Reload Profiling: 231ms
	BeginReloadAssembly (56ms)
		ExecutionOrderSort (0ms)
		DisableScriptedObjects (2ms)
		BackupInstance (0ms)
		ReleaseScriptingObjects (0ms)
		CreateAndSetChildDomain (12ms)
	RebuildCommonClasses (18ms)
	RebuildNativeTypeToScriptingClass (5ms)
	initialDomainReloadingComplete (8ms)
	LoadAllAssembliesAndSetupDomain (4ms)
		LoadAssemblies (25ms)
		RebuildTransferFunctionScriptingTraits (0ms)
		AnalyzeDomain (3ms)
			TypeCache.Refresh (2ms)
				TypeCache.ScanAssembly (0ms)
			ScanForSourceGeneratedMonoScriptInfo (0ms)
			ResolveRequiredComponents (1ms)
	FinalizeReload (141ms)
		ReleaseScriptCaches (0ms)
		RebuildScriptCaches (0ms)
		SetupLoadedEditorAssemblies (84ms)
			LogAssemblyErrors (0ms)
			InitializePlatformSupportModulesInManaged (2ms)
			SetLoadedEditorAssemblies (3ms)
			RefreshPlugins (0ms)
			BeforeProcessingInitializeOnLoad (13ms)
			ProcessInitializeOnLoadAttributes (58ms)
			ProcessInitializeOnLoadMethodAttributes (8ms)
			AfterProcessingInitializeOnLoad (0ms)
			EditorAssembliesLoaded (0ms)
		ExecutionOrderSort2 (0ms)
		AwakeInstancesAfterBackupRestoration (2ms)
Refreshing native plugins compatible for Editor in 0.00 ms, found 0 plugins.
Preloading 0 native plugins for Editor in 0.00 ms.
Unloading 271 Unused Serialized files (Serialized files now loaded: 0)
Unloading 1 unused Assets / (22.7 KB). Loaded Objects now: 748.
Memory consumption went from 249.3 MB to 249.2 MB.
Total: 1.271125 ms (FindLiveObjects: 0.022333 ms CreateObjectMapping: 0.005750 ms MarkObjects: 1.235459 ms  DeleteObjects: 0.007500 ms)

Prepare: number of updated asset objects reloaded= 0
AssetImportParameters requested are different than current active one (requested -> active):
  custom:video-encoder-webm-vp8: eb34c28f22e8b96e1ab97ce403110664 -> 
  custom:video-decoder-webm-vp8: 9c59270c3fd7afecdb556c50c9e8de78 -> 
  custom:scripting/monoscript/fileName/NavigationWindow.cs: 7884404b71178f59d8819c380b951d7c -> 
  custom:scripting/monoscript/fileName/Finish.cs: ac3eb429518929f06fd882592af9fc8d -> 
  custom:scripting/monoscript/fileName/NavMeshModifierVolumeEditor.cs: 262a50135a116189426aa01c964a744c -> 
  custom:scripting/monoscript/fileName/NavigationPreferences.cs: ada9399a4f085d4c824cc06527e7fcae -> 
  custom:scripting/monoscript/fileName/BuiltInToNavMeshSurfaceConverterContainer.cs: c40a906f9f99ea8a6c5aaa215767017f -> 
  custom:scripting/monoscript/fileName/NavMeshSceneConverter.cs: baf486a1c1cdf03a3111dd113d13c2f4 -> 
  custom:scripting/monoscript/fileName/NavMeshSurface.cs: 34aebd278d8d3d5db6b23265b9c700f9 -> 
  custom:scripting/precompiled-assembly-types:Unity.AI.Navigation.Editor: 7eaf38f66973fde07200cf372b24130e -> 
  custom:scripting/monoscript/fileName/NavMeshAssetManager.cs: 79eb4858c2054289cd611249ab36b0a5 -> 
  custom:framework-osx-AVFoundation: e770b220cccbd017edd2c1fefb359320 -> 
  custom:scripting/monoscript/fileName/NavigationOverlay.cs: 2744f4e7946ebbb71339c9b1ce538d00 -> 
  custom:scripting/monoscript/fileName/GameManager.cs: 9933fbcc6190e2a9171c2ec8808a053e -> 
  custom:scripting/monoscript/fileName/HelpUrls.cs: c1a90585e3e9c9d25f58f9141655f24f -> 
  custom:scripting/monoscript/fileName/EditorStyles.cs: 86b9f4d8fe570a8d8295bfc466c975cf -> 
  custom:audio-decoder-ogg-vorbis: bf7c407c2cedff20999df2af8eb42d56 -> 
  custom:video-decoder-ogg-theora: a1e56fd34408186e4bbccfd4996cb3dc -> 
  custom:scripting/monoscript/fileName/ObsoleteNavigationWindowMenuEntry.cs: c7f73386e6473f401a8e4151cac4e1e5 -> 
  custom:scripting/precompiled-assembly-types:Assembly-CSharp: 5b7335633de95e6b326860172ea5c480 -> 5097d79b403e7b9fa1b5737665486d2d
  custom:scripting/precompiled-assembly-types:Unity.AI.Navigation.Editor.ConversionSystem: 27c718e5de2659aeeb663e092dc21158 -> 
  custom:scripting/precompiled-assembly-types:Unity.AI.Navigation: 5d8fa505e3253b9a2a456e2c28a1afb3 -> 
  custom:scripting/monoscript/fileName/SystemConvertersEditor.cs: c127c1335f24b77ca70195bf2136c6a2 -> 
  custom:scripting/monoscript/fileName/NavMeshSurfaceEditor.cs: adb1294e971eab992abc2e3e7e051565 -> 
  custom:audio-encoder-webm-vorbis: bf7c407c2cedff20999df2af8eb42d56 -> 
  custom:scripting/monoscript/fileName/InitializeConverterContext.cs: a97e19589a5774cdc2a34a28caea355f -> 
  custom:scripting/monoscript/fileName/SystemConverterContainer.cs: eb4026ea01a117ce0888f693e9eed2cd -> 
  custom:scripting/monoscript/fileName/NavMeshComponentsGUIUtility.cs: 08c52049b94db52661003d42fda4ecff -> 
  custom:container-demuxer-webm: 4f35f7cbe854078d1ac9338744f61a02 -> 
  custom:scripting/monoscript/fileName/EnemyChase.cs: 3a83095262844a2fb6b878062f338b2e -> 
  custom:scripting/monoscript/fileName/NavMeshModifierEditor.cs: b8675d28116f43f78881455a7301fe8c -> 
  custom:SearchIndexIgnoredProperties: e643bd26f0fe6173181afceb89e7c659 -> 
  custom:scripting/monoscript/fileName/ConverterItemInfo.cs: 9fb131dfa28a9ed6b6d00fd9cf83ece4 -> 
  custom:scripting/monoscript/fileName/NavMeshModifierVolume.cs: 8dc531216c72b86c60b86e16ff3da10b -> 
  custom:scripting/monoscript/fileName/ConverterItemDescriptor.cs: 8182050d34c5cb602eb7913435a7abee -> 
  custom:scripting/monoscript/fileName/SystemConverter.cs: c748d1769fc66e95256254a1cc1497f3 -> 
  custom:scripting/monoscript/fileName/NavMeshUpdaterUtility.cs: 5eb03802e6dba19b3e13aaf384805cac -> 
  custom:scripting/precompiled-assembly-types:Unity.AI.Navigation.Updater: d2095ddf03fd615830d6dacf5841450d -> 
  custom:scripting/monoscript/fileName/NavMeshUpdaterEditor.cs: 169704080eda430978bba61ddedeb304 -> 
  custom:container-muxer-webm: aa71ff27fc2769a1b78a27578f13a17b -> 
  custom:container-demuxer-ogg: 62fdf1f143b41e24485cea50d1cbac27 -> 
  custom:scripting/monoscript/fileName/NavMeshLinkEditor.cs: aed8ae070d922149bb2ba3de06889ff6 -> 
  custom:AudioImporter_EditorPlatform: 3918e3fc78b5a79bad01e8451be0beb8 -> 
  custom:scripting/monoscript/fileName/RunItemContext.cs: 338b2243183036c2b60f94c1b5e817c5 -> 
  custom:scripting/monoscript/fileName/NavMeshLink.cs: 0b3d0eeb07ab57d259e8f9365538df09 -> 
  custom:CustomObjectIndexerAttribute: 9a22284fe3817be447336de3de66b15e -> 
  custom:scripting/monoscript/fileName/NavMeshModifier.cs: 99ae5ed91bb784edc4f8312d7de046da -> 
========================================================================
Received Prepare
Caller must complete domain reload
Begin MonoManager ReloadAssembly
Thread 0x16f65f000 may have been prematurely finalized
- Loaded All Assemblies, in  0.088 seconds
Native extension for OSXStandalone target not found
Native extension for WebGL target not found
Mono: successfully reloaded assembly
- Finished resetting the current domain, in  0.141 seconds
Domain Reload Profiling: 230ms
	BeginReloadAssembly (54ms)
		ExecutionOrderSort (0ms)
		DisableScriptedObjects (2ms)
		BackupInstance (0ms)
		ReleaseScriptingObjects (0ms)
		CreateAndSetChildDomain (12ms)
	RebuildCommonClasses (17ms)
	RebuildNativeTypeToScriptingClass (6ms)
	initialDomainReloadingComplete (8ms)
	LoadAllAssembliesAndSetupDomain (4ms)
		LoadAssemblies (23ms)
		RebuildTransferFunctionScriptingTraits (0ms)
		AnalyzeDomain (3ms)
			TypeCache.Refresh (2ms)
				TypeCache.ScanAssembly (0ms)
			ScanForSourceGeneratedMonoScriptInfo (0ms)
			ResolveRequiredComponents (1ms)
	FinalizeReload (141ms)
		ReleaseScriptCaches (0ms)
		RebuildScriptCaches (0ms)
		SetupLoadedEditorAssemblies (85ms)
			LogAssemblyErrors (0ms)
			InitializePlatformSupportModulesInManaged (2ms)
			SetLoadedEditorAssemblies (3ms)
			RefreshPlugins (0ms)
			BeforeProcessingInitializeOnLoad (13ms)
			ProcessInitializeOnLoadAttributes (58ms)
			ProcessInitializeOnLoadMethodAttributes (8ms)
			AfterProcessingInitializeOnLoad (0ms)
			EditorAssembliesLoaded (0ms)
		ExecutionOrderSort2 (0ms)
		AwakeInstancesAfterBackupRestoration (2ms)
Refreshing native plugins compatible for Editor in 0.00 ms, found 0 plugins.
Preloading 0 native plugins for Editor in 0.00 ms.
Unloading 271 Unused Serialized files (Serialized files now loaded: 0)
Unloading 1 unused Assets / (22.8 KB). Loaded Objects now: 748.
Memory consumption went from 252.8 MB to 252.8 MB.
Total: 1.186042 ms (FindLiveObjects: 0.026167 ms CreateObjectMapping: 0.006500 ms MarkObjects: 1.145417 ms  DeleteObjects: 0.007500 ms)

Prepare: number of updated asset objects reloaded= 0
AssetImportParameters requested are different than current active one (requested -> active):
  custom:video-encoder-webm-vp8: eb34c28f22e8b96e1ab97ce403110664 -> 
  custom:video-decoder-webm-vp8: 9c59270c3fd7afecdb556c50c9e8de78 -> 
  custom:scripting/monoscript/fileName/NavigationWindow.cs: 7884404b71178f59d8819c380b951d7c -> 
  custom:scripting/monoscript/fileName/Finish.cs: ac3eb429518929f06fd882592af9fc8d -> 
  custom:scripting/monoscript/fileName/NavMeshModifierVolumeEditor.cs: 262a50135a116189426aa01c964a744c -> 
  custom:scripting/monoscript/fileName/NavigationPreferences.cs: ada9399a4f085d4c824cc06527e7fcae -> 
  custom:scripting/monoscript/fileName/BuiltInToNavMeshSurfaceConverterContainer.cs: c40a906f9f99ea8a6c5aaa215767017f -> 
  custom:scripting/monoscript/fileName/NavMeshSceneConverter.cs: baf486a1c1cdf03a3111dd113d13c2f4 -> 
  custom:scripting/monoscript/fileName/NavMeshSurface.cs: 34aebd278d8d3d5db6b23265b9c700f9 -> 
  custom:scripting/precompiled-assembly-types:Unity.AI.Navigation.Editor: 7eaf38f66973fde07200cf372b24130e -> 
  custom:scripting/monoscript/fileName/NavMeshAssetManager.cs: 79eb4858c2054289cd611249ab36b0a5 -> 
  custom:framework-osx-AVFoundation: e770b220cccbd017edd2c1fefb359320 -> 
  custom:scripting/monoscript/fileName/NavigationOverlay.cs: 2744f4e7946ebbb71339c9b1ce538d00 -> 
  custom:scripting/monoscript/fileName/GameManager.cs: 9933fbcc6190e2a9171c2ec8808a053e -> 
  custom:scripting/monoscript/fileName/HelpUrls.cs: c1a90585e3e9c9d25f58f9141655f24f -> 
  custom:scripting/monoscript/fileName/EditorStyles.cs: 86b9f4d8fe570a8d8295bfc466c975cf -> 
  custom:audio-decoder-ogg-vorbis: bf7c407c2cedff20999df2af8eb42d56 -> 
  custom:video-decoder-ogg-theora: a1e56fd34408186e4bbccfd4996cb3dc -> 
  custom:scripting/monoscript/fileName/ObsoleteNavigationWindowMenuEntry.cs: c7f73386e6473f401a8e4151cac4e1e5 -> 
  custom:scripting/precompiled-assembly-types:Assembly-CSharp: 5b7335633de95e6b326860172ea5c480 -> 5097d79b403e7b9fa1b5737665486d2d
  custom:scripting/precompiled-assembly-types:Unity.AI.Navigation.Editor.ConversionSystem: 27c718e5de2659aeeb663e092dc21158 -> 
  custom:scripting/precompiled-assembly-types:Unity.AI.Navigation: 5d8fa505e3253b9a2a456e2c28a1afb3 -> 
  custom:scripting/monoscript/fileName/SystemConvertersEditor.cs: c127c1335f24b77ca70195bf2136c6a2 -> 
  custom:scripting/monoscript/fileName/NavMeshSurfaceEditor.cs: adb1294e971eab992abc2e3e7e051565 -> 
  custom:audio-encoder-webm-vorbis: bf7c407c2cedff20999df2af8eb42d56 -> 
  custom:scripting/monoscript/fileName/InitializeConverterContext.cs: a97e19589a5774cdc2a34a28caea355f -> 
  custom:scripting/monoscript/fileName/SystemConverterContainer.cs: eb4026ea01a117ce0888f693e9eed2cd -> 
  custom:scripting/monoscript/fileName/NavMeshComponentsGUIUtility.cs: 08c52049b94db52661003d42fda4ecff -> 
  custom:container-demuxer-webm: 4f35f7cbe854078d1ac9338744f61a02 -> 
  custom:scripting/monoscript/fileName/EnemyChase.cs: 3a83095262844a2fb6b878062f338b2e -> 
  custom:scripting/monoscript/fileName/NavMeshModifierEditor.cs: b8675d28116f43f78881455a7301fe8c -> 
  custom:SearchIndexIgnoredProperties: e643bd26f0fe6173181afceb89e7c659 -> 
  custom:scripting/monoscript/fileName/ConverterItemInfo.cs: 9fb131dfa28a9ed6b6d00fd9cf83ece4 -> 
  custom:scripting/monoscript/fileName/NavMeshModifierVolume.cs: 8dc531216c72b86c60b86e16ff3da10b -> 
  custom:scripting/monoscript/fileName/ConverterItemDescriptor.cs: 8182050d34c5cb602eb7913435a7abee -> 
  custom:scripting/monoscript/fileName/SystemConverter.cs: c748d1769fc66e95256254a1cc1497f3 -> 
  custom:scripting/monoscript/fileName/NavMeshUpdaterUtility.cs: 5eb03802e6dba19b3e13aaf384805cac -> 
  custom:scripting/precompiled-assembly-types:Unity.AI.Navigation.Updater: d2095ddf03fd615830d6dacf5841450d -> 
  custom:scripting/monoscript/fileName/NavMeshUpdaterEditor.cs: 169704080eda430978bba61ddedeb304 -> 
  custom:container-muxer-webm: aa71ff27fc2769a1b78a27578f13a17b -> 
  custom:container-demuxer-ogg: 62fdf1f143b41e24485cea50d1cbac27 -> 
  custom:scripting/monoscript/fileName/NavMeshLinkEditor.cs: aed8ae070d922149bb2ba3de06889ff6 -> 
  custom:AudioImporter_EditorPlatform: 3918e3fc78b5a79bad01e8451be0beb8 -> 
  custom:scripting/monoscript/fileName/RunItemContext.cs: 338b2243183036c2b60f94c1b5e817c5 -> 
  custom:scripting/monoscript/fileName/NavMeshLink.cs: 0b3d0eeb07ab57d259e8f9365538df09 -> 
  custom:CustomObjectIndexerAttribute: 9a22284fe3817be447336de3de66b15e -> 
  custom:scripting/monoscript/fileName/NavMeshModifier.cs: 99ae5ed91bb784edc4f8312d7de046da -> 
========================================================================
Received Prepare
Caller must complete domain reload
Begin MonoManager ReloadAssembly
Thread 0x16f65f000 may have been prematurely finalized
- Loaded All Assemblies, in  0.089 seconds
Native extension for OSXStandalone target not found
Native extension for WebGL target not found
Mono: successfully reloaded assembly
- Finished resetting the current domain, in  0.140 seconds
Domain Reload Profiling: 229ms
	BeginReloadAssembly (54ms)
		ExecutionOrderSort (0ms)
		DisableScriptedObjects (2ms)
		BackupInstance (0ms)
		ReleaseScriptingObjects (0ms)
		CreateAndSetChildDomain (12ms)
	RebuildCommonClasses (17ms)
	RebuildNativeTypeToScriptingClass (5ms)
	initialDomainReloadingComplete (8ms)
	LoadAllAssembliesAndSetupDomain (4ms)
		LoadAssemblies (24ms)
		RebuildTransferFunctionScriptingTraits (0ms)
		AnalyzeDomain (3ms)
			TypeCache.Refresh (2ms)
				TypeCache.ScanAssembly (0ms)
			ScanForSourceGeneratedMonoScriptInfo (0ms)
			ResolveRequiredComponents (1ms)
	FinalizeReload (140ms)
		ReleaseScriptCaches (0ms)
		RebuildScriptCaches (0ms)
		SetupLoadedEditorAssemblies (84ms)
			LogAssemblyErrors (0ms)
			InitializePlatformSupportModulesInManaged (2ms)
			SetLoadedEditorAssemblies (3ms)
			RefreshPlugins (0ms)
			BeforeProcessingInitializeOnLoad (13ms)
			ProcessInitializeOnLoadAttributes (58ms)
			ProcessInitializeOnLoadMethodAttributes (8ms)
			AfterProcessingInitializeOnLoad (0ms)
			EditorAssembliesLoaded (0ms)
		ExecutionOrderSort2 (0ms)
		AwakeInstancesAfterBackupRestoration (2ms)
Refreshing native plugins compatible for Editor in 0.00 ms, found 0 plugins.
Preloading 0 native plugins for Editor in 0.00 ms.
Unloading 271 Unused Serialized files (Serialized files now loaded: 0)
Unloading 1 unused Assets / (22.8 KB). Loaded Objects now: 748.
Memory consumption went from 256.3 MB to 256.3 MB.
Total: 1.335125 ms (FindLiveObjects: 0.023209 ms CreateObjectMapping: 0.005541 ms MarkObjects: 1.299042 ms  DeleteObjects: 0.007208 ms)

Prepare: number of updated asset objects reloaded= 0
AssetImportParameters requested are different than current active one (requested -> active):
  custom:video-encoder-webm-vp8: eb34c28f22e8b96e1ab97ce403110664 -> 
  custom:video-decoder-webm-vp8: 9c59270c3fd7afecdb556c50c9e8de78 -> 
  custom:scripting/monoscript/fileName/NavigationWindow.cs: 7884404b71178f59d8819c380b951d7c -> 
  custom:scripting/monoscript/fileName/Finish.cs: ac3eb429518929f06fd882592af9fc8d -> 
  custom:scripting/monoscript/fileName/NavMeshModifierVolumeEditor.cs: 262a50135a116189426aa01c964a744c -> 
  custom:scripting/monoscript/fileName/NavigationPreferences.cs: ada9399a4f085d4c824cc06527e7fcae -> 
  custom:scripting/monoscript/fileName/BuiltInToNavMeshSurfaceConverterContainer.cs: c40a906f9f99ea8a6c5aaa215767017f -> 
  custom:scripting/monoscript/fileName/NavMeshSceneConverter.cs: baf486a1c1cdf03a3111dd113d13c2f4 -> 
  custom:scripting/monoscript/fileName/NavMeshSurface.cs: 34aebd278d8d3d5db6b23265b9c700f9 -> 
  custom:scripting/precompiled-assembly-types:Unity.AI.Navigation.Editor: 7eaf38f66973fde07200cf372b24130e -> 
  custom:scripting/monoscript/fileName/NavMeshAssetManager.cs: 79eb4858c2054289cd611249ab36b0a5 -> 
  custom:framework-osx-AVFoundation: e770b220cccbd017edd2c1fefb359320 -> 
  custom:scripting/monoscript/fileName/NavigationOverlay.cs: 2744f4e7946ebbb71339c9b1ce538d00 -> 
  custom:scripting/monoscript/fileName/GameManager.cs: 9933fbcc6190e2a9171c2ec8808a053e -> 
  custom:scripting/monoscript/fileName/HelpUrls.cs: c1a90585e3e9c9d25f58f9141655f24f -> 
  custom:scripting/monoscript/fileName/EditorStyles.cs: 86b9f4d8fe570a8d8295bfc466c975cf -> 
  custom:audio-decoder-ogg-vorbis: bf7c407c2cedff20999df2af8eb42d56 -> 
  custom:video-decoder-ogg-theora: a1e56fd34408186e4bbccfd4996cb3dc -> 
  custom:scripting/monoscript/fileName/ObsoleteNavigationWindowMenuEntry.cs: c7f73386e6473f401a8e4151cac4e1e5 -> 
  custom:scripting/precompiled-assembly-types:Assembly-CSharp: 5b7335633de95e6b326860172ea5c480 -> 5097d79b403e7b9fa1b5737665486d2d
  custom:scripting/precompiled-assembly-types:Unity.AI.Navigation.Editor.ConversionSystem: 27c718e5de2659aeeb663e092dc21158 -> 
  custom:scripting/precompiled-assembly-types:Unity.AI.Navigation: 5d8fa505e3253b9a2a456e2c28a1afb3 -> 
  custom:scripting/monoscript/fileName/SystemConvertersEditor.cs: c127c1335f24b77ca70195bf2136c6a2 -> 
  custom:scripting/monoscript/fileName/NavMeshSurfaceEditor.cs: adb1294e971eab992abc2e3e7e051565 -> 
  custom:audio-encoder-webm-vorbis: bf7c407c2cedff20999df2af8eb42d56 -> 
  custom:scripting/monoscript/fileName/InitializeConverterContext.cs: a97e19589a5774cdc2a34a28caea355f -> 
  custom:scripting/monoscript/fileName/SystemConverterContainer.cs: eb4026ea01a117ce0888f693e9eed2cd -> 
  custom:scripting/monoscript/fileName/NavMeshComponentsGUIUtility.cs: 08c52049b94db52661003d42fda4ecff -> 
  custom:container-demuxer-webm: 4f35f7cbe854078d1ac9338744f61a02 -> 
  custom:scripting/monoscript/fileName/EnemyChase.cs: 3a83095262844a2fb6b878062f338b2e -> 
  custom:scripting/monoscript/fileName/NavMeshModifierEditor.cs: b8675d28116f43f78881455a7301fe8c -> 
  custom:SearchIndexIgnoredProperties: e643bd26f0fe6173181afceb89e7c659 -> 
  custom:scripting/monoscript/fileName/ConverterItemInfo.cs: 9fb131dfa28a9ed6b6d00fd9cf83ece4 -> 
  custom:scripting/monoscript/fileName/NavMeshModifierVolume.cs: 8dc531216c72b86c60b86e16ff3da10b -> 
  custom:scripting/monoscript/fileName/ConverterItemDescriptor.cs: 8182050d34c5cb602eb7913435a7abee -> 
  custom:scripting/monoscript/fileName/SystemConverter.cs: c748d1769fc66e95256254a1cc1497f3 -> 
  custom:scripting/monoscript/fileName/NavMeshUpdaterUtility.cs: 5eb03802e6dba19b3e13aaf384805cac -> 
  custom:scripting/precompiled-assembly-types:Unity.AI.Navigation.Updater: d2095ddf03fd615830d6dacf5841450d -> 
  custom:scripting/monoscript/fileName/NavMeshUpdaterEditor.cs: 169704080eda430978bba61ddedeb304 -> 
  custom:container-muxer-webm: aa71ff27fc2769a1b78a27578f13a17b -> 
  custom:container-demuxer-ogg: 62fdf1f143b41e24485cea50d1cbac27 -> 
  custom:scripting/monoscript/fileName/NavMeshLinkEditor.cs: aed8ae070d922149bb2ba3de06889ff6 -> 
  custom:AudioImporter_EditorPlatform: 3918e3fc78b5a79bad01e8451be0beb8 -> 
  custom:scripting/monoscript/fileName/RunItemContext.cs: 338b2243183036c2b60f94c1b5e817c5 -> 
  custom:scripting/monoscript/fileName/NavMeshLink.cs: 0b3d0eeb07ab57d259e8f9365538df09 -> 
  custom:CustomObjectIndexerAttribute: 9a22284fe3817be447336de3de66b15e -> 
  custom:scripting/monoscript/fileName/NavMeshModifier.cs: 99ae5ed91bb784edc4f8312d7de046da -> 
========================================================================
Received Prepare
Caller must complete domain reload
Begin MonoManager ReloadAssembly
Thread 0x16f65f000 may have been prematurely finalized
- Loaded All Assemblies, in  0.090 seconds
Native extension for OSXStandalone target not found
Native extension for WebGL target not found
Mono: successfully reloaded assembly
- Finished resetting the current domain, in  0.141 seconds
Domain Reload Profiling: 231ms
	BeginReloadAssembly (56ms)
		ExecutionOrderSort (0ms)
		DisableScriptedObjects (2ms)
		BackupInstance (0ms)
		ReleaseScriptingObjects (0ms)
		CreateAndSetChildDomain (13ms)
	RebuildCommonClasses (17ms)
	RebuildNativeTypeToScriptingClass (5ms)
	initialDomainReloadingComplete (8ms)
	LoadAllAssembliesAndSetupDomain (4ms)
		LoadAssemblies (25ms)
		RebuildTransferFunctionScriptingTraits (0ms)
		AnalyzeDomain (3ms)
			TypeCache.Refresh (2ms)
				TypeCache.ScanAssembly (0ms)
			ScanForSourceGeneratedMonoScriptInfo (0ms)
			ResolveRequiredComponents (1ms)
	FinalizeReload (141ms)
		ReleaseScriptCaches (0ms)
		RebuildScriptCaches (0ms)
		SetupLoadedEditorAssemblies (84ms)
			LogAssemblyErrors (0ms)
			InitializePlatformSupportModulesInManaged (2ms)
			SetLoadedEditorAssemblies (3ms)
			RefreshPlugins (0ms)
			BeforeProcessingInitializeOnLoad (13ms)
			ProcessInitializeOnLoadAttributes (58ms)
			ProcessInitializeOnLoadMethodAttributes (8ms)
			AfterProcessingInitializeOnLoad (0ms)
			EditorAssembliesLoaded (0ms)
		ExecutionOrderSort2 (0ms)
		AwakeInstancesAfterBackupRestoration (2ms)
Refreshing native plugins compatible for Editor in 0.00 ms, found 0 plugins.
Preloading 0 native plugins for Editor in 0.00 ms.
Unloading 271 Unused Serialized files (Serialized files now loaded: 0)
Unloading 1 unused Assets / (22.8 KB). Loaded Objects now: 748.
Memory consumption went from 259.9 MB to 259.8 MB.
Total: 1.268917 ms (FindLiveObjects: 0.021875 ms CreateObjectMapping: 0.005542 ms MarkObjects: 1.234875 ms  DeleteObjects: 0.006291 ms)

Prepare: number of updated asset objects reloaded= 0
AssetImportParameters requested are different than current active one (requested -> active):
  custom:video-encoder-webm-vp8: eb34c28f22e8b96e1ab97ce403110664 -> 
  custom:video-decoder-webm-vp8: 9c59270c3fd7afecdb556c50c9e8de78 -> 
  custom:scripting/monoscript/fileName/NavigationWindow.cs: 7884404b71178f59d8819c380b951d7c -> 
  custom:scripting/monoscript/fileName/Finish.cs: ac3eb429518929f06fd882592af9fc8d -> 
  custom:scripting/monoscript/fileName/NavMeshModifierVolumeEditor.cs: 262a50135a116189426aa01c964a744c -> 
  custom:scripting/monoscript/fileName/NavigationPreferences.cs: ada9399a4f085d4c824cc06527e7fcae -> 
  custom:scripting/monoscript/fileName/BuiltInToNavMeshSurfaceConverterContainer.cs: c40a906f9f99ea8a6c5aaa215767017f -> 
  custom:scripting/monoscript/fileName/NavMeshSceneConverter.cs: baf486a1c1cdf03a3111dd113d13c2f4 -> 
  custom:scripting/monoscript/fileName/NavMeshSurface.cs: 34aebd278d8d3d5db6b23265b9c700f9 -> 
  custom:scripting/precompiled-assembly-types:Unity.AI.Navigation.Editor: 7eaf38f66973fde07200cf372b24130e -> 
  custom:scripting/monoscript/fileName/NavMeshAssetManager.cs: 79eb4858c2054289cd611249ab36b0a5 -> 
  custom:framework-osx-AVFoundation: e770b220cccbd017edd2c1fefb359320 -> 
  custom:scripting/monoscript/fileName/NavigationOverlay.cs: 2744f4e7946ebbb71339c9b1ce538d00 -> 
  custom:scripting/monoscript/fileName/GameManager.cs: 9933fbcc6190e2a9171c2ec8808a053e -> 
  custom:scripting/monoscript/fileName/HelpUrls.cs: c1a90585e3e9c9d25f58f9141655f24f -> 
  custom:scripting/monoscript/fileName/EditorStyles.cs: 86b9f4d8fe570a8d8295bfc466c975cf -> 
  custom:audio-decoder-ogg-vorbis: bf7c407c2cedff20999df2af8eb42d56 -> 
  custom:video-decoder-ogg-theora: a1e56fd34408186e4bbccfd4996cb3dc -> 
  custom:scripting/monoscript/fileName/ObsoleteNavigationWindowMenuEntry.cs: c7f73386e6473f401a8e4151cac4e1e5 -> 
  custom:scripting/precompiled-assembly-types:Assembly-CSharp: 5b7335633de95e6b326860172ea5c480 -> 5097d79b403e7b9fa1b5737665486d2d
  custom:scripting/precompiled-assembly-types:Unity.AI.Navigation.Editor.ConversionSystem: 27c718e5de2659aeeb663e092dc21158 -> 
  custom:scripting/precompiled-assembly-types:Unity.AI.Navigation: 5d8fa505e3253b9a2a456e2c28a1afb3 -> 
  custom:scripting/monoscript/fileName/SystemConvertersEditor.cs: c127c1335f24b77ca70195bf2136c6a2 -> 
  custom:scripting/monoscript/fileName/NavMeshSurfaceEditor.cs: adb1294e971eab992abc2e3e7e051565 -> 
  custom:audio-encoder-webm-vorbis: bf7c407c2cedff20999df2af8eb42d56 -> 
  custom:scripting/monoscript/fileName/InitializeConverterContext.cs: a97e19589a5774cdc2a34a28caea355f -> 
  custom:scripting/monoscript/fileName/SystemConverterContainer.cs: eb4026ea01a117ce0888f693e9eed2cd -> 
  custom:scripting/monoscript/fileName/NavMeshComponentsGUIUtility.cs: 08c52049b94db52661003d42fda4ecff -> 
  custom:container-demuxer-webm: 4f35f7cbe854078d1ac9338744f61a02 -> 
  custom:scripting/monoscript/fileName/EnemyChase.cs: 3a83095262844a2fb6b878062f338b2e -> 
  custom:scripting/monoscript/fileName/NavMeshModifierEditor.cs: b8675d28116f43f78881455a7301fe8c -> 
  custom:SearchIndexIgnoredProperties: e643bd26f0fe6173181afceb89e7c659 -> 
  custom:scripting/monoscript/fileName/ConverterItemInfo.cs: 9fb131dfa28a9ed6b6d00fd9cf83ece4 -> 
  custom:scripting/monoscript/fileName/NavMeshModifierVolume.cs: 8dc531216c72b86c60b86e16ff3da10b -> 
  custom:scripting/monoscript/fileName/ConverterItemDescriptor.cs: 8182050d34c5cb602eb7913435a7abee -> 
  custom:scripting/monoscript/fileName/SystemConverter.cs: c748d1769fc66e95256254a1cc1497f3 -> 
  custom:scripting/monoscript/fileName/NavMeshUpdaterUtility.cs: 5eb03802e6dba19b3e13aaf384805cac -> 
  custom:scripting/precompiled-assembly-types:Unity.AI.Navigation.Updater: d2095ddf03fd615830d6dacf5841450d -> 
  custom:scripting/monoscript/fileName/NavMeshUpdaterEditor.cs: 169704080eda430978bba61ddedeb304 -> 
  custom:container-muxer-webm: aa71ff27fc2769a1b78a27578f13a17b -> 
  custom:container-demuxer-ogg: 62fdf1f143b41e24485cea50d1cbac27 -> 
  custom:scripting/monoscript/fileName/NavMeshLinkEditor.cs: aed8ae070d922149bb2ba3de06889ff6 -> 
  custom:AudioImporter_EditorPlatform: 3918e3fc78b5a79bad01e8451be0beb8 -> 
  custom:scripting/monoscript/fileName/RunItemContext.cs: 338b2243183036c2b60f94c1b5e817c5 -> 
  custom:scripting/monoscript/fileName/NavMeshLink.cs: 0b3d0eeb07ab57d259e8f9365538df09 -> 
  custom:CustomObjectIndexerAttribute: 9a22284fe3817be447336de3de66b15e -> 
  custom:scripting/monoscript/fileName/NavMeshModifier.cs: 99ae5ed91bb784edc4f8312d7de046da -> 
========================================================================
Received Prepare
Caller must complete domain reload
Begin MonoManager ReloadAssembly
Thread 0x16f65f000 may have been prematurely finalized
- Loaded All Assemblies, in  0.111 seconds
Native extension for OSXStandalone target not found
Native extension for WebGL target not found
Mono: successfully reloaded assembly
- Finished resetting the current domain, in  0.153 seconds
Domain Reload Profiling: 263ms
	BeginReloadAssembly (69ms)
		ExecutionOrderSort (0ms)
		DisableScriptedObjects (2ms)
		BackupInstance (0ms)
		ReleaseScriptingObjects (0ms)
		CreateAndSetChildDomain (15ms)
	RebuildCommonClasses (18ms)
	RebuildNativeTypeToScriptingClass (5ms)
	initialDomainReloadingComplete (12ms)
	LoadAllAssembliesAndSetupDomain (6ms)
		LoadAssemblies (36ms)
		RebuildTransferFunctionScriptingTraits (0ms)
		AnalyzeDomain (4ms)
			TypeCache.Refresh (2ms)
				TypeCache.ScanAssembly (0ms)
			ScanForSourceGeneratedMonoScriptInfo (0ms)
			ResolveRequiredComponents (1ms)
	FinalizeReload (153ms)
		ReleaseScriptCaches (0ms)
		RebuildScriptCaches (0ms)
		SetupLoadedEditorAssemblies (86ms)
			LogAssemblyErrors (0ms)
			InitializePlatformSupportModulesInManaged (2ms)
			SetLoadedEditorAssemblies (3ms)
			RefreshPlugins (0ms)
			BeforeProcessingInitializeOnLoad (13ms)
			ProcessInitializeOnLoadAttributes (59ms)
			ProcessInitializeOnLoadMethodAttributes (8ms)
			AfterProcessingInitializeOnLoad (1ms)
			EditorAssembliesLoaded (0ms)
		ExecutionOrderSort2 (0ms)
		AwakeInstancesAfterBackupRestoration (2ms)
Refreshing native plugins compatible for Editor in 0.00 ms, found 0 plugins.
Preloading 0 native plugins for Editor in 0.00 ms.
Unloading 271 Unused Serialized files (Serialized files now loaded: 0)
Unloading 1 unused Assets / (22.7 KB). Loaded Objects now: 748.
Memory consumption went from 263.4 MB to 263.4 MB.
Total: 1.417125 ms (FindLiveObjects: 0.023375 ms CreateObjectMapping: 0.005875 ms MarkObjects: 1.376917 ms  DeleteObjects: 0.010500 ms)

Prepare: number of updated asset objects reloaded= 0
AssetImportParameters requested are different than current active one (requested -> active):
  custom:video-encoder-webm-vp8: eb34c28f22e8b96e1ab97ce403110664 -> 
  custom:video-decoder-webm-vp8: 9c59270c3fd7afecdb556c50c9e8de78 -> 
  custom:scripting/monoscript/fileName/NavigationWindow.cs: 7884404b71178f59d8819c380b951d7c -> 
  custom:scripting/monoscript/fileName/Finish.cs: ac3eb429518929f06fd882592af9fc8d -> 
  custom:scripting/monoscript/fileName/NavMeshModifierVolumeEditor.cs: 262a50135a116189426aa01c964a744c -> 
  custom:scripting/monoscript/fileName/NavigationPreferences.cs: ada9399a4f085d4c824cc06527e7fcae -> 
  custom:scripting/monoscript/fileName/BuiltInToNavMeshSurfaceConverterContainer.cs: c40a906f9f99ea8a6c5aaa215767017f -> 
  custom:scripting/monoscript/fileName/NavMeshSceneConverter.cs: baf486a1c1cdf03a3111dd113d13c2f4 -> 
  custom:scripting/monoscript/fileName/NavMeshSurface.cs: 34aebd278d8d3d5db6b23265b9c700f9 -> 
  custom:scripting/precompiled-assembly-types:Unity.AI.Navigation.Editor: 7eaf38f66973fde07200cf372b24130e -> 
  custom:scripting/monoscript/fileName/NavMeshAssetManager.cs: 79eb4858c2054289cd611249ab36b0a5 -> 
  custom:framework-osx-AVFoundation: e770b220cccbd017edd2c1fefb359320 -> 
  custom:scripting/monoscript/fileName/NavigationOverlay.cs: 2744f4e7946ebbb71339c9b1ce538d00 -> 
  custom:scripting/monoscript/fileName/GameManager.cs: 9933fbcc6190e2a9171c2ec8808a053e -> 
  custom:scripting/monoscript/fileName/HelpUrls.cs: c1a90585e3e9c9d25f58f9141655f24f -> 
  custom:scripting/monoscript/fileName/EditorStyles.cs: 86b9f4d8fe570a8d8295bfc466c975cf -> 
  custom:audio-decoder-ogg-vorbis: bf7c407c2cedff20999df2af8eb42d56 -> 
  custom:video-decoder-ogg-theora: a1e56fd34408186e4bbccfd4996cb3dc -> 
  custom:scripting/monoscript/fileName/ObsoleteNavigationWindowMenuEntry.cs: c7f73386e6473f401a8e4151cac4e1e5 -> 
  custom:scripting/precompiled-assembly-types:Assembly-CSharp: 5b7335633de95e6b326860172ea5c480 -> 5097d79b403e7b9fa1b5737665486d2d
  custom:scripting/precompiled-assembly-types:Unity.AI.Navigation.Editor.ConversionSystem: 27c718e5de2659aeeb663e092dc21158 -> 
  custom:scripting/precompiled-assembly-types:Unity.AI.Navigation: 5d8fa505e3253b9a2a456e2c28a1afb3 -> 
  custom:scripting/monoscript/fileName/SystemConvertersEditor.cs: c127c1335f24b77ca70195bf2136c6a2 -> 
  custom:scripting/monoscript/fileName/NavMeshSurfaceEditor.cs: adb1294e971eab992abc2e3e7e051565 -> 
  custom:audio-encoder-webm-vorbis: bf7c407c2cedff20999df2af8eb42d56 -> 
  custom:scripting/monoscript/fileName/InitializeConverterContext.cs: a97e19589a5774cdc2a34a28caea355f -> 
  custom:scripting/monoscript/fileName/SystemConverterContainer.cs: eb4026ea01a117ce0888f693e9eed2cd -> 
  custom:scripting/monoscript/fileName/NavMeshComponentsGUIUtility.cs: 08c52049b94db52661003d42fda4ecff -> 
  custom:container-demuxer-webm: 4f35f7cbe854078d1ac9338744f61a02 -> 
  custom:scripting/monoscript/fileName/EnemyChase.cs: 3a83095262844a2fb6b878062f338b2e -> 
  custom:scripting/monoscript/fileName/NavMeshModifierEditor.cs: b8675d28116f43f78881455a7301fe8c -> 
  custom:SearchIndexIgnoredProperties: e643bd26f0fe6173181afceb89e7c659 -> 
  custom:scripting/monoscript/fileName/ConverterItemInfo.cs: 9fb131dfa28a9ed6b6d00fd9cf83ece4 -> 
  custom:scripting/monoscript/fileName/NavMeshModifierVolume.cs: 8dc531216c72b86c60b86e16ff3da10b -> 
  custom:scripting/monoscript/fileName/ConverterItemDescriptor.cs: 8182050d34c5cb602eb7913435a7abee -> 
  custom:scripting/monoscript/fileName/SystemConverter.cs: c748d1769fc66e95256254a1cc1497f3 -> 
  custom:scripting/monoscript/fileName/NavMeshUpdaterUtility.cs: 5eb03802e6dba19b3e13aaf384805cac -> 
  custom:scripting/precompiled-assembly-types:Unity.AI.Navigation.Updater: d2095ddf03fd615830d6dacf5841450d -> 
  custom:scripting/monoscript/fileName/NavMeshUpdaterEditor.cs: 169704080eda430978bba61ddedeb304 -> 
  custom:container-muxer-webm: aa71ff27fc2769a1b78a27578f13a17b -> 
  custom:container-demuxer-ogg: 62fdf1f143b41e24485cea50d1cbac27 -> 
  custom:scripting/monoscript/fileName/NavMeshLinkEditor.cs: aed8ae070d922149bb2ba3de06889ff6 -> 
  custom:AudioImporter_EditorPlatform: 3918e3fc78b5a79bad01e8451be0beb8 -> 
  custom:scripting/monoscript/fileName/RunItemContext.cs: 338b2243183036c2b60f94c1b5e817c5 -> 
  custom:scripting/monoscript/fileName/NavMeshLink.cs: 0b3d0eeb07ab57d259e8f9365538df09 -> 
  custom:CustomObjectIndexerAttribute: 9a22284fe3817be447336de3de66b15e -> 
  custom:scripting/monoscript/fileName/NavMeshModifier.cs: 99ae5ed91bb784edc4f8312d7de046da -> 
========================================================================
Received Prepare
Caller must complete domain reload
Begin MonoManager ReloadAssembly
Thread 0x16f65f000 may have been prematurely finalized
- Loaded All Assemblies, in  0.094 seconds
Native extension for OSXStandalone target not found
Native extension for WebGL target not found
Mono: successfully reloaded assembly
- Finished resetting the current domain, in  0.141 seconds
Domain Reload Profiling: 235ms
	BeginReloadAssembly (58ms)
		ExecutionOrderSort (0ms)
		DisableScriptedObjects (2ms)
		BackupInstance (0ms)
		ReleaseScriptingObjects (0ms)
		CreateAndSetChildDomain (12ms)
	RebuildCommonClasses (18ms)
	RebuildNativeTypeToScriptingClass (6ms)
	initialDomainReloadingComplete (8ms)
	LoadAllAssembliesAndSetupDomain (5ms)
		LoadAssemblies (28ms)
		RebuildTransferFunctionScriptingTraits (0ms)
		AnalyzeDomain (3ms)
			TypeCache.Refresh (2ms)
				TypeCache.ScanAssembly (0ms)
			ScanForSourceGeneratedMonoScriptInfo (0ms)
			ResolveRequiredComponents (1ms)
	FinalizeReload (142ms)
		ReleaseScriptCaches (0ms)
		RebuildScriptCaches (0ms)
		SetupLoadedEditorAssemblies (85ms)
			LogAssemblyErrors (0ms)
			InitializePlatformSupportModulesInManaged (2ms)
			SetLoadedEditorAssemblies (3ms)
			RefreshPlugins (0ms)
			BeforeProcessingInitializeOnLoad (13ms)
			ProcessInitializeOnLoadAttributes (58ms)
			ProcessInitializeOnLoadMethodAttributes (8ms)
			AfterProcessingInitializeOnLoad (0ms)
			EditorAssembliesLoaded (0ms)
		ExecutionOrderSort2 (0ms)
		AwakeInstancesAfterBackupRestoration (2ms)
Refreshing native plugins compatible for Editor in 0.00 ms, found 0 plugins.
Preloading 0 native plugins for Editor in 0.00 ms.
Unloading 271 Unused Serialized files (Serialized files now loaded: 0)
Unloading 1 unused Assets / (22.8 KB). Loaded Objects now: 748.
Memory consumption went from 266.9 MB to 266.9 MB.
Total: 1.304958 ms (FindLiveObjects: 0.027958 ms CreateObjectMapping: 0.005625 ms MarkObjects: 1.263041 ms  DeleteObjects: 0.007583 ms)

Prepare: number of updated asset objects reloaded= 0
AssetImportParameters requested are different than current active one (requested -> active):
  custom:video-encoder-webm-vp8: eb34c28f22e8b96e1ab97ce403110664 -> 
  custom:video-decoder-webm-vp8: 9c59270c3fd7afecdb556c50c9e8de78 -> 
  custom:scripting/monoscript/fileName/NavigationWindow.cs: 7884404b71178f59d8819c380b951d7c -> 
  custom:scripting/monoscript/fileName/Finish.cs: ac3eb429518929f06fd882592af9fc8d -> 
  custom:scripting/monoscript/fileName/NavMeshModifierVolumeEditor.cs: 262a50135a116189426aa01c964a744c -> 
  custom:scripting/monoscript/fileName/NavigationPreferences.cs: ada9399a4f085d4c824cc06527e7fcae -> 
  custom:scripting/monoscript/fileName/BuiltInToNavMeshSurfaceConverterContainer.cs: c40a906f9f99ea8a6c5aaa215767017f -> 
  custom:scripting/monoscript/fileName/NavMeshSceneConverter.cs: baf486a1c1cdf03a3111dd113d13c2f4 -> 
  custom:scripting/monoscript/fileName/NavMeshSurface.cs: 34aebd278d8d3d5db6b23265b9c700f9 -> 
  custom:scripting/precompiled-assembly-types:Unity.AI.Navigation.Editor: 7eaf38f66973fde07200cf372b24130e -> 
  custom:scripting/monoscript/fileName/NavMeshAssetManager.cs: 79eb4858c2054289cd611249ab36b0a5 -> 
  custom:framework-osx-AVFoundation: e770b220cccbd017edd2c1fefb359320 -> 
  custom:scripting/monoscript/fileName/NavigationOverlay.cs: 2744f4e7946ebbb71339c9b1ce538d00 -> 
  custom:scripting/monoscript/fileName/GameManager.cs: 9933fbcc6190e2a9171c2ec8808a053e -> 
  custom:scripting/monoscript/fileName/HelpUrls.cs: c1a90585e3e9c9d25f58f9141655f24f -> 
  custom:scripting/monoscript/fileName/EditorStyles.cs: 86b9f4d8fe570a8d8295bfc466c975cf -> 
  custom:audio-decoder-ogg-vorbis: bf7c407c2cedff20999df2af8eb42d56 -> 
  custom:video-decoder-ogg-theora: a1e56fd34408186e4bbccfd4996cb3dc -> 
  custom:scripting/monoscript/fileName/ObsoleteNavigationWindowMenuEntry.cs: c7f73386e6473f401a8e4151cac4e1e5 -> 
  custom:scripting/precompiled-assembly-types:Assembly-CSharp: 5b7335633de95e6b326860172ea5c480 -> 5097d79b403e7b9fa1b5737665486d2d
  custom:scripting/precompiled-assembly-types:Unity.AI.Navigation.Editor.ConversionSystem: 27c718e5de2659aeeb663e092dc21158 -> 
  custom:scripting/precompiled-assembly-types:Unity.AI.Navigation: 5d8fa505e3253b9a2a456e2c28a1afb3 -> 
  custom:scripting/monoscript/fileName/SystemConvertersEditor.cs: c127c1335f24b77ca70195bf2136c6a2 -> 
  custom:scripting/monoscript/fileName/NavMeshSurfaceEditor.cs: adb1294e971eab992abc2e3e7e051565 -> 
  custom:audio-encoder-webm-vorbis: bf7c407c2cedff20999df2af8eb42d56 -> 
  custom:scripting/monoscript/fileName/InitializeConverterContext.cs: a97e19589a5774cdc2a34a28caea355f -> 
  custom:scripting/monoscript/fileName/SystemConverterContainer.cs: eb4026ea01a117ce0888f693e9eed2cd -> 
  custom:scripting/monoscript/fileName/NavMeshComponentsGUIUtility.cs: 08c52049b94db52661003d42fda4ecff -> 
  custom:container-demuxer-webm: 4f35f7cbe854078d1ac9338744f61a02 -> 
  custom:scripting/monoscript/fileName/EnemyChase.cs: 3a83095262844a2fb6b878062f338b2e -> 
  custom:scripting/monoscript/fileName/NavMeshModifierEditor.cs: b8675d28116f43f78881455a7301fe8c -> 
  custom:SearchIndexIgnoredProperties: e643bd26f0fe6173181afceb89e7c659 -> 
  custom:scripting/monoscript/fileName/ConverterItemInfo.cs: 9fb131dfa28a9ed6b6d00fd9cf83ece4 -> 
  custom:scripting/monoscript/fileName/NavMeshModifierVolume.cs: 8dc531216c72b86c60b86e16ff3da10b -> 
  custom:scripting/monoscript/fileName/ConverterItemDescriptor.cs: 8182050d34c5cb602eb7913435a7abee -> 
  custom:scripting/monoscript/fileName/SystemConverter.cs: c748d1769fc66e95256254a1cc1497f3 -> 
  custom:scripting/monoscript/fileName/NavMeshUpdaterUtility.cs: 5eb03802e6dba19b3e13aaf384805cac -> 
  custom:scripting/precompiled-assembly-types:Unity.AI.Navigation.Updater: d2095ddf03fd615830d6dacf5841450d -> 
  custom:scripting/monoscript/fileName/NavMeshUpdaterEditor.cs: 169704080eda430978bba61ddedeb304 -> 
  custom:container-muxer-webm: aa71ff27fc2769a1b78a27578f13a17b -> 
  custom:container-demuxer-ogg: 62fdf1f143b41e24485cea50d1cbac27 -> 
  custom:scripting/monoscript/fileName/NavMeshLinkEditor.cs: aed8ae070d922149bb2ba3de06889ff6 -> 
  custom:AudioImporter_EditorPlatform: 3918e3fc78b5a79bad01e8451be0beb8 -> 
  custom:scripting/monoscript/fileName/RunItemContext.cs: 338b2243183036c2b60f94c1b5e817c5 -> 
  custom:scripting/monoscript/fileName/NavMeshLink.cs: 0b3d0eeb07ab57d259e8f9365538df09 -> 
  custom:CustomObjectIndexerAttribute: 9a22284fe3817be447336de3de66b15e -> 
  custom:scripting/monoscript/fileName/NavMeshModifier.cs: 99ae5ed91bb784edc4f8312d7de046da -> 
========================================================================
Received Prepare
Caller must complete domain reload
Begin MonoManager ReloadAssembly
Thread 0x16f65f000 may have been prematurely finalized
- Loaded All Assemblies, in  0.095 seconds
Native extension for OSXStandalone target not found
Native extension for WebGL target not found
Mono: successfully reloaded assembly
- Finished resetting the current domain, in  0.151 seconds
Domain Reload Profiling: 246ms
	BeginReloadAssembly (60ms)
		ExecutionOrderSort (0ms)
		DisableScriptedObjects (2ms)
		BackupInstance (0ms)
		ReleaseScriptingObjects (0ms)
		CreateAndSetChildDomain (13ms)
	RebuildCommonClasses (17ms)
	RebuildNativeTypeToScriptingClass (5ms)
	initialDomainReloadingComplete (8ms)
	LoadAllAssembliesAndSetupDomain (5ms)
		LoadAssemblies (28ms)
		RebuildTransferFunctionScriptingTraits (0ms)
		AnalyzeDomain (3ms)
			TypeCache.Refresh (2ms)
				TypeCache.ScanAssembly (0ms)
			ScanForSourceGeneratedMonoScriptInfo (0ms)
			ResolveRequiredComponents (1ms)
	FinalizeReload (151ms)
		ReleaseScriptCaches (0ms)
		RebuildScriptCaches (0ms)
		SetupLoadedEditorAssemblies (85ms)
			LogAssemblyErrors (0ms)
			InitializePlatformSupportModulesInManaged (2ms)
			SetLoadedEditorAssemblies (3ms)
			RefreshPlugins (0ms)
			BeforeProcessingInitializeOnLoad (13ms)
			ProcessInitializeOnLoadAttributes (59ms)
			ProcessInitializeOnLoadMethodAttributes (8ms)
			AfterProcessingInitializeOnLoad (0ms)
			EditorAssembliesLoaded (0ms)
		ExecutionOrderSort2 (0ms)
		AwakeInstancesAfterBackupRestoration (2ms)
Refreshing native plugins compatible for Editor in 0.00 ms, found 0 plugins.
Preloading 0 native plugins for Editor in 0.00 ms.
Unloading 271 Unused Serialized files (Serialized files now loaded: 0)
Unloading 1 unused Assets / (22.7 KB). Loaded Objects now: 748.
Memory consumption went from 270.5 MB to 270.4 MB.
Total: 1.376458 ms (FindLiveObjects: 0.025083 ms CreateObjectMapping: 0.005958 ms MarkObjects: 1.337833 ms  DeleteObjects: 0.007333 ms)

Prepare: number of updated asset objects reloaded= 0
AssetImportParameters requested are different than current active one (requested -> active):
  custom:video-encoder-webm-vp8: eb34c28f22e8b96e1ab97ce403110664 -> 
  custom:video-decoder-webm-vp8: 9c59270c3fd7afecdb556c50c9e8de78 -> 
  custom:scripting/monoscript/fileName/NavigationWindow.cs: 7884404b71178f59d8819c380b951d7c -> 
  custom:scripting/monoscript/fileName/Finish.cs: ac3eb429518929f06fd882592af9fc8d -> 
  custom:scripting/monoscript/fileName/NavMeshModifierVolumeEditor.cs: 262a50135a116189426aa01c964a744c -> 
  custom:scripting/monoscript/fileName/NavigationPreferences.cs: ada9399a4f085d4c824cc06527e7fcae -> 
  custom:scripting/monoscript/fileName/BuiltInToNavMeshSurfaceConverterContainer.cs: c40a906f9f99ea8a6c5aaa215767017f -> 
  custom:scripting/monoscript/fileName/NavMeshSceneConverter.cs: baf486a1c1cdf03a3111dd113d13c2f4 -> 
  custom:scripting/monoscript/fileName/NavMeshSurface.cs: 34aebd278d8d3d5db6b23265b9c700f9 -> 
  custom:scripting/precompiled-assembly-types:Unity.AI.Navigation.Editor: 7eaf38f66973fde07200cf372b24130e -> 
  custom:scripting/monoscript/fileName/NavMeshAssetManager.cs: 79eb4858c2054289cd611249ab36b0a5 -> 
  custom:framework-osx-AVFoundation: e770b220cccbd017edd2c1fefb359320 -> 
  custom:scripting/monoscript/fileName/NavigationOverlay.cs: 2744f4e7946ebbb71339c9b1ce538d00 -> 
  custom:scripting/monoscript/fileName/GameManager.cs: 9933fbcc6190e2a9171c2ec8808a053e -> 
  custom:scripting/monoscript/fileName/HelpUrls.cs: c1a90585e3e9c9d25f58f9141655f24f -> 
  custom:scripting/monoscript/fileName/EditorStyles.cs: 86b9f4d8fe570a8d8295bfc466c975cf -> 
  custom:audio-decoder-ogg-vorbis: bf7c407c2cedff20999df2af8eb42d56 -> 
  custom:video-decoder-ogg-theora: a1e56fd34408186e4bbccfd4996cb3dc -> 
  custom:scripting/monoscript/fileName/ObsoleteNavigationWindowMenuEntry.cs: c7f73386e6473f401a8e4151cac4e1e5 -> 
  custom:scripting/precompiled-assembly-types:Assembly-CSharp: 5b7335633de95e6b326860172ea5c480 -> 5097d79b403e7b9fa1b5737665486d2d
  custom:scripting/precompiled-assembly-types:Unity.AI.Navigation.Editor.ConversionSystem: 27c718e5de2659aeeb663e092dc21158 -> 
  custom:scripting/precompiled-assembly-types:Unity.AI.Navigation: 5d8fa505e3253b9a2a456e2c28a1afb3 -> 
  custom:scripting/monoscript/fileName/SystemConvertersEditor.cs: c127c1335f24b77ca70195bf2136c6a2 -> 
  custom:scripting/monoscript/fileName/NavMeshSurfaceEditor.cs: adb1294e971eab992abc2e3e7e051565 -> 
  custom:audio-encoder-webm-vorbis: bf7c407c2cedff20999df2af8eb42d56 -> 
  custom:scripting/monoscript/fileName/InitializeConverterContext.cs: a97e19589a5774cdc2a34a28caea355f -> 
  custom:scripting/monoscript/fileName/SystemConverterContainer.cs: eb4026ea01a117ce0888f693e9eed2cd -> 
  custom:scripting/monoscript/fileName/NavMeshComponentsGUIUtility.cs: 08c52049b94db52661003d42fda4ecff -> 
  custom:container-demuxer-webm: 4f35f7cbe854078d1ac9338744f61a02 -> 
  custom:scripting/monoscript/fileName/EnemyChase.cs: 3a83095262844a2fb6b878062f338b2e -> 
  custom:scripting/monoscript/fileName/NavMeshModifierEditor.cs: b8675d28116f43f78881455a7301fe8c -> 
  custom:SearchIndexIgnoredProperties: e643bd26f0fe6173181afceb89e7c659 -> 
  custom:scripting/monoscript/fileName/ConverterItemInfo.cs: 9fb131dfa28a9ed6b6d00fd9cf83ece4 -> 
  custom:scripting/monoscript/fileName/NavMeshModifierVolume.cs: 8dc531216c72b86c60b86e16ff3da10b -> 
  custom:scripting/monoscript/fileName/ConverterItemDescriptor.cs: 8182050d34c5cb602eb7913435a7abee -> 
  custom:scripting/monoscript/fileName/SystemConverter.cs: c748d1769fc66e95256254a1cc1497f3 -> 
  custom:scripting/monoscript/fileName/NavMeshUpdaterUtility.cs: 5eb03802e6dba19b3e13aaf384805cac -> 
  custom:scripting/precompiled-assembly-types:Unity.AI.Navigation.Updater: d2095ddf03fd615830d6dacf5841450d -> 
  custom:scripting/monoscript/fileName/NavMeshUpdaterEditor.cs: 169704080eda430978bba61ddedeb304 -> 
  custom:container-muxer-webm: aa71ff27fc2769a1b78a27578f13a17b -> 
  custom:container-demuxer-ogg: 62fdf1f143b41e24485cea50d1cbac27 -> 
  custom:scripting/monoscript/fileName/NavMeshLinkEditor.cs: aed8ae070d922149bb2ba3de06889ff6 -> 
  custom:AudioImporter_EditorPlatform: 3918e3fc78b5a79bad01e8451be0beb8 -> 
  custom:scripting/monoscript/fileName/RunItemContext.cs: 338b2243183036c2b60f94c1b5e817c5 -> 
  custom:scripting/monoscript/fileName/NavMeshLink.cs: 0b3d0eeb07ab57d259e8f9365538df09 -> 
  custom:CustomObjectIndexerAttribute: 9a22284fe3817be447336de3de66b15e -> 
  custom:scripting/monoscript/fileName/NavMeshModifier.cs: 99ae5ed91bb784edc4f8312d7de046da -> 
========================================================================
Received Prepare
Caller must complete domain reload
Begin MonoManager ReloadAssembly
Thread 0x16f65f000 may have been prematurely finalized
- Loaded All Assemblies, in  0.091 seconds
Native extension for OSXStandalone target not found
Native extension for WebGL target not found
Mono: successfully reloaded assembly
- Finished resetting the current domain, in  0.148 seconds
Domain Reload Profiling: 239ms
	BeginReloadAssembly (56ms)
		ExecutionOrderSort (0ms)
		DisableScriptedObjects (2ms)
		BackupInstance (0ms)
		ReleaseScriptingObjects (0ms)
		CreateAndSetChildDomain (12ms)
	RebuildCommonClasses (17ms)
	RebuildNativeTypeToScriptingClass (5ms)
	initialDomainReloadingComplete (9ms)
	LoadAllAssembliesAndSetupDomain (4ms)
		LoadAssemblies (25ms)
		RebuildTransferFunctionScriptingTraits (0ms)
		AnalyzeDomain (3ms)
			TypeCache.Refresh (2ms)
				TypeCache.ScanAssembly (0ms)
			ScanForSourceGeneratedMonoScriptInfo (0ms)
			ResolveRequiredComponents (1ms)
	FinalizeReload (148ms)
		ReleaseScriptCaches (0ms)
		RebuildScriptCaches (0ms)
		SetupLoadedEditorAssemblies (85ms)
			LogAssemblyErrors (0ms)
			InitializePlatformSupportModulesInManaged (2ms)
			SetLoadedEditorAssemblies (3ms)
			RefreshPlugins (0ms)
			BeforeProcessingInitializeOnLoad (13ms)
			ProcessInitializeOnLoadAttributes (58ms)
			ProcessInitializeOnLoadMethodAttributes (8ms)
			AfterProcessingInitializeOnLoad (0ms)
			EditorAssembliesLoaded (0ms)
		ExecutionOrderSort2 (0ms)
		AwakeInstancesAfterBackupRestoration (2ms)
Refreshing native plugins compatible for Editor in 0.00 ms, found 0 plugins.
Preloading 0 native plugins for Editor in 0.00 ms.
Unloading 271 Unused Serialized files (Serialized files now loaded: 0)
Unloading 1 unused Assets / (22.7 KB). Loaded Objects now: 748.
Memory consumption went from 274.0 MB to 274.0 MB.
Total: 1.408375 ms (FindLiveObjects: 0.021958 ms CreateObjectMapping: 0.005584 ms MarkObjects: 1.371750 ms  DeleteObjects: 0.008791 ms)

Prepare: number of updated asset objects reloaded= 0
AssetImportParameters requested are different than current active one (requested -> active):
  custom:video-encoder-webm-vp8: eb34c28f22e8b96e1ab97ce403110664 -> 
  custom:video-decoder-webm-vp8: 9c59270c3fd7afecdb556c50c9e8de78 -> 
  custom:scripting/monoscript/fileName/NavigationWindow.cs: 7884404b71178f59d8819c380b951d7c -> 
  custom:scripting/monoscript/fileName/Finish.cs: ac3eb429518929f06fd882592af9fc8d -> 
  custom:scripting/monoscript/fileName/NavMeshModifierVolumeEditor.cs: 262a50135a116189426aa01c964a744c -> 
  custom:scripting/monoscript/fileName/NavigationPreferences.cs: ada9399a4f085d4c824cc06527e7fcae -> 
  custom:scripting/monoscript/fileName/BuiltInToNavMeshSurfaceConverterContainer.cs: c40a906f9f99ea8a6c5aaa215767017f -> 
  custom:scripting/monoscript/fileName/NavMeshSceneConverter.cs: baf486a1c1cdf03a3111dd113d13c2f4 -> 
  custom:scripting/monoscript/fileName/NavMeshSurface.cs: 34aebd278d8d3d5db6b23265b9c700f9 -> 
  custom:scripting/precompiled-assembly-types:Unity.AI.Navigation.Editor: 7eaf38f66973fde07200cf372b24130e -> 
  custom:scripting/monoscript/fileName/NavMeshAssetManager.cs: 79eb4858c2054289cd611249ab36b0a5 -> 
  custom:framework-osx-AVFoundation: e770b220cccbd017edd2c1fefb359320 -> 
  custom:scripting/monoscript/fileName/NavigationOverlay.cs: 2744f4e7946ebbb71339c9b1ce538d00 -> 
  custom:scripting/monoscript/fileName/GameManager.cs: 9933fbcc6190e2a9171c2ec8808a053e -> 
  custom:scripting/monoscript/fileName/HelpUrls.cs: c1a90585e3e9c9d25f58f9141655f24f -> 
  custom:scripting/monoscript/fileName/EditorStyles.cs: 86b9f4d8fe570a8d8295bfc466c975cf -> 
  custom:audio-decoder-ogg-vorbis: bf7c407c2cedff20999df2af8eb42d56 -> 
  custom:video-decoder-ogg-theora: a1e56fd34408186e4bbccfd4996cb3dc -> 
  custom:scripting/monoscript/fileName/ObsoleteNavigationWindowMenuEntry.cs: c7f73386e6473f401a8e4151cac4e1e5 -> 
  custom:scripting/precompiled-assembly-types:Assembly-CSharp: 5b7335633de95e6b326860172ea5c480 -> 5097d79b403e7b9fa1b5737665486d2d
  custom:scripting/precompiled-assembly-types:Unity.AI.Navigation.Editor.ConversionSystem: 27c718e5de2659aeeb663e092dc21158 -> 
  custom:scripting/precompiled-assembly-types:Unity.AI.Navigation: 5d8fa505e3253b9a2a456e2c28a1afb3 -> 
  custom:scripting/monoscript/fileName/SystemConvertersEditor.cs: c127c1335f24b77ca70195bf2136c6a2 -> 
  custom:scripting/monoscript/fileName/NavMeshSurfaceEditor.cs: adb1294e971eab992abc2e3e7e051565 -> 
  custom:audio-encoder-webm-vorbis: bf7c407c2cedff20999df2af8eb42d56 -> 
  custom:scripting/monoscript/fileName/InitializeConverterContext.cs: a97e19589a5774cdc2a34a28caea355f -> 
  custom:scripting/monoscript/fileName/SystemConverterContainer.cs: eb4026ea01a117ce0888f693e9eed2cd -> 
  custom:scripting/monoscript/fileName/NavMeshComponentsGUIUtility.cs: 08c52049b94db52661003d42fda4ecff -> 
  custom:container-demuxer-webm: 4f35f7cbe854078d1ac9338744f61a02 -> 
  custom:scripting/monoscript/fileName/EnemyChase.cs: 3a83095262844a2fb6b878062f338b2e -> 
  custom:scripting/monoscript/fileName/NavMeshModifierEditor.cs: b8675d28116f43f78881455a7301fe8c -> 
  custom:SearchIndexIgnoredProperties: e643bd26f0fe6173181afceb89e7c659 -> 
  custom:scripting/monoscript/fileName/ConverterItemInfo.cs: 9fb131dfa28a9ed6b6d00fd9cf83ece4 -> 
  custom:scripting/monoscript/fileName/NavMeshModifierVolume.cs: 8dc531216c72b86c60b86e16ff3da10b -> 
  custom:scripting/monoscript/fileName/ConverterItemDescriptor.cs: 8182050d34c5cb602eb7913435a7abee -> 
  custom:scripting/monoscript/fileName/SystemConverter.cs: c748d1769fc66e95256254a1cc1497f3 -> 
  custom:scripting/monoscript/fileName/NavMeshUpdaterUtility.cs: 5eb03802e6dba19b3e13aaf384805cac -> 
  custom:scripting/precompiled-assembly-types:Unity.AI.Navigation.Updater: d2095ddf03fd615830d6dacf5841450d -> 
  custom:scripting/monoscript/fileName/NavMeshUpdaterEditor.cs: 169704080eda430978bba61ddedeb304 -> 
  custom:container-muxer-webm: aa71ff27fc2769a1b78a27578f13a17b -> 
  custom:container-demuxer-ogg: 62fdf1f143b41e24485cea50d1cbac27 -> 
  custom:scripting/monoscript/fileName/NavMeshLinkEditor.cs: aed8ae070d922149bb2ba3de06889ff6 -> 
  custom:AudioImporter_EditorPlatform: 3918e3fc78b5a79bad01e8451be0beb8 -> 
  custom:scripting/monoscript/fileName/RunItemContext.cs: 338b2243183036c2b60f94c1b5e817c5 -> 
  custom:scripting/monoscript/fileName/NavMeshLink.cs: 0b3d0eeb07ab57d259e8f9365538df09 -> 
  custom:CustomObjectIndexerAttribute: 9a22284fe3817be447336de3de66b15e -> 
  custom:scripting/monoscript/fileName/NavMeshModifier.cs: 99ae5ed91bb784edc4f8312d7de046da -> 
========================================================================
Received Prepare
Caller must complete domain reload
Begin MonoManager ReloadAssembly
Thread 0x16f65f000 may have been prematurely finalized
- Loaded All Assemblies, in  0.091 seconds
Native extension for OSXStandalone target not found
Native extension for WebGL target not found
Mono: successfully reloaded assembly
- Finished resetting the current domain, in  0.141 seconds
Domain Reload Profiling: 232ms
	BeginReloadAssembly (56ms)
		ExecutionOrderSort (0ms)
		DisableScriptedObjects (2ms)
		BackupInstance (0ms)
		ReleaseScriptingObjects (0ms)
		CreateAndSetChildDomain (13ms)
	RebuildCommonClasses (17ms)
	RebuildNativeTypeToScriptingClass (5ms)
	initialDomainReloadingComplete (8ms)
	LoadAllAssembliesAndSetupDomain (4ms)
		LoadAssemblies (25ms)
		RebuildTransferFunctionScriptingTraits (0ms)
		AnalyzeDomain (3ms)
			TypeCache.Refresh (2ms)
				TypeCache.ScanAssembly (0ms)
			ScanForSourceGeneratedMonoScriptInfo (0ms)
			ResolveRequiredComponents (1ms)
	FinalizeReload (142ms)
		ReleaseScriptCaches (0ms)
		RebuildScriptCaches (0ms)
		SetupLoadedEditorAssemblies (85ms)
			LogAssemblyErrors (0ms)
			InitializePlatformSupportModulesInManaged (2ms)
			SetLoadedEditorAssemblies (3ms)
			RefreshPlugins (0ms)
			BeforeProcessingInitializeOnLoad (13ms)
			ProcessInitializeOnLoadAttributes (58ms)
			ProcessInitializeOnLoadMethodAttributes (8ms)
			AfterProcessingInitializeOnLoad (0ms)
			EditorAssembliesLoaded (0ms)
		ExecutionOrderSort2 (0ms)
		AwakeInstancesAfterBackupRestoration (2ms)
Refreshing native plugins compatible for Editor in 0.00 ms, found 0 plugins.
Preloading 0 native plugins for Editor in 0.00 ms.
Unloading 271 Unused Serialized files (Serialized files now loaded: 0)
Unloading 1 unused Assets / (22.8 KB). Loaded Objects now: 748.
Memory consumption went from 277.5 MB to 277.5 MB.
Total: 1.246584 ms (FindLiveObjects: 0.022667 ms CreateObjectMapping: 0.005500 ms MarkObjects: 1.209667 ms  DeleteObjects: 0.008500 ms)

Prepare: number of updated asset objects reloaded= 0
AssetImportParameters requested are different than current active one (requested -> active):
  custom:video-encoder-webm-vp8: eb34c28f22e8b96e1ab97ce403110664 -> 
  custom:video-decoder-webm-vp8: 9c59270c3fd7afecdb556c50c9e8de78 -> 
  custom:scripting/monoscript/fileName/NavigationWindow.cs: 7884404b71178f59d8819c380b951d7c -> 
  custom:scripting/monoscript/fileName/Finish.cs: ac3eb429518929f06fd882592af9fc8d -> 
  custom:scripting/monoscript/fileName/NavMeshModifierVolumeEditor.cs: 262a50135a116189426aa01c964a744c -> 
  custom:scripting/monoscript/fileName/NavigationPreferences.cs: ada9399a4f085d4c824cc06527e7fcae -> 
  custom:scripting/monoscript/fileName/BuiltInToNavMeshSurfaceConverterContainer.cs: c40a906f9f99ea8a6c5aaa215767017f -> 
  custom:scripting/monoscript/fileName/NavMeshSceneConverter.cs: baf486a1c1cdf03a3111dd113d13c2f4 -> 
  custom:scripting/monoscript/fileName/NavMeshSurface.cs: 34aebd278d8d3d5db6b23265b9c700f9 -> 
  custom:scripting/precompiled-assembly-types:Unity.AI.Navigation.Editor: 7eaf38f66973fde07200cf372b24130e -> 
  custom:scripting/monoscript/fileName/NavMeshAssetManager.cs: 79eb4858c2054289cd611249ab36b0a5 -> 
  custom:framework-osx-AVFoundation: e770b220cccbd017edd2c1fefb359320 -> 
  custom:scripting/monoscript/fileName/NavigationOverlay.cs: 2744f4e7946ebbb71339c9b1ce538d00 -> 
  custom:scripting/monoscript/fileName/GameManager.cs: 9933fbcc6190e2a9171c2ec8808a053e -> 
  custom:scripting/monoscript/fileName/HelpUrls.cs: c1a90585e3e9c9d25f58f9141655f24f -> 
  custom:scripting/monoscript/fileName/EditorStyles.cs: 86b9f4d8fe570a8d8295bfc466c975cf -> 
  custom:audio-decoder-ogg-vorbis: bf7c407c2cedff20999df2af8eb42d56 -> 
  custom:video-decoder-ogg-theora: a1e56fd34408186e4bbccfd4996cb3dc -> 
  custom:scripting/monoscript/fileName/ObsoleteNavigationWindowMenuEntry.cs: c7f73386e6473f401a8e4151cac4e1e5 -> 
  custom:scripting/precompiled-assembly-types:Assembly-CSharp: 5b7335633de95e6b326860172ea5c480 -> 5097d79b403e7b9fa1b5737665486d2d
  custom:scripting/precompiled-assembly-types:Unity.AI.Navigation.Editor.ConversionSystem: 27c718e5de2659aeeb663e092dc21158 -> 
  custom:scripting/precompiled-assembly-types:Unity.AI.Navigation: 5d8fa505e3253b9a2a456e2c28a1afb3 -> 
  custom:scripting/monoscript/fileName/SystemConvertersEditor.cs: c127c1335f24b77ca70195bf2136c6a2 -> 
  custom:scripting/monoscript/fileName/NavMeshSurfaceEditor.cs: adb1294e971eab992abc2e3e7e051565 -> 
  custom:audio-encoder-webm-vorbis: bf7c407c2cedff20999df2af8eb42d56 -> 
  custom:scripting/monoscript/fileName/InitializeConverterContext.cs: a97e19589a5774cdc2a34a28caea355f -> 
  custom:scripting/monoscript/fileName/SystemConverterContainer.cs: eb4026ea01a117ce0888f693e9eed2cd -> 
  custom:scripting/monoscript/fileName/NavMeshComponentsGUIUtility.cs: 08c52049b94db52661003d42fda4ecff -> 
  custom:container-demuxer-webm: 4f35f7cbe854078d1ac9338744f61a02 -> 
  custom:scripting/monoscript/fileName/EnemyChase.cs: 3a83095262844a2fb6b878062f338b2e -> 
  custom:scripting/monoscript/fileName/NavMeshModifierEditor.cs: b8675d28116f43f78881455a7301fe8c -> 
  custom:SearchIndexIgnoredProperties: e643bd26f0fe6173181afceb89e7c659 -> 
  custom:scripting/monoscript/fileName/ConverterItemInfo.cs: 9fb131dfa28a9ed6b6d00fd9cf83ece4 -> 
  custom:scripting/monoscript/fileName/NavMeshModifierVolume.cs: 8dc531216c72b86c60b86e16ff3da10b -> 
  custom:scripting/monoscript/fileName/ConverterItemDescriptor.cs: 8182050d34c5cb602eb7913435a7abee -> 
  custom:scripting/monoscript/fileName/SystemConverter.cs: c748d1769fc66e95256254a1cc1497f3 -> 
  custom:scripting/monoscript/fileName/NavMeshUpdaterUtility.cs: 5eb03802e6dba19b3e13aaf384805cac -> 
  custom:scripting/precompiled-assembly-types:Unity.AI.Navigation.Updater: d2095ddf03fd615830d6dacf5841450d -> 
  custom:scripting/monoscript/fileName/NavMeshUpdaterEditor.cs: 169704080eda430978bba61ddedeb304 -> 
  custom:container-muxer-webm: aa71ff27fc2769a1b78a27578f13a17b -> 
  custom:container-demuxer-ogg: 62fdf1f143b41e24485cea50d1cbac27 -> 
  custom:scripting/monoscript/fileName/NavMeshLinkEditor.cs: aed8ae070d922149bb2ba3de06889ff6 -> 
  custom:AudioImporter_EditorPlatform: 3918e3fc78b5a79bad01e8451be0beb8 -> 
  custom:scripting/monoscript/fileName/RunItemContext.cs: 338b2243183036c2b60f94c1b5e817c5 -> 
  custom:scripting/monoscript/fileName/NavMeshLink.cs: 0b3d0eeb07ab57d259e8f9365538df09 -> 
  custom:CustomObjectIndexerAttribute: 9a22284fe3817be447336de3de66b15e -> 
  custom:scripting/monoscript/fileName/NavMeshModifier.cs: 99ae5ed91bb784edc4f8312d7de046da -> 
========================================================================
Received Prepare
Caller must complete domain reload
Begin MonoManager ReloadAssembly
Thread 0x16f65f000 may have been prematurely finalized
- Loaded All Assemblies, in  0.099 seconds
Native extension for OSXStandalone target not found
Native extension for WebGL target not found
Mono: successfully reloaded assembly
- Finished resetting the current domain, in  0.151 seconds
Domain Reload Profiling: 250ms
	BeginReloadAssembly (62ms)
		ExecutionOrderSort (0ms)
		DisableScriptedObjects (2ms)
		BackupInstance (0ms)
		ReleaseScriptingObjects (0ms)
		CreateAndSetChildDomain (12ms)
	RebuildCommonClasses (17ms)
	RebuildNativeTypeToScriptingClass (5ms)
	initialDomainReloadingComplete (8ms)
	LoadAllAssembliesAndSetupDomain (7ms)
		LoadAssemblies (34ms)
		RebuildTransferFunctionScriptingTraits (0ms)
		AnalyzeDomain (3ms)
			TypeCache.Refresh (2ms)
				TypeCache.ScanAssembly (0ms)
			ScanForSourceGeneratedMonoScriptInfo (0ms)
			ResolveRequiredComponents (1ms)
	FinalizeReload (151ms)
		ReleaseScriptCaches (0ms)
		RebuildScriptCaches (0ms)
		SetupLoadedEditorAssemblies (85ms)
			LogAssemblyErrors (0ms)
			InitializePlatformSupportModulesInManaged (2ms)
			SetLoadedEditorAssemblies (3ms)
			RefreshPlugins (0ms)
			BeforeProcessingInitializeOnLoad (13ms)
			ProcessInitializeOnLoadAttributes (59ms)
			ProcessInitializeOnLoadMethodAttributes (8ms)
			AfterProcessingInitializeOnLoad (0ms)
			EditorAssembliesLoaded (0ms)
		ExecutionOrderSort2 (0ms)
		AwakeInstancesAfterBackupRestoration (2ms)
Refreshing native plugins compatible for Editor in 0.00 ms, found 0 plugins.
Preloading 0 native plugins for Editor in 0.00 ms.
Unloading 271 Unused Serialized files (Serialized files now loaded: 0)
Unloading 1 unused Assets / (22.8 KB). Loaded Objects now: 748.
Memory consumption went from 281.1 MB to 281.1 MB.
Total: 1.317083 ms (FindLiveObjects: 0.025875 ms CreateObjectMapping: 0.005541 ms MarkObjects: 1.277959 ms  DeleteObjects: 0.007541 ms)

Prepare: number of updated asset objects reloaded= 0
AssetImportParameters requested are different than current active one (requested -> active):
  custom:video-encoder-webm-vp8: eb34c28f22e8b96e1ab97ce403110664 -> 
  custom:video-decoder-webm-vp8: 9c59270c3fd7afecdb556c50c9e8de78 -> 
  custom:scripting/monoscript/fileName/NavigationWindow.cs: 7884404b71178f59d8819c380b951d7c -> 
  custom:scripting/monoscript/fileName/Finish.cs: ac3eb429518929f06fd882592af9fc8d -> 
  custom:scripting/monoscript/fileName/NavMeshModifierVolumeEditor.cs: 262a50135a116189426aa01c964a744c -> 
  custom:scripting/monoscript/fileName/NavigationPreferences.cs: ada9399a4f085d4c824cc06527e7fcae -> 
  custom:scripting/monoscript/fileName/BuiltInToNavMeshSurfaceConverterContainer.cs: c40a906f9f99ea8a6c5aaa215767017f -> 
  custom:scripting/monoscript/fileName/NavMeshSceneConverter.cs: baf486a1c1cdf03a3111dd113d13c2f4 -> 
  custom:scripting/monoscript/fileName/NavMeshSurface.cs: 34aebd278d8d3d5db6b23265b9c700f9 -> 
  custom:scripting/precompiled-assembly-types:Unity.AI.Navigation.Editor: 7eaf38f66973fde07200cf372b24130e -> 
  custom:scripting/monoscript/fileName/NavMeshAssetManager.cs: 79eb4858c2054289cd611249ab36b0a5 -> 
  custom:framework-osx-AVFoundation: e770b220cccbd017edd2c1fefb359320 -> 
  custom:scripting/monoscript/fileName/NavigationOverlay.cs: 2744f4e7946ebbb71339c9b1ce538d00 -> 
  custom:scripting/monoscript/fileName/GameManager.cs: 9933fbcc6190e2a9171c2ec8808a053e -> 
  custom:scripting/monoscript/fileName/HelpUrls.cs: c1a90585e3e9c9d25f58f9141655f24f -> 
  custom:scripting/monoscript/fileName/EditorStyles.cs: 86b9f4d8fe570a8d8295bfc466c975cf -> 
  custom:audio-decoder-ogg-vorbis: bf7c407c2cedff20999df2af8eb42d56 -> 
  custom:video-decoder-ogg-theora: a1e56fd34408186e4bbccfd4996cb3dc -> 
  custom:scripting/monoscript/fileName/ObsoleteNavigationWindowMenuEntry.cs: c7f73386e6473f401a8e4151cac4e1e5 -> 
  custom:scripting/precompiled-assembly-types:Assembly-CSharp: 5b7335633de95e6b326860172ea5c480 -> 5097d79b403e7b9fa1b5737665486d2d
  custom:scripting/precompiled-assembly-types:Unity.AI.Navigation.Editor.ConversionSystem: 27c718e5de2659aeeb663e092dc21158 -> 
  custom:scripting/precompiled-assembly-types:Unity.AI.Navigation: 5d8fa505e3253b9a2a456e2c28a1afb3 -> 
  custom:scripting/monoscript/fileName/SystemConvertersEditor.cs: c127c1335f24b77ca70195bf2136c6a2 -> 
  custom:scripting/monoscript/fileName/NavMeshSurfaceEditor.cs: adb1294e971eab992abc2e3e7e051565 -> 
  custom:audio-encoder-webm-vorbis: bf7c407c2cedff20999df2af8eb42d56 -> 
  custom:scripting/monoscript/fileName/InitializeConverterContext.cs: a97e19589a5774cdc2a34a28caea355f -> 
  custom:scripting/monoscript/fileName/SystemConverterContainer.cs: eb4026ea01a117ce0888f693e9eed2cd -> 
  custom:scripting/monoscript/fileName/NavMeshComponentsGUIUtility.cs: 08c52049b94db52661003d42fda4ecff -> 
  custom:container-demuxer-webm: 4f35f7cbe854078d1ac9338744f61a02 -> 
  custom:scripting/monoscript/fileName/EnemyChase.cs: 3a83095262844a2fb6b878062f338b2e -> 
  custom:scripting/monoscript/fileName/NavMeshModifierEditor.cs: b8675d28116f43f78881455a7301fe8c -> 
  custom:SearchIndexIgnoredProperties: e643bd26f0fe6173181afceb89e7c659 -> 
  custom:scripting/monoscript/fileName/ConverterItemInfo.cs: 9fb131dfa28a9ed6b6d00fd9cf83ece4 -> 
  custom:scripting/monoscript/fileName/NavMeshModifierVolume.cs: 8dc531216c72b86c60b86e16ff3da10b -> 
  custom:scripting/monoscript/fileName/ConverterItemDescriptor.cs: 8182050d34c5cb602eb7913435a7abee -> 
  custom:scripting/monoscript/fileName/SystemConverter.cs: c748d1769fc66e95256254a1cc1497f3 -> 
  custom:scripting/monoscript/fileName/NavMeshUpdaterUtility.cs: 5eb03802e6dba19b3e13aaf384805cac -> 
  custom:scripting/precompiled-assembly-types:Unity.AI.Navigation.Updater: d2095ddf03fd615830d6dacf5841450d -> 
  custom:scripting/monoscript/fileName/NavMeshUpdaterEditor.cs: 169704080eda430978bba61ddedeb304 -> 
  custom:container-muxer-webm: aa71ff27fc2769a1b78a27578f13a17b -> 
  custom:container-demuxer-ogg: 62fdf1f143b41e24485cea50d1cbac27 -> 
  custom:scripting/monoscript/fileName/NavMeshLinkEditor.cs: aed8ae070d922149bb2ba3de06889ff6 -> 
  custom:AudioImporter_EditorPlatform: 3918e3fc78b5a79bad01e8451be0beb8 -> 
  custom:scripting/monoscript/fileName/RunItemContext.cs: 338b2243183036c2b60f94c1b5e817c5 -> 
  custom:scripting/monoscript/fileName/NavMeshLink.cs: 0b3d0eeb07ab57d259e8f9365538df09 -> 
  custom:CustomObjectIndexerAttribute: 9a22284fe3817be447336de3de66b15e -> 
  custom:scripting/monoscript/fileName/NavMeshModifier.cs: 99ae5ed91bb784edc4f8312d7de046da -> 
========================================================================
Received Prepare
Caller must complete domain reload
Begin MonoManager ReloadAssembly
Thread 0x16f65f000 may have been prematurely finalized
- Loaded All Assemblies, in  0.088 seconds
Native extension for OSXStandalone target not found
Native extension for WebGL target not found
Mono: successfully reloaded assembly
- Finished resetting the current domain, in  0.147 seconds
Domain Reload Profiling: 235ms
	BeginReloadAssembly (55ms)
		ExecutionOrderSort (0ms)
		DisableScriptedObjects (2ms)
		BackupInstance (0ms)
		ReleaseScriptingObjects (0ms)
		CreateAndSetChildDomain (12ms)
	RebuildCommonClasses (17ms)
	RebuildNativeTypeToScriptingClass (6ms)
	initialDomainReloadingComplete (8ms)
	LoadAllAssembliesAndSetupDomain (4ms)
		LoadAssemblies (24ms)
		RebuildTransferFunctionScriptingTraits (0ms)
		AnalyzeDomain (3ms)
			TypeCache.Refresh (2ms)
				TypeCache.ScanAssembly (0ms)
			ScanForSourceGeneratedMonoScriptInfo (0ms)
			ResolveRequiredComponents (1ms)
	FinalizeReload (147ms)
		ReleaseScriptCaches (0ms)
		RebuildScriptCaches (0ms)
		SetupLoadedEditorAssemblies (85ms)
			LogAssemblyErrors (0ms)
			InitializePlatformSupportModulesInManaged (3ms)
			SetLoadedEditorAssemblies (3ms)
			RefreshPlugins (0ms)
			BeforeProcessingInitializeOnLoad (13ms)
			ProcessInitializeOnLoadAttributes (59ms)
			ProcessInitializeOnLoadMethodAttributes (8ms)
			AfterProcessingInitializeOnLoad (0ms)
			EditorAssembliesLoaded (0ms)
		ExecutionOrderSort2 (0ms)
		AwakeInstancesAfterBackupRestoration (2ms)
Refreshing native plugins compatible for Editor in 0.00 ms, found 0 plugins.
Preloading 0 native plugins for Editor in 0.00 ms.
Unloading 271 Unused Serialized files (Serialized files now loaded: 0)
Unloading 1 unused Assets / (22.7 KB). Loaded Objects now: 748.
Memory consumption went from 284.6 MB to 284.6 MB.
Total: 1.338042 ms (FindLiveObjects: 0.023542 ms CreateObjectMapping: 0.005375 ms MarkObjects: 1.299875 ms  DeleteObjects: 0.009042 ms)

Prepare: number of updated asset objects reloaded= 0
AssetImportParameters requested are different than current active one (requested -> active):
  custom:video-encoder-webm-vp8: eb34c28f22e8b96e1ab97ce403110664 -> 
  custom:video-decoder-webm-vp8: 9c59270c3fd7afecdb556c50c9e8de78 -> 
  custom:scripting/monoscript/fileName/NavigationWindow.cs: 7884404b71178f59d8819c380b951d7c -> 
  custom:scripting/monoscript/fileName/Finish.cs: ac3eb429518929f06fd882592af9fc8d -> 
  custom:scripting/monoscript/fileName/NavMeshModifierVolumeEditor.cs: 262a50135a116189426aa01c964a744c -> 
  custom:scripting/monoscript/fileName/NavigationPreferences.cs: ada9399a4f085d4c824cc06527e7fcae -> 
  custom:scripting/monoscript/fileName/BuiltInToNavMeshSurfaceConverterContainer.cs: c40a906f9f99ea8a6c5aaa215767017f -> 
  custom:scripting/monoscript/fileName/NavMeshSceneConverter.cs: baf486a1c1cdf03a3111dd113d13c2f4 -> 
  custom:scripting/monoscript/fileName/NavMeshSurface.cs: 34aebd278d8d3d5db6b23265b9c700f9 -> 
  custom:scripting/precompiled-assembly-types:Unity.AI.Navigation.Editor: 7eaf38f66973fde07200cf372b24130e -> 
  custom:scripting/monoscript/fileName/NavMeshAssetManager.cs: 79eb4858c2054289cd611249ab36b0a5 -> 
  custom:framework-osx-AVFoundation: e770b220cccbd017edd2c1fefb359320 -> 
  custom:scripting/monoscript/fileName/NavigationOverlay.cs: 2744f4e7946ebbb71339c9b1ce538d00 -> 
  custom:scripting/monoscript/fileName/GameManager.cs: 9933fbcc6190e2a9171c2ec8808a053e -> 
  custom:scripting/monoscript/fileName/HelpUrls.cs: c1a90585e3e9c9d25f58f9141655f24f -> 
  custom:scripting/monoscript/fileName/EditorStyles.cs: 86b9f4d8fe570a8d8295bfc466c975cf -> 
  custom:audio-decoder-ogg-vorbis: bf7c407c2cedff20999df2af8eb42d56 -> 
  custom:video-decoder-ogg-theora: a1e56fd34408186e4bbccfd4996cb3dc -> 
  custom:scripting/monoscript/fileName/ObsoleteNavigationWindowMenuEntry.cs: c7f73386e6473f401a8e4151cac4e1e5 -> 
  custom:scripting/precompiled-assembly-types:Assembly-CSharp: 5b7335633de95e6b326860172ea5c480 -> 5097d79b403e7b9fa1b5737665486d2d
  custom:scripting/precompiled-assembly-types:Unity.AI.Navigation.Editor.ConversionSystem: 27c718e5de2659aeeb663e092dc21158 -> 
  custom:scripting/precompiled-assembly-types:Unity.AI.Navigation: 5d8fa505e3253b9a2a456e2c28a1afb3 -> 
  custom:scripting/monoscript/fileName/SystemConvertersEditor.cs: c127c1335f24b77ca70195bf2136c6a2 -> 
  custom:scripting/monoscript/fileName/NavMeshSurfaceEditor.cs: adb1294e971eab992abc2e3e7e051565 -> 
  custom:audio-encoder-webm-vorbis: bf7c407c2cedff20999df2af8eb42d56 -> 
  custom:scripting/monoscript/fileName/InitializeConverterContext.cs: a97e19589a5774cdc2a34a28caea355f -> 
  custom:scripting/monoscript/fileName/SystemConverterContainer.cs: eb4026ea01a117ce0888f693e9eed2cd -> 
  custom:scripting/monoscript/fileName/NavMeshComponentsGUIUtility.cs: 08c52049b94db52661003d42fda4ecff -> 
  custom:container-demuxer-webm: 4f35f7cbe854078d1ac9338744f61a02 -> 
  custom:scripting/monoscript/fileName/EnemyChase.cs: 3a83095262844a2fb6b878062f338b2e -> 
  custom:scripting/monoscript/fileName/NavMeshModifierEditor.cs: b8675d28116f43f78881455a7301fe8c -> 
  custom:SearchIndexIgnoredProperties: e643bd26f0fe6173181afceb89e7c659 -> 
  custom:scripting/monoscript/fileName/ConverterItemInfo.cs: 9fb131dfa28a9ed6b6d00fd9cf83ece4 -> 
  custom:scripting/monoscript/fileName/NavMeshModifierVolume.cs: 8dc531216c72b86c60b86e16ff3da10b -> 
  custom:scripting/monoscript/fileName/ConverterItemDescriptor.cs: 8182050d34c5cb602eb7913435a7abee -> 
  custom:scripting/monoscript/fileName/SystemConverter.cs: c748d1769fc66e95256254a1cc1497f3 -> 
  custom:scripting/monoscript/fileName/NavMeshUpdaterUtility.cs: 5eb03802e6dba19b3e13aaf384805cac -> 
  custom:scripting/precompiled-assembly-types:Unity.AI.Navigation.Updater: d2095ddf03fd615830d6dacf5841450d -> 
  custom:scripting/monoscript/fileName/NavMeshUpdaterEditor.cs: 169704080eda430978bba61ddedeb304 -> 
  custom:container-muxer-webm: aa71ff27fc2769a1b78a27578f13a17b -> 
  custom:container-demuxer-ogg: 62fdf1f143b41e24485cea50d1cbac27 -> 
  custom:scripting/monoscript/fileName/NavMeshLinkEditor.cs: aed8ae070d922149bb2ba3de06889ff6 -> 
  custom:AudioImporter_EditorPlatform: 3918e3fc78b5a79bad01e8451be0beb8 -> 
  custom:scripting/monoscript/fileName/RunItemContext.cs: 338b2243183036c2b60f94c1b5e817c5 -> 
  custom:scripting/monoscript/fileName/NavMeshLink.cs: 0b3d0eeb07ab57d259e8f9365538df09 -> 
  custom:CustomObjectIndexerAttribute: 9a22284fe3817be447336de3de66b15e -> 
  custom:scripting/monoscript/fileName/NavMeshModifier.cs: 99ae5ed91bb784edc4f8312d7de046da -> 
========================================================================
Received Prepare
Caller must complete domain reload
Begin MonoManager ReloadAssembly
Thread 0x16f65f000 may have been prematurely finalized
- Loaded All Assemblies, in  0.089 seconds
Native extension for OSXStandalone target not found
Native extension for WebGL target not found
Mono: successfully reloaded assembly
- Finished resetting the current domain, in  0.140 seconds
Domain Reload Profiling: 229ms
	BeginReloadAssembly (55ms)
		ExecutionOrderSort (0ms)
		DisableScriptedObjects (2ms)
		BackupInstance (0ms)
		ReleaseScriptingObjects (0ms)
		CreateAndSetChildDomain (12ms)
	RebuildCommonClasses (17ms)
	RebuildNativeTypeToScriptingClass (5ms)
	initialDomainReloadingComplete (8ms)
	LoadAllAssembliesAndSetupDomain (4ms)
		LoadAssemblies (24ms)
		RebuildTransferFunctionScriptingTraits (0ms)
		AnalyzeDomain (3ms)
			TypeCache.Refresh (2ms)
				TypeCache.ScanAssembly (0ms)
			ScanForSourceGeneratedMonoScriptInfo (0ms)
			ResolveRequiredComponents (1ms)
	FinalizeReload (140ms)
		ReleaseScriptCaches (0ms)
		RebuildScriptCaches (0ms)
		SetupLoadedEditorAssemblies (85ms)
			LogAssemblyErrors (0ms)
			InitializePlatformSupportModulesInManaged (2ms)
			SetLoadedEditorAssemblies (3ms)
			RefreshPlugins (0ms)
			BeforeProcessingInitializeOnLoad (13ms)
			ProcessInitializeOnLoadAttributes (58ms)
			ProcessInitializeOnLoadMethodAttributes (8ms)
			AfterProcessingInitializeOnLoad (0ms)
			EditorAssembliesLoaded (0ms)
		ExecutionOrderSort2 (0ms)
		AwakeInstancesAfterBackupRestoration (2ms)
Refreshing native plugins compatible for Editor in 0.00 ms, found 0 plugins.
Preloading 0 native plugins for Editor in 0.00 ms.
Unloading 271 Unused Serialized files (Serialized files now loaded: 0)
Unloading 1 unused Assets / (22.8 KB). Loaded Objects now: 748.
Memory consumption went from 288.2 MB to 288.1 MB.
Total: 1.216583 ms (FindLiveObjects: 0.022375 ms CreateObjectMapping: 0.005000 ms MarkObjects: 1.181375 ms  DeleteObjects: 0.007583 ms)

Prepare: number of updated asset objects reloaded= 0
AssetImportParameters requested are different than current active one (requested -> active):
  custom:video-encoder-webm-vp8: eb34c28f22e8b96e1ab97ce403110664 -> 
  custom:video-decoder-webm-vp8: 9c59270c3fd7afecdb556c50c9e8de78 -> 
  custom:scripting/monoscript/fileName/NavigationWindow.cs: 7884404b71178f59d8819c380b951d7c -> 
  custom:scripting/monoscript/fileName/Finish.cs: ac3eb429518929f06fd882592af9fc8d -> 
  custom:scripting/monoscript/fileName/NavMeshModifierVolumeEditor.cs: 262a50135a116189426aa01c964a744c -> 
  custom:scripting/monoscript/fileName/NavigationPreferences.cs: ada9399a4f085d4c824cc06527e7fcae -> 
  custom:scripting/monoscript/fileName/BuiltInToNavMeshSurfaceConverterContainer.cs: c40a906f9f99ea8a6c5aaa215767017f -> 
  custom:scripting/monoscript/fileName/NavMeshSceneConverter.cs: baf486a1c1cdf03a3111dd113d13c2f4 -> 
  custom:scripting/monoscript/fileName/NavMeshSurface.cs: 34aebd278d8d3d5db6b23265b9c700f9 -> 
  custom:scripting/precompiled-assembly-types:Unity.AI.Navigation.Editor: 7eaf38f66973fde07200cf372b24130e -> 
  custom:scripting/monoscript/fileName/NavMeshAssetManager.cs: 79eb4858c2054289cd611249ab36b0a5 -> 
  custom:framework-osx-AVFoundation: e770b220cccbd017edd2c1fefb359320 -> 
  custom:scripting/monoscript/fileName/NavigationOverlay.cs: 2744f4e7946ebbb71339c9b1ce538d00 -> 
  custom:scripting/monoscript/fileName/GameManager.cs: 9933fbcc6190e2a9171c2ec8808a053e -> 
  custom:scripting/monoscript/fileName/HelpUrls.cs: c1a90585e3e9c9d25f58f9141655f24f -> 
  custom:scripting/monoscript/fileName/EditorStyles.cs: 86b9f4d8fe570a8d8295bfc466c975cf -> 
  custom:audio-decoder-ogg-vorbis: bf7c407c2cedff20999df2af8eb42d56 -> 
  custom:video-decoder-ogg-theora: a1e56fd34408186e4bbccfd4996cb3dc -> 
  custom:scripting/monoscript/fileName/ObsoleteNavigationWindowMenuEntry.cs: c7f73386e6473f401a8e4151cac4e1e5 -> 
  custom:scripting/precompiled-assembly-types:Assembly-CSharp: 5b7335633de95e6b326860172ea5c480 -> 5097d79b403e7b9fa1b5737665486d2d
  custom:scripting/precompiled-assembly-types:Unity.AI.Navigation.Editor.ConversionSystem: 27c718e5de2659aeeb663e092dc21158 -> 
  custom:scripting/precompiled-assembly-types:Unity.AI.Navigation: 5d8fa505e3253b9a2a456e2c28a1afb3 -> 
  custom:scripting/monoscript/fileName/SystemConvertersEditor.cs: c127c1335f24b77ca70195bf2136c6a2 -> 
  custom:scripting/monoscript/fileName/NavMeshSurfaceEditor.cs: adb1294e971eab992abc2e3e7e051565 -> 
  custom:audio-encoder-webm-vorbis: bf7c407c2cedff20999df2af8eb42d56 -> 
  custom:scripting/monoscript/fileName/InitializeConverterContext.cs: a97e19589a5774cdc2a34a28caea355f -> 
  custom:scripting/monoscript/fileName/SystemConverterContainer.cs: eb4026ea01a117ce0888f693e9eed2cd -> 
  custom:scripting/monoscript/fileName/NavMeshComponentsGUIUtility.cs: 08c52049b94db52661003d42fda4ecff -> 
  custom:container-demuxer-webm: 4f35f7cbe854078d1ac9338744f61a02 -> 
  custom:scripting/monoscript/fileName/EnemyChase.cs: 3a83095262844a2fb6b878062f338b2e -> 
  custom:scripting/monoscript/fileName/NavMeshModifierEditor.cs: b8675d28116f43f78881455a7301fe8c -> 
  custom:SearchIndexIgnoredProperties: e643bd26f0fe6173181afceb89e7c659 -> 
  custom:scripting/monoscript/fileName/ConverterItemInfo.cs: 9fb131dfa28a9ed6b6d00fd9cf83ece4 -> 
  custom:scripting/monoscript/fileName/NavMeshModifierVolume.cs: 8dc531216c72b86c60b86e16ff3da10b -> 
  custom:scripting/monoscript/fileName/ConverterItemDescriptor.cs: 8182050d34c5cb602eb7913435a7abee -> 
  custom:scripting/monoscript/fileName/SystemConverter.cs: c748d1769fc66e95256254a1cc1497f3 -> 
  custom:scripting/monoscript/fileName/NavMeshUpdaterUtility.cs: 5eb03802e6dba19b3e13aaf384805cac -> 
  custom:scripting/precompiled-assembly-types:Unity.AI.Navigation.Updater: d2095ddf03fd615830d6dacf5841450d -> 
  custom:scripting/monoscript/fileName/NavMeshUpdaterEditor.cs: 169704080eda430978bba61ddedeb304 -> 
  custom:container-muxer-webm: aa71ff27fc2769a1b78a27578f13a17b -> 
  custom:container-demuxer-ogg: 62fdf1f143b41e24485cea50d1cbac27 -> 
  custom:scripting/monoscript/fileName/NavMeshLinkEditor.cs: aed8ae070d922149bb2ba3de06889ff6 -> 
  custom:AudioImporter_EditorPlatform: 3918e3fc78b5a79bad01e8451be0beb8 -> 
  custom:scripting/monoscript/fileName/RunItemContext.cs: 338b2243183036c2b60f94c1b5e817c5 -> 
  custom:scripting/monoscript/fileName/NavMeshLink.cs: 0b3d0eeb07ab57d259e8f9365538df09 -> 
  custom:CustomObjectIndexerAttribute: 9a22284fe3817be447336de3de66b15e -> 
  custom:scripting/monoscript/fileName/NavMeshModifier.cs: 99ae5ed91bb784edc4f8312d7de046da -> 
========================================================================
Received Prepare
Caller must complete domain reload
Begin MonoManager ReloadAssembly
Thread 0x16f65f000 may have been prematurely finalized
- Loaded All Assemblies, in  0.091 seconds
Native extension for OSXStandalone target not found
Native extension for WebGL target not found
Mono: successfully reloaded assembly
- Finished resetting the current domain, in  0.141 seconds
Domain Reload Profiling: 231ms
	BeginReloadAssembly (56ms)
		ExecutionOrderSort (0ms)
		DisableScriptedObjects (2ms)
		BackupInstance (0ms)
		ReleaseScriptingObjects (0ms)
		CreateAndSetChildDomain (12ms)
	RebuildCommonClasses (17ms)
	RebuildNativeTypeToScriptingClass (5ms)
	initialDomainReloadingComplete (8ms)
	LoadAllAssembliesAndSetupDomain (4ms)
		LoadAssemblies (26ms)
		RebuildTransferFunctionScriptingTraits (0ms)
		AnalyzeDomain (3ms)
			TypeCache.Refresh (2ms)
				TypeCache.ScanAssembly (0ms)
			ScanForSourceGeneratedMonoScriptInfo (0ms)
			ResolveRequiredComponents (1ms)
	FinalizeReload (141ms)
		ReleaseScriptCaches (0ms)
		RebuildScriptCaches (0ms)
		SetupLoadedEditorAssemblies (84ms)
			LogAssemblyErrors (0ms)
			InitializePlatformSupportModulesInManaged (2ms)
			SetLoadedEditorAssemblies (3ms)
			RefreshPlugins (0ms)
			BeforeProcessingInitializeOnLoad (13ms)
			ProcessInitializeOnLoadAttributes (58ms)
			ProcessInitializeOnLoadMethodAttributes (8ms)
			AfterProcessingInitializeOnLoad (0ms)
			EditorAssembliesLoaded (0ms)
		ExecutionOrderSort2 (0ms)
		AwakeInstancesAfterBackupRestoration (2ms)
Refreshing native plugins compatible for Editor in 0.00 ms, found 0 plugins.
Preloading 0 native plugins for Editor in 0.00 ms.
Unloading 271 Unused Serialized files (Serialized files now loaded: 0)
Unloading 1 unused Assets / (22.7 KB). Loaded Objects now: 748.
Memory consumption went from 291.7 MB to 291.7 MB.
Total: 1.327375 ms (FindLiveObjects: 0.021458 ms CreateObjectMapping: 0.005500 ms MarkObjects: 1.291875 ms  DeleteObjects: 0.008292 ms)

Prepare: number of updated asset objects reloaded= 0
AssetImportParameters requested are different than current active one (requested -> active):
  custom:video-encoder-webm-vp8: eb34c28f22e8b96e1ab97ce403110664 -> 
  custom:video-decoder-webm-vp8: 9c59270c3fd7afecdb556c50c9e8de78 -> 
  custom:scripting/monoscript/fileName/NavigationWindow.cs: 7884404b71178f59d8819c380b951d7c -> 
  custom:scripting/monoscript/fileName/Finish.cs: ac3eb429518929f06fd882592af9fc8d -> 
  custom:scripting/monoscript/fileName/NavMeshModifierVolumeEditor.cs: 262a50135a116189426aa01c964a744c -> 
  custom:scripting/monoscript/fileName/NavigationPreferences.cs: ada9399a4f085d4c824cc06527e7fcae -> 
  custom:scripting/monoscript/fileName/BuiltInToNavMeshSurfaceConverterContainer.cs: c40a906f9f99ea8a6c5aaa215767017f -> 
  custom:scripting/monoscript/fileName/NavMeshSceneConverter.cs: baf486a1c1cdf03a3111dd113d13c2f4 -> 
  custom:scripting/monoscript/fileName/NavMeshSurface.cs: 34aebd278d8d3d5db6b23265b9c700f9 -> 
  custom:scripting/precompiled-assembly-types:Unity.AI.Navigation.Editor: 7eaf38f66973fde07200cf372b24130e -> 
  custom:scripting/monoscript/fileName/NavMeshAssetManager.cs: 79eb4858c2054289cd611249ab36b0a5 -> 
  custom:framework-osx-AVFoundation: e770b220cccbd017edd2c1fefb359320 -> 
  custom:scripting/monoscript/fileName/NavigationOverlay.cs: 2744f4e7946ebbb71339c9b1ce538d00 -> 
  custom:scripting/monoscript/fileName/GameManager.cs: 9933fbcc6190e2a9171c2ec8808a053e -> 
  custom:scripting/monoscript/fileName/HelpUrls.cs: c1a90585e3e9c9d25f58f9141655f24f -> 
  custom:scripting/monoscript/fileName/EditorStyles.cs: 86b9f4d8fe570a8d8295bfc466c975cf -> 
  custom:audio-decoder-ogg-vorbis: bf7c407c2cedff20999df2af8eb42d56 -> 
  custom:video-decoder-ogg-theora: a1e56fd34408186e4bbccfd4996cb3dc -> 
  custom:scripting/monoscript/fileName/ObsoleteNavigationWindowMenuEntry.cs: c7f73386e6473f401a8e4151cac4e1e5 -> 
  custom:scripting/precompiled-assembly-types:Assembly-CSharp: 5b7335633de95e6b326860172ea5c480 -> 5097d79b403e7b9fa1b5737665486d2d
  custom:scripting/precompiled-assembly-types:Unity.AI.Navigation.Editor.ConversionSystem: 27c718e5de2659aeeb663e092dc21158 -> 
  custom:scripting/precompiled-assembly-types:Unity.AI.Navigation: 5d8fa505e3253b9a2a456e2c28a1afb3 -> 
  custom:scripting/monoscript/fileName/SystemConvertersEditor.cs: c127c1335f24b77ca70195bf2136c6a2 -> 
  custom:scripting/monoscript/fileName/NavMeshSurfaceEditor.cs: adb1294e971eab992abc2e3e7e051565 -> 
  custom:audio-encoder-webm-vorbis: bf7c407c2cedff20999df2af8eb42d56 -> 
  custom:scripting/monoscript/fileName/InitializeConverterContext.cs: a97e19589a5774cdc2a34a28caea355f -> 
  custom:scripting/monoscript/fileName/SystemConverterContainer.cs: eb4026ea01a117ce0888f693e9eed2cd -> 
  custom:scripting/monoscript/fileName/NavMeshComponentsGUIUtility.cs: 08c52049b94db52661003d42fda4ecff -> 
  custom:container-demuxer-webm: 4f35f7cbe854078d1ac9338744f61a02 -> 
  custom:scripting/monoscript/fileName/EnemyChase.cs: 3a83095262844a2fb6b878062f338b2e -> 
  custom:scripting/monoscript/fileName/NavMeshModifierEditor.cs: b8675d28116f43f78881455a7301fe8c -> 
  custom:SearchIndexIgnoredProperties: e643bd26f0fe6173181afceb89e7c659 -> 
  custom:scripting/monoscript/fileName/ConverterItemInfo.cs: 9fb131dfa28a9ed6b6d00fd9cf83ece4 -> 
  custom:scripting/monoscript/fileName/NavMeshModifierVolume.cs: 8dc531216c72b86c60b86e16ff3da10b -> 
  custom:scripting/monoscript/fileName/ConverterItemDescriptor.cs: 8182050d34c5cb602eb7913435a7abee -> 
  custom:scripting/monoscript/fileName/SystemConverter.cs: c748d1769fc66e95256254a1cc1497f3 -> 
  custom:scripting/monoscript/fileName/NavMeshUpdaterUtility.cs: 5eb03802e6dba19b3e13aaf384805cac -> 
  custom:scripting/precompiled-assembly-types:Unity.AI.Navigation.Updater: d2095ddf03fd615830d6dacf5841450d -> 
  custom:scripting/monoscript/fileName/NavMeshUpdaterEditor.cs: 169704080eda430978bba61ddedeb304 -> 
  custom:container-muxer-webm: aa71ff27fc2769a1b78a27578f13a17b -> 
  custom:container-demuxer-ogg: 62fdf1f143b41e24485cea50d1cbac27 -> 
  custom:scripting/monoscript/fileName/NavMeshLinkEditor.cs: aed8ae070d922149bb2ba3de06889ff6 -> 
  custom:AudioImporter_EditorPlatform: 3918e3fc78b5a79bad01e8451be0beb8 -> 
  custom:scripting/monoscript/fileName/RunItemContext.cs: 338b2243183036c2b60f94c1b5e817c5 -> 
  custom:scripting/monoscript/fileName/NavMeshLink.cs: 0b3d0eeb07ab57d259e8f9365538df09 -> 
  custom:CustomObjectIndexerAttribute: 9a22284fe3817be447336de3de66b15e -> 
  custom:scripting/monoscript/fileName/NavMeshModifier.cs: 99ae5ed91bb784edc4f8312d7de046da -> 
========================================================================
Received Prepare
Caller must complete domain reload
Begin MonoManager ReloadAssembly
Thread 0x16f65f000 may have been prematurely finalized
- Loaded All Assemblies, in  0.092 seconds
Native extension for OSXStandalone target not found
Native extension for WebGL target not found
Mono: successfully reloaded assembly
- Finished resetting the current domain, in  0.149 seconds
Domain Reload Profiling: 241ms
	BeginReloadAssembly (58ms)
		ExecutionOrderSort (0ms)
		DisableScriptedObjects (2ms)
		BackupInstance (0ms)
		ReleaseScriptingObjects (0ms)
		CreateAndSetChildDomain (12ms)
	RebuildCommonClasses (17ms)
	RebuildNativeTypeToScriptingClass (5ms)
	initialDomainReloadingComplete (8ms)
	LoadAllAssembliesAndSetupDomain (4ms)
		LoadAssemblies (27ms)
		RebuildTransferFunctionScriptingTraits (0ms)
		AnalyzeDomain (3ms)
			TypeCache.Refresh (2ms)
				TypeCache.ScanAssembly (0ms)
			ScanForSourceGeneratedMonoScriptInfo (0ms)
			ResolveRequiredComponents (1ms)
	FinalizeReload (149ms)
		ReleaseScriptCaches (0ms)
		RebuildScriptCaches (0ms)
		SetupLoadedEditorAssemblies (85ms)
			LogAssemblyErrors (0ms)
			InitializePlatformSupportModulesInManaged (2ms)
			SetLoadedEditorAssemblies (3ms)
			RefreshPlugins (0ms)
			BeforeProcessingInitializeOnLoad (13ms)
			ProcessInitializeOnLoadAttributes (58ms)
			ProcessInitializeOnLoadMethodAttributes (8ms)
			AfterProcessingInitializeOnLoad (0ms)
			EditorAssembliesLoaded (0ms)
		ExecutionOrderSort2 (0ms)
		AwakeInstancesAfterBackupRestoration (2ms)
Refreshing native plugins compatible for Editor in 0.00 ms, found 0 plugins.
Preloading 0 native plugins for Editor in 0.00 ms.
Unloading 271 Unused Serialized files (Serialized files now loaded: 0)
Unloading 1 unused Assets / (22.7 KB). Loaded Objects now: 748.
Memory consumption went from 295.2 MB to 295.2 MB.
Total: 1.303708 ms (FindLiveObjects: 0.023667 ms CreateObjectMapping: 0.005500 ms MarkObjects: 1.265333 ms  DeleteObjects: 0.009042 ms)

Prepare: number of updated asset objects reloaded= 0
AssetImportParameters requested are different than current active one (requested -> active):
  custom:video-encoder-webm-vp8: eb34c28f22e8b96e1ab97ce403110664 -> 
  custom:video-decoder-webm-vp8: 9c59270c3fd7afecdb556c50c9e8de78 -> 
  custom:scripting/monoscript/fileName/NavigationWindow.cs: 7884404b71178f59d8819c380b951d7c -> 
  custom:scripting/monoscript/fileName/Finish.cs: ac3eb429518929f06fd882592af9fc8d -> 
  custom:scripting/monoscript/fileName/NavMeshModifierVolumeEditor.cs: 262a50135a116189426aa01c964a744c -> 
  custom:scripting/monoscript/fileName/NavigationPreferences.cs: ada9399a4f085d4c824cc06527e7fcae -> 
  custom:scripting/monoscript/fileName/BuiltInToNavMeshSurfaceConverterContainer.cs: c40a906f9f99ea8a6c5aaa215767017f -> 
  custom:scripting/monoscript/fileName/NavMeshSceneConverter.cs: baf486a1c1cdf03a3111dd113d13c2f4 -> 
  custom:scripting/monoscript/fileName/NavMeshSurface.cs: 34aebd278d8d3d5db6b23265b9c700f9 -> 
  custom:scripting/precompiled-assembly-types:Unity.AI.Navigation.Editor: 7eaf38f66973fde07200cf372b24130e -> 
  custom:scripting/monoscript/fileName/NavMeshAssetManager.cs: 79eb4858c2054289cd611249ab36b0a5 -> 
  custom:framework-osx-AVFoundation: e770b220cccbd017edd2c1fefb359320 -> 
  custom:scripting/monoscript/fileName/NavigationOverlay.cs: 2744f4e7946ebbb71339c9b1ce538d00 -> 
  custom:scripting/monoscript/fileName/GameManager.cs: 9933fbcc6190e2a9171c2ec8808a053e -> 
  custom:scripting/monoscript/fileName/HelpUrls.cs: c1a90585e3e9c9d25f58f9141655f24f -> 
  custom:scripting/monoscript/fileName/EditorStyles.cs: 86b9f4d8fe570a8d8295bfc466c975cf -> 
  custom:audio-decoder-ogg-vorbis: bf7c407c2cedff20999df2af8eb42d56 -> 
  custom:video-decoder-ogg-theora: a1e56fd34408186e4bbccfd4996cb3dc -> 
  custom:scripting/monoscript/fileName/ObsoleteNavigationWindowMenuEntry.cs: c7f73386e6473f401a8e4151cac4e1e5 -> 
  custom:scripting/precompiled-assembly-types:Assembly-CSharp: 5b7335633de95e6b326860172ea5c480 -> 5097d79b403e7b9fa1b5737665486d2d
  custom:scripting/precompiled-assembly-types:Unity.AI.Navigation.Editor.ConversionSystem: 27c718e5de2659aeeb663e092dc21158 -> 
  custom:scripting/precompiled-assembly-types:Unity.AI.Navigation: 5d8fa505e3253b9a2a456e2c28a1afb3 -> 
  custom:scripting/monoscript/fileName/SystemConvertersEditor.cs: c127c1335f24b77ca70195bf2136c6a2 -> 
  custom:scripting/monoscript/fileName/NavMeshSurfaceEditor.cs: adb1294e971eab992abc2e3e7e051565 -> 
  custom:audio-encoder-webm-vorbis: bf7c407c2cedff20999df2af8eb42d56 -> 
  custom:scripting/monoscript/fileName/InitializeConverterContext.cs: a97e19589a5774cdc2a34a28caea355f -> 
  custom:scripting/monoscript/fileName/SystemConverterContainer.cs: eb4026ea01a117ce0888f693e9eed2cd -> 
  custom:scripting/monoscript/fileName/NavMeshComponentsGUIUtility.cs: 08c52049b94db52661003d42fda4ecff -> 
  custom:container-demuxer-webm: 4f35f7cbe854078d1ac9338744f61a02 -> 
  custom:scripting/monoscript/fileName/EnemyChase.cs: 3a83095262844a2fb6b878062f338b2e -> 
  custom:scripting/monoscript/fileName/NavMeshModifierEditor.cs: b8675d28116f43f78881455a7301fe8c -> 
  custom:SearchIndexIgnoredProperties: e643bd26f0fe6173181afceb89e7c659 -> 
  custom:scripting/monoscript/fileName/ConverterItemInfo.cs: 9fb131dfa28a9ed6b6d00fd9cf83ece4 -> 
  custom:scripting/monoscript/fileName/NavMeshModifierVolume.cs: 8dc531216c72b86c60b86e16ff3da10b -> 
  custom:scripting/monoscript/fileName/ConverterItemDescriptor.cs: 8182050d34c5cb602eb7913435a7abee -> 
  custom:scripting/monoscript/fileName/SystemConverter.cs: c748d1769fc66e95256254a1cc1497f3 -> 
  custom:scripting/monoscript/fileName/NavMeshUpdaterUtility.cs: 5eb03802e6dba19b3e13aaf384805cac -> 
  custom:scripting/precompiled-assembly-types:Unity.AI.Navigation.Updater: d2095ddf03fd615830d6dacf5841450d -> 
  custom:scripting/monoscript/fileName/NavMeshUpdaterEditor.cs: 169704080eda430978bba61ddedeb304 -> 
  custom:container-muxer-webm: aa71ff27fc2769a1b78a27578f13a17b -> 
  custom:container-demuxer-ogg: 62fdf1f143b41e24485cea50d1cbac27 -> 
  custom:scripting/monoscript/fileName/NavMeshLinkEditor.cs: aed8ae070d922149bb2ba3de06889ff6 -> 
  custom:AudioImporter_EditorPlatform: 3918e3fc78b5a79bad01e8451be0beb8 -> 
  custom:scripting/monoscript/fileName/RunItemContext.cs: 338b2243183036c2b60f94c1b5e817c5 -> 
  custom:scripting/monoscript/fileName/NavMeshLink.cs: 0b3d0eeb07ab57d259e8f9365538df09 -> 
  custom:CustomObjectIndexerAttribute: 9a22284fe3817be447336de3de66b15e -> 
  custom:scripting/monoscript/fileName/NavMeshModifier.cs: 99ae5ed91bb784edc4f8312d7de046da -> 
========================================================================
Received Prepare
Caller must complete domain reload
Begin MonoManager ReloadAssembly
Thread 0x16f65f000 may have been prematurely finalized
- Loaded All Assemblies, in  0.109 seconds
Native extension for OSXStandalone target not found
Native extension for WebGL target not found
Mono: successfully reloaded assembly
- Finished resetting the current domain, in  0.145 seconds
Domain Reload Profiling: 254ms
	BeginReloadAssembly (73ms)
		ExecutionOrderSort (0ms)
		DisableScriptedObjects (2ms)
		BackupInstance (0ms)
		ReleaseScriptingObjects (0ms)
		CreateAndSetChildDomain (15ms)
	RebuildCommonClasses (17ms)
	RebuildNativeTypeToScriptingClass (5ms)
	initialDomainReloadingComplete (9ms)
	LoadAllAssembliesAndSetupDomain (5ms)
		LoadAssemblies (37ms)
		RebuildTransferFunctionScriptingTraits (0ms)
		AnalyzeDomain (3ms)
			TypeCache.Refresh (2ms)
				TypeCache.ScanAssembly (0ms)
			ScanForSourceGeneratedMonoScriptInfo (0ms)
			ResolveRequiredComponents (1ms)
	FinalizeReload (145ms)
		ReleaseScriptCaches (0ms)
		RebuildScriptCaches (0ms)
		SetupLoadedEditorAssemblies (87ms)
			LogAssemblyErrors (0ms)
			InitializePlatformSupportModulesInManaged (2ms)
			SetLoadedEditorAssemblies (3ms)
			RefreshPlugins (0ms)
			BeforeProcessingInitializeOnLoad (13ms)
			ProcessInitializeOnLoadAttributes (60ms)
			ProcessInitializeOnLoadMethodAttributes (8ms)
			AfterProcessingInitializeOnLoad (0ms)
			EditorAssembliesLoaded (0ms)
		ExecutionOrderSort2 (0ms)
		AwakeInstancesAfterBackupRestoration (2ms)
Refreshing native plugins compatible for Editor in 0.00 ms, found 0 plugins.
Preloading 0 native plugins for Editor in 0.00 ms.
Unloading 271 Unused Serialized files (Serialized files now loaded: 0)
Unloading 1 unused Assets / (22.8 KB). Loaded Objects now: 748.
Memory consumption went from 298.8 MB to 298.7 MB.
Total: 1.430875 ms (FindLiveObjects: 0.024500 ms CreateObjectMapping: 0.005709 ms MarkObjects: 1.390625 ms  DeleteObjects: 0.009916 ms)

Prepare: number of updated asset objects reloaded= 0
AssetImportParameters requested are different than current active one (requested -> active):
  custom:video-encoder-webm-vp8: eb34c28f22e8b96e1ab97ce403110664 -> 
  custom:video-decoder-webm-vp8: 9c59270c3fd7afecdb556c50c9e8de78 -> 
  custom:scripting/monoscript/fileName/NavigationWindow.cs: 7884404b71178f59d8819c380b951d7c -> 
  custom:scripting/monoscript/fileName/Finish.cs: ac3eb429518929f06fd882592af9fc8d -> 
  custom:scripting/monoscript/fileName/NavMeshModifierVolumeEditor.cs: 262a50135a116189426aa01c964a744c -> 
  custom:scripting/monoscript/fileName/NavigationPreferences.cs: ada9399a4f085d4c824cc06527e7fcae -> 
  custom:scripting/monoscript/fileName/BuiltInToNavMeshSurfaceConverterContainer.cs: c40a906f9f99ea8a6c5aaa215767017f -> 
  custom:scripting/monoscript/fileName/NavMeshSceneConverter.cs: baf486a1c1cdf03a3111dd113d13c2f4 -> 
  custom:scripting/monoscript/fileName/NavMeshSurface.cs: 34aebd278d8d3d5db6b23265b9c700f9 -> 
  custom:scripting/precompiled-assembly-types:Unity.AI.Navigation.Editor: 7eaf38f66973fde07200cf372b24130e -> 
  custom:scripting/monoscript/fileName/NavMeshAssetManager.cs: 79eb4858c2054289cd611249ab36b0a5 -> 
  custom:framework-osx-AVFoundation: e770b220cccbd017edd2c1fefb359320 -> 
  custom:scripting/monoscript/fileName/NavigationOverlay.cs: 2744f4e7946ebbb71339c9b1ce538d00 -> 
  custom:scripting/monoscript/fileName/GameManager.cs: 9933fbcc6190e2a9171c2ec8808a053e -> 
  custom:scripting/monoscript/fileName/HelpUrls.cs: c1a90585e3e9c9d25f58f9141655f24f -> 
  custom:scripting/monoscript/fileName/EditorStyles.cs: 86b9f4d8fe570a8d8295bfc466c975cf -> 
  custom:audio-decoder-ogg-vorbis: bf7c407c2cedff20999df2af8eb42d56 -> 
  custom:video-decoder-ogg-theora: a1e56fd34408186e4bbccfd4996cb3dc -> 
  custom:scripting/monoscript/fileName/ObsoleteNavigationWindowMenuEntry.cs: c7f73386e6473f401a8e4151cac4e1e5 -> 
  custom:scripting/precompiled-assembly-types:Assembly-CSharp: 5b7335633de95e6b326860172ea5c480 -> 5097d79b403e7b9fa1b5737665486d2d
  custom:scripting/precompiled-assembly-types:Unity.AI.Navigation.Editor.ConversionSystem: 27c718e5de2659aeeb663e092dc21158 -> 
  custom:scripting/precompiled-assembly-types:Unity.AI.Navigation: 5d8fa505e3253b9a2a456e2c28a1afb3 -> 
  custom:scripting/monoscript/fileName/SystemConvertersEditor.cs: c127c1335f24b77ca70195bf2136c6a2 -> 
  custom:scripting/monoscript/fileName/NavMeshSurfaceEditor.cs: adb1294e971eab992abc2e3e7e051565 -> 
  custom:audio-encoder-webm-vorbis: bf7c407c2cedff20999df2af8eb42d56 -> 
  custom:scripting/monoscript/fileName/InitializeConverterContext.cs: a97e19589a5774cdc2a34a28caea355f -> 
  custom:scripting/monoscript/fileName/SystemConverterContainer.cs: eb4026ea01a117ce0888f693e9eed2cd -> 
  custom:scripting/monoscript/fileName/NavMeshComponentsGUIUtility.cs: 08c52049b94db52661003d42fda4ecff -> 
  custom:container-demuxer-webm: 4f35f7cbe854078d1ac9338744f61a02 -> 
  custom:scripting/monoscript/fileName/EnemyChase.cs: 3a83095262844a2fb6b878062f338b2e -> 
  custom:scripting/monoscript/fileName/NavMeshModifierEditor.cs: b8675d28116f43f78881455a7301fe8c -> 
  custom:SearchIndexIgnoredProperties: e643bd26f0fe6173181afceb89e7c659 -> 
  custom:scripting/monoscript/fileName/ConverterItemInfo.cs: 9fb131dfa28a9ed6b6d00fd9cf83ece4 -> 
  custom:scripting/monoscript/fileName/NavMeshModifierVolume.cs: 8dc531216c72b86c60b86e16ff3da10b -> 
  custom:scripting/monoscript/fileName/ConverterItemDescriptor.cs: 8182050d34c5cb602eb7913435a7abee -> 
  custom:scripting/monoscript/fileName/SystemConverter.cs: c748d1769fc66e95256254a1cc1497f3 -> 
  custom:scripting/monoscript/fileName/NavMeshUpdaterUtility.cs: 5eb03802e6dba19b3e13aaf384805cac -> 
  custom:scripting/precompiled-assembly-types:Unity.AI.Navigation.Updater: d2095ddf03fd615830d6dacf5841450d -> 
  custom:scripting/monoscript/fileName/NavMeshUpdaterEditor.cs: 169704080eda430978bba61ddedeb304 -> 
  custom:container-muxer-webm: aa71ff27fc2769a1b78a27578f13a17b -> 
  custom:container-demuxer-ogg: 62fdf1f143b41e24485cea50d1cbac27 -> 
  custom:scripting/monoscript/fileName/NavMeshLinkEditor.cs: aed8ae070d922149bb2ba3de06889ff6 -> 
  custom:AudioImporter_EditorPlatform: 3918e3fc78b5a79bad01e8451be0beb8 -> 
  custom:scripting/monoscript/fileName/RunItemContext.cs: 338b2243183036c2b60f94c1b5e817c5 -> 
  custom:scripting/monoscript/fileName/NavMeshLink.cs: 0b3d0eeb07ab57d259e8f9365538df09 -> 
  custom:CustomObjectIndexerAttribute: 9a22284fe3817be447336de3de66b15e -> 
  custom:scripting/monoscript/fileName/NavMeshModifier.cs: 99ae5ed91bb784edc4f8312d7de046da -> 
========================================================================
Received Prepare
Caller must complete domain reload
Begin MonoManager ReloadAssembly
Thread 0x16f65f000 may have been prematurely finalized
- Loaded All Assemblies, in  0.114 seconds
Native extension for OSXStandalone target not found
Native extension for WebGL target not found
Mono: successfully reloaded assembly
- Finished resetting the current domain, in  0.154 seconds
Domain Reload Profiling: 268ms
	BeginReloadAssembly (73ms)
		ExecutionOrderSort (0ms)
		DisableScriptedObjects (2ms)
		BackupInstance (0ms)
		ReleaseScriptingObjects (0ms)
		CreateAndSetChildDomain (16ms)
	RebuildCommonClasses (18ms)
	RebuildNativeTypeToScriptingClass (5ms)
	initialDomainReloadingComplete (10ms)
	LoadAllAssembliesAndSetupDomain (8ms)
		LoadAssemblies (37ms)
		RebuildTransferFunctionScriptingTraits (0ms)
		AnalyzeDomain (6ms)
			TypeCache.Refresh (4ms)
				TypeCache.ScanAssembly (0ms)
			ScanForSourceGeneratedMonoScriptInfo (0ms)
			ResolveRequiredComponents (1ms)
	FinalizeReload (154ms)
		ReleaseScriptCaches (0ms)
		RebuildScriptCaches (0ms)
		SetupLoadedEditorAssemblies (89ms)
			LogAssemblyErrors (0ms)
			InitializePlatformSupportModulesInManaged (2ms)
			SetLoadedEditorAssemblies (3ms)
			RefreshPlugins (0ms)
			BeforeProcessingInitializeOnLoad (13ms)
			ProcessInitializeOnLoadAttributes (61ms)
			ProcessInitializeOnLoadMethodAttributes (8ms)
			AfterProcessingInitializeOnLoad (0ms)
			EditorAssembliesLoaded (0ms)
		ExecutionOrderSort2 (0ms)
		AwakeInstancesAfterBackupRestoration (2ms)
Refreshing native plugins compatible for Editor in 0.00 ms, found 0 plugins.
Preloading 0 native plugins for Editor in 0.00 ms.
Unloading 272 Unused Serialized files (Serialized files now loaded: 0)
Unloading 1 unused Assets / (22.7 KB). Loaded Objects now: 749.
Memory consumption went from 302.3 MB to 302.2 MB.
Total: 1.661000 ms (FindLiveObjects: 0.036875 ms CreateObjectMapping: 0.007917 ms MarkObjects: 1.601083 ms  DeleteObjects: 0.014792 ms)

Prepare: number of updated asset objects reloaded= 0
AssetImportParameters requested are different than current active one (requested -> active):
  custom:video-encoder-webm-vp8: eb34c28f22e8b96e1ab97ce403110664 -> 
  custom:video-decoder-webm-vp8: 9c59270c3fd7afecdb556c50c9e8de78 -> 
  custom:scripting/monoscript/fileName/NavigationWindow.cs: 7884404b71178f59d8819c380b951d7c -> 
  custom:scripting/monoscript/fileName/Finish.cs: ac3eb429518929f06fd882592af9fc8d -> 
  custom:scripting/monoscript/fileName/NavMeshModifierVolumeEditor.cs: 262a50135a116189426aa01c964a744c -> 
  custom:scripting/monoscript/fileName/NavigationPreferences.cs: ada9399a4f085d4c824cc06527e7fcae -> 
  custom:scripting/monoscript/fileName/BuiltInToNavMeshSurfaceConverterContainer.cs: c40a906f9f99ea8a6c5aaa215767017f -> 
  custom:scripting/monoscript/fileName/NavMeshSceneConverter.cs: baf486a1c1cdf03a3111dd113d13c2f4 -> 
  custom:scripting/monoscript/fileName/NavMeshSurface.cs: 34aebd278d8d3d5db6b23265b9c700f9 -> 
  custom:scripting/precompiled-assembly-types:Unity.AI.Navigation.Editor: 7eaf38f66973fde07200cf372b24130e -> 
  custom:scripting/monoscript/fileName/NavMeshAssetManager.cs: 79eb4858c2054289cd611249ab36b0a5 -> 
  custom:framework-osx-AVFoundation: e770b220cccbd017edd2c1fefb359320 -> 
  custom:scripting/monoscript/fileName/NavigationOverlay.cs: 2744f4e7946ebbb71339c9b1ce538d00 -> 
  custom:scripting/monoscript/fileName/GameManager.cs: 9933fbcc6190e2a9171c2ec8808a053e -> 
  custom:scripting/monoscript/fileName/HelpUrls.cs: c1a90585e3e9c9d25f58f9141655f24f -> 
  custom:scripting/monoscript/fileName/EditorStyles.cs: 86b9f4d8fe570a8d8295bfc466c975cf -> 
  custom:audio-decoder-ogg-vorbis: bf7c407c2cedff20999df2af8eb42d56 -> 
  custom:video-decoder-ogg-theora: a1e56fd34408186e4bbccfd4996cb3dc -> 
  custom:scripting/monoscript/fileName/ObsoleteNavigationWindowMenuEntry.cs: c7f73386e6473f401a8e4151cac4e1e5 -> 
  custom:scripting/precompiled-assembly-types:Assembly-CSharp: f6123a127264180ac304143dfcf0c4b1 -> 5097d79b403e7b9fa1b5737665486d2d
  custom:scripting/precompiled-assembly-types:Unity.AI.Navigation.Editor.ConversionSystem: 27c718e5de2659aeeb663e092dc21158 -> 
  custom:scripting/precompiled-assembly-types:Unity.AI.Navigation: 5d8fa505e3253b9a2a456e2c28a1afb3 -> 
  custom:scripting/monoscript/fileName/SystemConvertersEditor.cs: c127c1335f24b77ca70195bf2136c6a2 -> 
  custom:scripting/monoscript/fileName/NavMeshSurfaceEditor.cs: adb1294e971eab992abc2e3e7e051565 -> 
  custom:audio-encoder-webm-vorbis: bf7c407c2cedff20999df2af8eb42d56 -> 
  custom:scripting/monoscript/fileName/InitializeConverterContext.cs: a97e19589a5774cdc2a34a28caea355f -> 
  custom:scripting/monoscript/fileName/SystemConverterContainer.cs: eb4026ea01a117ce0888f693e9eed2cd -> 
  custom:scripting/monoscript/fileName/NavMeshComponentsGUIUtility.cs: 08c52049b94db52661003d42fda4ecff -> 
  custom:container-demuxer-webm: 4f35f7cbe854078d1ac9338744f61a02 -> 
  custom:scripting/monoscript/fileName/EnemyChase.cs: 3a83095262844a2fb6b878062f338b2e -> 
  custom:scripting/monoscript/fileName/NavMeshModifierEditor.cs: b8675d28116f43f78881455a7301fe8c -> 
  custom:SearchIndexIgnoredProperties: e643bd26f0fe6173181afceb89e7c659 -> 
  custom:scripting/monoscript/fileName/ConverterItemInfo.cs: 9fb131dfa28a9ed6b6d00fd9cf83ece4 -> 
  custom:scripting/monoscript/fileName/NavMeshModifierVolume.cs: 8dc531216c72b86c60b86e16ff3da10b -> 
  custom:scripting/monoscript/fileName/ConverterItemDescriptor.cs: 8182050d34c5cb602eb7913435a7abee -> 
  custom:scripting/monoscript/fileName/PlayerCoinCollector.cs: 778d76172874acfe98b78a833e1be144 -> 
  custom:scripting/monoscript/fileName/SystemConverter.cs: c748d1769fc66e95256254a1cc1497f3 -> 
  custom:scripting/monoscript/fileName/NavMeshUpdaterUtility.cs: 5eb03802e6dba19b3e13aaf384805cac -> 
  custom:scripting/precompiled-assembly-types:Unity.AI.Navigation.Updater: d2095ddf03fd615830d6dacf5841450d -> 
  custom:scripting/monoscript/fileName/NavMeshUpdaterEditor.cs: 169704080eda430978bba61ddedeb304 -> 
  custom:container-muxer-webm: aa71ff27fc2769a1b78a27578f13a17b -> 
  custom:container-demuxer-ogg: 62fdf1f143b41e24485cea50d1cbac27 -> 
  custom:scripting/monoscript/fileName/NavMeshLinkEditor.cs: aed8ae070d922149bb2ba3de06889ff6 -> 
  custom:AudioImporter_EditorPlatform: 3918e3fc78b5a79bad01e8451be0beb8 -> 
  custom:scripting/monoscript/fileName/RunItemContext.cs: 338b2243183036c2b60f94c1b5e817c5 -> 
  custom:scripting/monoscript/fileName/NavMeshLink.cs: 0b3d0eeb07ab57d259e8f9365538df09 -> 
  custom:CustomObjectIndexerAttribute: 9a22284fe3817be447336de3de66b15e -> 
  custom:scripting/monoscript/fileName/NavMeshModifier.cs: 99ae5ed91bb784edc4f8312d7de046da -> 
========================================================================
Received Prepare
Caller must complete domain reload
Begin MonoManager ReloadAssembly
Thread 0x16f65f000 may have been prematurely finalized
- Loaded All Assemblies, in  0.090 seconds
Native extension for OSXStandalone target not found
Native extension for WebGL target not found
Mono: successfully reloaded assembly
- Finished resetting the current domain, in  0.146 seconds
Domain Reload Profiling: 237ms
	BeginReloadAssembly (56ms)
		ExecutionOrderSort (0ms)
		DisableScriptedObjects (2ms)
		BackupInstance (0ms)
		ReleaseScriptingObjects (0ms)
		CreateAndSetChildDomain (12ms)
	RebuildCommonClasses (17ms)
	RebuildNativeTypeToScriptingClass (5ms)
	initialDomainReloadingComplete (8ms)
	LoadAllAssembliesAndSetupDomain (5ms)
		LoadAssemblies (25ms)
		RebuildTransferFunctionScriptingTraits (0ms)
		AnalyzeDomain (3ms)
			TypeCache.Refresh (2ms)
				TypeCache.ScanAssembly (0ms)
			ScanForSourceGeneratedMonoScriptInfo (0ms)
			ResolveRequiredComponents (1ms)
	FinalizeReload (146ms)
		ReleaseScriptCaches (0ms)
		RebuildScriptCaches (0ms)
		SetupLoadedEditorAssemblies (85ms)
			LogAssemblyErrors (0ms)
			InitializePlatformSupportModulesInManaged (2ms)
			SetLoadedEditorAssemblies (3ms)
			RefreshPlugins (0ms)
			BeforeProcessingInitializeOnLoad (13ms)
			ProcessInitializeOnLoadAttributes (58ms)
			ProcessInitializeOnLoadMethodAttributes (8ms)
			AfterProcessingInitializeOnLoad (1ms)
			EditorAssembliesLoaded (0ms)
		ExecutionOrderSort2 (0ms)
		AwakeInstancesAfterBackupRestoration (2ms)
Refreshing native plugins compatible for Editor in 0.00 ms, found 0 plugins.
Preloading 0 native plugins for Editor in 0.00 ms.
Unloading 272 Unused Serialized files (Serialized files now loaded: 0)
Unloading 1 unused Assets / (22.7 KB). Loaded Objects now: 749.
Memory consumption went from 305.8 MB to 305.8 MB.
Total: 1.302834 ms (FindLiveObjects: 0.024041 ms CreateObjectMapping: 0.005375 ms MarkObjects: 1.265209 ms  DeleteObjects: 0.008125 ms)

Prepare: number of updated asset objects reloaded= 0
AssetImportParameters requested are different than current active one (requested -> active):
  custom:video-encoder-webm-vp8: eb34c28f22e8b96e1ab97ce403110664 -> 
  custom:video-decoder-webm-vp8: 9c59270c3fd7afecdb556c50c9e8de78 -> 
  custom:scripting/monoscript/fileName/NavigationWindow.cs: 7884404b71178f59d8819c380b951d7c -> 
  custom:scripting/monoscript/fileName/Finish.cs: ac3eb429518929f06fd882592af9fc8d -> 
  custom:scripting/monoscript/fileName/NavMeshModifierVolumeEditor.cs: 262a50135a116189426aa01c964a744c -> 
  custom:scripting/monoscript/fileName/NavigationPreferences.cs: ada9399a4f085d4c824cc06527e7fcae -> 
  custom:scripting/monoscript/fileName/BuiltInToNavMeshSurfaceConverterContainer.cs: c40a906f9f99ea8a6c5aaa215767017f -> 
  custom:scripting/monoscript/fileName/NavMeshSceneConverter.cs: baf486a1c1cdf03a3111dd113d13c2f4 -> 
  custom:scripting/monoscript/fileName/NavMeshSurface.cs: 34aebd278d8d3d5db6b23265b9c700f9 -> 
  custom:scripting/precompiled-assembly-types:Unity.AI.Navigation.Editor: 7eaf38f66973fde07200cf372b24130e -> 
  custom:scripting/monoscript/fileName/NavMeshAssetManager.cs: 79eb4858c2054289cd611249ab36b0a5 -> 
  custom:framework-osx-AVFoundation: e770b220cccbd017edd2c1fefb359320 -> 
  custom:scripting/monoscript/fileName/NavigationOverlay.cs: 2744f4e7946ebbb71339c9b1ce538d00 -> 
  custom:scripting/monoscript/fileName/GameManager.cs: 9933fbcc6190e2a9171c2ec8808a053e -> 
  custom:scripting/monoscript/fileName/HelpUrls.cs: c1a90585e3e9c9d25f58f9141655f24f -> 
  custom:scripting/monoscript/fileName/EditorStyles.cs: 86b9f4d8fe570a8d8295bfc466c975cf -> 
  custom:audio-decoder-ogg-vorbis: bf7c407c2cedff20999df2af8eb42d56 -> 
  custom:video-decoder-ogg-theora: a1e56fd34408186e4bbccfd4996cb3dc -> 
  custom:scripting/monoscript/fileName/ObsoleteNavigationWindowMenuEntry.cs: c7f73386e6473f401a8e4151cac4e1e5 -> 
  custom:scripting/precompiled-assembly-types:Assembly-CSharp: 5b7335633de95e6b326860172ea5c480 -> 5097d79b403e7b9fa1b5737665486d2d
  custom:scripting/precompiled-assembly-types:Unity.AI.Navigation.Editor.ConversionSystem: 27c718e5de2659aeeb663e092dc21158 -> 
  custom:scripting/precompiled-assembly-types:Unity.AI.Navigation: 5d8fa505e3253b9a2a456e2c28a1afb3 -> 
  custom:scripting/monoscript/fileName/SystemConvertersEditor.cs: c127c1335f24b77ca70195bf2136c6a2 -> 
  custom:scripting/monoscript/fileName/NavMeshSurfaceEditor.cs: adb1294e971eab992abc2e3e7e051565 -> 
  custom:audio-encoder-webm-vorbis: bf7c407c2cedff20999df2af8eb42d56 -> 
  custom:scripting/monoscript/fileName/InitializeConverterContext.cs: a97e19589a5774cdc2a34a28caea355f -> 
  custom:scripting/monoscript/fileName/SystemConverterContainer.cs: eb4026ea01a117ce0888f693e9eed2cd -> 
  custom:scripting/monoscript/fileName/NavMeshComponentsGUIUtility.cs: 08c52049b94db52661003d42fda4ecff -> 
  custom:container-demuxer-webm: 4f35f7cbe854078d1ac9338744f61a02 -> 
  custom:scripting/monoscript/fileName/EnemyChase.cs: 3a83095262844a2fb6b878062f338b2e -> 
  custom:scripting/monoscript/fileName/NavMeshModifierEditor.cs: b8675d28116f43f78881455a7301fe8c -> 
  custom:SearchIndexIgnoredProperties: e643bd26f0fe6173181afceb89e7c659 -> 
  custom:scripting/monoscript/fileName/ConverterItemInfo.cs: 9fb131dfa28a9ed6b6d00fd9cf83ece4 -> 
  custom:scripting/monoscript/fileName/NavMeshModifierVolume.cs: 8dc531216c72b86c60b86e16ff3da10b -> 
  custom:scripting/monoscript/fileName/ConverterItemDescriptor.cs: 8182050d34c5cb602eb7913435a7abee -> 
  custom:scripting/monoscript/fileName/PlayerCoinCollector.cs: 778d76172874acfe98b78a833e1be144 -> 
  custom:scripting/monoscript/fileName/SystemConverter.cs: c748d1769fc66e95256254a1cc1497f3 -> 
  custom:scripting/monoscript/fileName/NavMeshUpdaterUtility.cs: 5eb03802e6dba19b3e13aaf384805cac -> 
  custom:scripting/precompiled-assembly-types:Unity.AI.Navigation.Updater: d2095ddf03fd615830d6dacf5841450d -> 
  custom:scripting/monoscript/fileName/NavMeshUpdaterEditor.cs: 169704080eda430978bba61ddedeb304 -> 
  custom:container-muxer-webm: aa71ff27fc2769a1b78a27578f13a17b -> 
  custom:container-demuxer-ogg: 62fdf1f143b41e24485cea50d1cbac27 -> 
  custom:scripting/monoscript/fileName/NavMeshLinkEditor.cs: aed8ae070d922149bb2ba3de06889ff6 -> 
  custom:AudioImporter_EditorPlatform: 3918e3fc78b5a79bad01e8451be0beb8 -> 
  custom:scripting/monoscript/fileName/RunItemContext.cs: 338b2243183036c2b60f94c1b5e817c5 -> 
  custom:scripting/monoscript/fileName/NavMeshLink.cs: 0b3d0eeb07ab57d259e8f9365538df09 -> 
  custom:CustomObjectIndexerAttribute: 9a22284fe3817be447336de3de66b15e -> 
  custom:scripting/monoscript/fileName/NavMeshModifier.cs: 99ae5ed91bb784edc4f8312d7de046da -> 
========================================================================
Received Prepare
Caller must complete domain reload
Begin MonoManager ReloadAssembly
Thread 0x16f65f000 may have been prematurely finalized
- Loaded All Assemblies, in  0.090 seconds
Native extension for OSXStandalone target not found
Native extension for WebGL target not found
Mono: successfully reloaded assembly
- Finished resetting the current domain, in  0.139 seconds
Domain Reload Profiling: 229ms
	BeginReloadAssembly (55ms)
		ExecutionOrderSort (0ms)
		DisableScriptedObjects (2ms)
		BackupInstance (0ms)
		ReleaseScriptingObjects (0ms)
		CreateAndSetChildDomain (12ms)
	RebuildCommonClasses (17ms)
	RebuildNativeTypeToScriptingClass (5ms)
	initialDomainReloadingComplete (8ms)
	LoadAllAssembliesAndSetupDomain (4ms)
		LoadAssemblies (24ms)
		RebuildTransferFunctionScriptingTraits (0ms)
		AnalyzeDomain (3ms)
			TypeCache.Refresh (2ms)
				TypeCache.ScanAssembly (0ms)
			ScanForSourceGeneratedMonoScriptInfo (0ms)
			ResolveRequiredComponents (1ms)
	FinalizeReload (139ms)
		ReleaseScriptCaches (0ms)
		RebuildScriptCaches (0ms)
		SetupLoadedEditorAssemblies (84ms)
			LogAssemblyErrors (0ms)
			InitializePlatformSupportModulesInManaged (2ms)
			SetLoadedEditorAssemblies (3ms)
			RefreshPlugins (0ms)
			BeforeProcessingInitializeOnLoad (13ms)
			ProcessInitializeOnLoadAttributes (57ms)
			ProcessInitializeOnLoadMethodAttributes (8ms)
			AfterProcessingInitializeOnLoad (0ms)
			EditorAssembliesLoaded (0ms)
		ExecutionOrderSort2 (0ms)
		AwakeInstancesAfterBackupRestoration (2ms)
Refreshing native plugins compatible for Editor in 0.00 ms, found 0 plugins.
Preloading 0 native plugins for Editor in 0.00 ms.
Unloading 272 Unused Serialized files (Serialized files now loaded: 0)
Unloading 1 unused Assets / (22.8 KB). Loaded Objects now: 749.
Memory consumption went from 309.3 MB to 309.3 MB.
Total: 1.465083 ms (FindLiveObjects: 0.023709 ms CreateObjectMapping: 0.005583 ms MarkObjects: 1.427208 ms  DeleteObjects: 0.008458 ms)

Prepare: number of updated asset objects reloaded= 0
AssetImportParameters requested are different than current active one (requested -> active):
  custom:video-encoder-webm-vp8: eb34c28f22e8b96e1ab97ce403110664 -> 
  custom:video-decoder-webm-vp8: 9c59270c3fd7afecdb556c50c9e8de78 -> 
  custom:scripting/monoscript/fileName/NavigationWindow.cs: 7884404b71178f59d8819c380b951d7c -> 
  custom:scripting/monoscript/fileName/Finish.cs: ac3eb429518929f06fd882592af9fc8d -> 
  custom:scripting/monoscript/fileName/NavMeshModifierVolumeEditor.cs: 262a50135a116189426aa01c964a744c -> 
  custom:scripting/monoscript/fileName/NavigationPreferences.cs: ada9399a4f085d4c824cc06527e7fcae -> 
  custom:scripting/monoscript/fileName/BuiltInToNavMeshSurfaceConverterContainer.cs: c40a906f9f99ea8a6c5aaa215767017f -> 
  custom:scripting/monoscript/fileName/NavMeshSceneConverter.cs: baf486a1c1cdf03a3111dd113d13c2f4 -> 
  custom:scripting/monoscript/fileName/NavMeshSurface.cs: 34aebd278d8d3d5db6b23265b9c700f9 -> 
  custom:scripting/precompiled-assembly-types:Unity.AI.Navigation.Editor: 7eaf38f66973fde07200cf372b24130e -> 
  custom:scripting/monoscript/fileName/NavMeshAssetManager.cs: 79eb4858c2054289cd611249ab36b0a5 -> 
  custom:framework-osx-AVFoundation: e770b220cccbd017edd2c1fefb359320 -> 
  custom:scripting/monoscript/fileName/NavigationOverlay.cs: 2744f4e7946ebbb71339c9b1ce538d00 -> 
  custom:scripting/monoscript/fileName/GameManager.cs: 9933fbcc6190e2a9171c2ec8808a053e -> 
  custom:scripting/monoscript/fileName/HelpUrls.cs: c1a90585e3e9c9d25f58f9141655f24f -> 
  custom:scripting/monoscript/fileName/EditorStyles.cs: 86b9f4d8fe570a8d8295bfc466c975cf -> 
  custom:audio-decoder-ogg-vorbis: bf7c407c2cedff20999df2af8eb42d56 -> 
  custom:video-decoder-ogg-theora: a1e56fd34408186e4bbccfd4996cb3dc -> 
  custom:scripting/monoscript/fileName/ObsoleteNavigationWindowMenuEntry.cs: c7f73386e6473f401a8e4151cac4e1e5 -> 
  custom:scripting/precompiled-assembly-types:Assembly-CSharp: 5b7335633de95e6b326860172ea5c480 -> 5097d79b403e7b9fa1b5737665486d2d
  custom:scripting/precompiled-assembly-types:Unity.AI.Navigation.Editor.ConversionSystem: 27c718e5de2659aeeb663e092dc21158 -> 
  custom:scripting/precompiled-assembly-types:Unity.AI.Navigation: 5d8fa505e3253b9a2a456e2c28a1afb3 -> 
  custom:scripting/monoscript/fileName/SystemConvertersEditor.cs: c127c1335f24b77ca70195bf2136c6a2 -> 
  custom:scripting/monoscript/fileName/NavMeshSurfaceEditor.cs: adb1294e971eab992abc2e3e7e051565 -> 
  custom:audio-encoder-webm-vorbis: bf7c407c2cedff20999df2af8eb42d56 -> 
  custom:scripting/monoscript/fileName/InitializeConverterContext.cs: a97e19589a5774cdc2a34a28caea355f -> 
  custom:scripting/monoscript/fileName/SystemConverterContainer.cs: eb4026ea01a117ce0888f693e9eed2cd -> 
  custom:scripting/monoscript/fileName/NavMeshComponentsGUIUtility.cs: 08c52049b94db52661003d42fda4ecff -> 
  custom:container-demuxer-webm: 4f35f7cbe854078d1ac9338744f61a02 -> 
  custom:scripting/monoscript/fileName/EnemyChase.cs: 3a83095262844a2fb6b878062f338b2e -> 
  custom:scripting/monoscript/fileName/NavMeshModifierEditor.cs: b8675d28116f43f78881455a7301fe8c -> 
  custom:SearchIndexIgnoredProperties: e643bd26f0fe6173181afceb89e7c659 -> 
  custom:scripting/monoscript/fileName/ConverterItemInfo.cs: 9fb131dfa28a9ed6b6d00fd9cf83ece4 -> 
  custom:scripting/monoscript/fileName/NavMeshModifierVolume.cs: 8dc531216c72b86c60b86e16ff3da10b -> 
  custom:scripting/monoscript/fileName/ConverterItemDescriptor.cs: 8182050d34c5cb602eb7913435a7abee -> 
  custom:scripting/monoscript/fileName/PlayerCoinCollector.cs: 778d76172874acfe98b78a833e1be144 -> 
  custom:scripting/monoscript/fileName/SystemConverter.cs: c748d1769fc66e95256254a1cc1497f3 -> 
  custom:scripting/monoscript/fileName/NavMeshUpdaterUtility.cs: 5eb03802e6dba19b3e13aaf384805cac -> 
  custom:scripting/precompiled-assembly-types:Unity.AI.Navigation.Updater: d2095ddf03fd615830d6dacf5841450d -> 
  custom:scripting/monoscript/fileName/NavMeshUpdaterEditor.cs: 169704080eda430978bba61ddedeb304 -> 
  custom:container-muxer-webm: aa71ff27fc2769a1b78a27578f13a17b -> 
  custom:container-demuxer-ogg: 62fdf1f143b41e24485cea50d1cbac27 -> 
  custom:scripting/monoscript/fileName/NavMeshLinkEditor.cs: aed8ae070d922149bb2ba3de06889ff6 -> 
  custom:AudioImporter_EditorPlatform: 3918e3fc78b5a79bad01e8451be0beb8 -> 
  custom:scripting/monoscript/fileName/RunItemContext.cs: 338b2243183036c2b60f94c1b5e817c5 -> 
  custom:scripting/monoscript/fileName/NavMeshLink.cs: 0b3d0eeb07ab57d259e8f9365538df09 -> 
  custom:CustomObjectIndexerAttribute: 9a22284fe3817be447336de3de66b15e -> 
  custom:scripting/monoscript/fileName/NavMeshModifier.cs: 99ae5ed91bb784edc4f8312d7de046da -> 
========================================================================
Received Prepare
Caller must complete domain reload
Begin MonoManager ReloadAssembly
Thread 0x16f65f000 may have been prematurely finalized
- Loaded All Assemblies, in  0.090 seconds
Native extension for OSXStandalone target not found
Native extension for WebGL target not found
Mono: successfully reloaded assembly
- Finished resetting the current domain, in  0.142 seconds
Domain Reload Profiling: 232ms
	BeginReloadAssembly (56ms)
		ExecutionOrderSort (0ms)
		DisableScriptedObjects (2ms)
		BackupInstance (0ms)
		ReleaseScriptingObjects (0ms)
		CreateAndSetChildDomain (13ms)
	RebuildCommonClasses (18ms)
	RebuildNativeTypeToScriptingClass (5ms)
	initialDomainReloadingComplete (8ms)
	LoadAllAssembliesAndSetupDomain (4ms)
		LoadAssemblies (24ms)
		RebuildTransferFunctionScriptingTraits (0ms)
		AnalyzeDomain (3ms)
			TypeCache.Refresh (2ms)
				TypeCache.ScanAssembly (0ms)
			ScanForSourceGeneratedMonoScriptInfo (0ms)
			ResolveRequiredComponents (1ms)
	FinalizeReload (142ms)
		ReleaseScriptCaches (0ms)
		RebuildScriptCaches (0ms)
		SetupLoadedEditorAssemblies (85ms)
			LogAssemblyErrors (0ms)
			InitializePlatformSupportModulesInManaged (2ms)
			SetLoadedEditorAssemblies (3ms)
			RefreshPlugins (0ms)
			BeforeProcessingInitializeOnLoad (13ms)
			ProcessInitializeOnLoadAttributes (59ms)
			ProcessInitializeOnLoadMethodAttributes (8ms)
			AfterProcessingInitializeOnLoad (0ms)
			EditorAssembliesLoaded (0ms)
		ExecutionOrderSort2 (0ms)
		AwakeInstancesAfterBackupRestoration (2ms)
Refreshing native plugins compatible for Editor in 0.00 ms, found 0 plugins.
Preloading 0 native plugins for Editor in 0.00 ms.
Unloading 272 Unused Serialized files (Serialized files now loaded: 0)
Unloading 1 unused Assets / (22.8 KB). Loaded Objects now: 749.
Memory consumption went from 312.9 MB to 312.9 MB.
Total: 1.417750 ms (FindLiveObjects: 0.024292 ms CreateObjectMapping: 0.005625 ms MarkObjects: 1.377000 ms  DeleteObjects: 0.010500 ms)

Prepare: number of updated asset objects reloaded= 0
AssetImportParameters requested are different than current active one (requested -> active):
  custom:video-encoder-webm-vp8: eb34c28f22e8b96e1ab97ce403110664 -> 
  custom:video-decoder-webm-vp8: 9c59270c3fd7afecdb556c50c9e8de78 -> 
  custom:scripting/monoscript/fileName/NavigationWindow.cs: 7884404b71178f59d8819c380b951d7c -> 
  custom:scripting/monoscript/fileName/Finish.cs: ac3eb429518929f06fd882592af9fc8d -> 
  custom:scripting/monoscript/fileName/NavMeshModifierVolumeEditor.cs: 262a50135a116189426aa01c964a744c -> 
  custom:scripting/monoscript/fileName/NavigationPreferences.cs: ada9399a4f085d4c824cc06527e7fcae -> 
  custom:scripting/monoscript/fileName/BuiltInToNavMeshSurfaceConverterContainer.cs: c40a906f9f99ea8a6c5aaa215767017f -> 
  custom:scripting/monoscript/fileName/NavMeshSceneConverter.cs: baf486a1c1cdf03a3111dd113d13c2f4 -> 
  custom:scripting/monoscript/fileName/NavMeshSurface.cs: 34aebd278d8d3d5db6b23265b9c700f9 -> 
  custom:scripting/precompiled-assembly-types:Unity.AI.Navigation.Editor: 7eaf38f66973fde07200cf372b24130e -> 
  custom:scripting/monoscript/fileName/NavMeshAssetManager.cs: 79eb4858c2054289cd611249ab36b0a5 -> 
  custom:framework-osx-AVFoundation: e770b220cccbd017edd2c1fefb359320 -> 
  custom:scripting/monoscript/fileName/NavigationOverlay.cs: 2744f4e7946ebbb71339c9b1ce538d00 -> 
  custom:scripting/monoscript/fileName/GameManager.cs: 9933fbcc6190e2a9171c2ec8808a053e -> 
  custom:scripting/monoscript/fileName/HelpUrls.cs: c1a90585e3e9c9d25f58f9141655f24f -> 
  custom:scripting/monoscript/fileName/EditorStyles.cs: 86b9f4d8fe570a8d8295bfc466c975cf -> 
  custom:audio-decoder-ogg-vorbis: bf7c407c2cedff20999df2af8eb42d56 -> 
  custom:video-decoder-ogg-theora: a1e56fd34408186e4bbccfd4996cb3dc -> 
  custom:scripting/monoscript/fileName/ObsoleteNavigationWindowMenuEntry.cs: c7f73386e6473f401a8e4151cac4e1e5 -> 
  custom:scripting/precompiled-assembly-types:Assembly-CSharp: 5b7335633de95e6b326860172ea5c480 -> 5097d79b403e7b9fa1b5737665486d2d
  custom:scripting/precompiled-assembly-types:Unity.AI.Navigation.Editor.ConversionSystem: 27c718e5de2659aeeb663e092dc21158 -> 
  custom:scripting/precompiled-assembly-types:Unity.AI.Navigation: 5d8fa505e3253b9a2a456e2c28a1afb3 -> 
  custom:scripting/monoscript/fileName/SystemConvertersEditor.cs: c127c1335f24b77ca70195bf2136c6a2 -> 
  custom:scripting/monoscript/fileName/NavMeshSurfaceEditor.cs: adb1294e971eab992abc2e3e7e051565 -> 
  custom:audio-encoder-webm-vorbis: bf7c407c2cedff20999df2af8eb42d56 -> 
  custom:scripting/monoscript/fileName/InitializeConverterContext.cs: a97e19589a5774cdc2a34a28caea355f -> 
  custom:scripting/monoscript/fileName/SystemConverterContainer.cs: eb4026ea01a117ce0888f693e9eed2cd -> 
  custom:scripting/monoscript/fileName/NavMeshComponentsGUIUtility.cs: 08c52049b94db52661003d42fda4ecff -> 
  custom:container-demuxer-webm: 4f35f7cbe854078d1ac9338744f61a02 -> 
  custom:scripting/monoscript/fileName/EnemyChase.cs: 3a83095262844a2fb6b878062f338b2e -> 
  custom:scripting/monoscript/fileName/NavMeshModifierEditor.cs: b8675d28116f43f78881455a7301fe8c -> 
  custom:SearchIndexIgnoredProperties: e643bd26f0fe6173181afceb89e7c659 -> 
  custom:scripting/monoscript/fileName/ConverterItemInfo.cs: 9fb131dfa28a9ed6b6d00fd9cf83ece4 -> 
  custom:scripting/monoscript/fileName/NavMeshModifierVolume.cs: 8dc531216c72b86c60b86e16ff3da10b -> 
  custom:scripting/monoscript/fileName/ConverterItemDescriptor.cs: 8182050d34c5cb602eb7913435a7abee -> 
  custom:scripting/monoscript/fileName/PlayerCoinCollector.cs: 778d76172874acfe98b78a833e1be144 -> 
  custom:scripting/monoscript/fileName/SystemConverter.cs: c748d1769fc66e95256254a1cc1497f3 -> 
  custom:scripting/monoscript/fileName/NavMeshUpdaterUtility.cs: 5eb03802e6dba19b3e13aaf384805cac -> 
  custom:scripting/precompiled-assembly-types:Unity.AI.Navigation.Updater: d2095ddf03fd615830d6dacf5841450d -> 
  custom:scripting/monoscript/fileName/NavMeshUpdaterEditor.cs: 169704080eda430978bba61ddedeb304 -> 
  custom:container-muxer-webm: aa71ff27fc2769a1b78a27578f13a17b -> 
  custom:container-demuxer-ogg: 62fdf1f143b41e24485cea50d1cbac27 -> 
  custom:scripting/monoscript/fileName/NavMeshLinkEditor.cs: aed8ae070d922149bb2ba3de06889ff6 -> 
  custom:AudioImporter_EditorPlatform: 3918e3fc78b5a79bad01e8451be0beb8 -> 
  custom:scripting/monoscript/fileName/RunItemContext.cs: 338b2243183036c2b60f94c1b5e817c5 -> 
  custom:scripting/monoscript/fileName/NavMeshLink.cs: 0b3d0eeb07ab57d259e8f9365538df09 -> 
  custom:CustomObjectIndexerAttribute: 9a22284fe3817be447336de3de66b15e -> 
  custom:scripting/monoscript/fileName/NavMeshModifier.cs: 99ae5ed91bb784edc4f8312d7de046da -> 
========================================================================
Received Prepare
Caller must complete domain reload
Begin MonoManager ReloadAssembly
Thread 0x16f65f000 may have been prematurely finalized
- Loaded All Assemblies, in  0.095 seconds
Native extension for OSXStandalone target not found
Native extension for WebGL target not found
Mono: successfully reloaded assembly
- Finished resetting the current domain, in  0.145 seconds
Domain Reload Profiling: 240ms
	BeginReloadAssembly (59ms)
		ExecutionOrderSort (0ms)
		DisableScriptedObjects (2ms)
		BackupInstance (0ms)
		ReleaseScriptingObjects (0ms)
		CreateAndSetChildDomain (13ms)
	RebuildCommonClasses (17ms)
	RebuildNativeTypeToScriptingClass (5ms)
	initialDomainReloadingComplete (9ms)
	LoadAllAssembliesAndSetupDomain (6ms)
		LoadAssemblies (27ms)
		RebuildTransferFunctionScriptingTraits (0ms)
		AnalyzeDomain (4ms)
			TypeCache.Refresh (3ms)
				TypeCache.ScanAssembly (0ms)
			ScanForSourceGeneratedMonoScriptInfo (0ms)
			ResolveRequiredComponents (1ms)
	FinalizeReload (145ms)
		ReleaseScriptCaches (0ms)
		RebuildScriptCaches (0ms)
		SetupLoadedEditorAssemblies (85ms)
			LogAssemblyErrors (0ms)
			InitializePlatformSupportModulesInManaged (2ms)
			SetLoadedEditorAssemblies (3ms)
			RefreshPlugins (0ms)
			BeforeProcessingInitializeOnLoad (13ms)
			ProcessInitializeOnLoadAttributes (58ms)
			ProcessInitializeOnLoadMethodAttributes (8ms)
			AfterProcessingInitializeOnLoad (0ms)
			EditorAssembliesLoaded (0ms)
		ExecutionOrderSort2 (0ms)
		AwakeInstancesAfterBackupRestoration (2ms)
Refreshing native plugins compatible for Editor in 0.00 ms, found 0 plugins.
Preloading 0 native plugins for Editor in 0.00 ms.
Unloading 271 Unused Serialized files (Serialized files now loaded: 0)
Unloading 2 unused Assets / (23.2 KB). Loaded Objects now: 748.
Memory consumption went from 316.4 MB to 316.4 MB.
Total: 1.307375 ms (FindLiveObjects: 0.022875 ms CreateObjectMapping: 0.006250 ms MarkObjects: 1.266792 ms  DeleteObjects: 0.011167 ms)

Prepare: number of updated asset objects reloaded= 0
AssetImportParameters requested are different than current active one (requested -> active):
  custom:video-encoder-webm-vp8: eb34c28f22e8b96e1ab97ce403110664 -> 
  custom:video-decoder-webm-vp8: 9c59270c3fd7afecdb556c50c9e8de78 -> 
  custom:scripting/monoscript/fileName/NavigationWindow.cs: 7884404b71178f59d8819c380b951d7c -> 
  custom:scripting/monoscript/fileName/Finish.cs: ac3eb429518929f06fd882592af9fc8d -> 
  custom:scripting/monoscript/fileName/NavMeshModifierVolumeEditor.cs: 262a50135a116189426aa01c964a744c -> 
  custom:scripting/monoscript/fileName/NavigationPreferences.cs: ada9399a4f085d4c824cc06527e7fcae -> 
  custom:scripting/monoscript/fileName/BuiltInToNavMeshSurfaceConverterContainer.cs: c40a906f9f99ea8a6c5aaa215767017f -> 
  custom:scripting/monoscript/fileName/NavMeshSceneConverter.cs: baf486a1c1cdf03a3111dd113d13c2f4 -> 
  custom:scripting/monoscript/fileName/NavMeshSurface.cs: 34aebd278d8d3d5db6b23265b9c700f9 -> 
  custom:scripting/precompiled-assembly-types:Unity.AI.Navigation.Editor: 7eaf38f66973fde07200cf372b24130e -> 
  custom:scripting/monoscript/fileName/NavMeshAssetManager.cs: 79eb4858c2054289cd611249ab36b0a5 -> 
  custom:framework-osx-AVFoundation: e770b220cccbd017edd2c1fefb359320 -> 
  custom:scripting/monoscript/fileName/NavigationOverlay.cs: 2744f4e7946ebbb71339c9b1ce538d00 -> 
  custom:scripting/monoscript/fileName/GameManager.cs: 9933fbcc6190e2a9171c2ec8808a053e -> 
  custom:scripting/monoscript/fileName/HelpUrls.cs: c1a90585e3e9c9d25f58f9141655f24f -> 
  custom:scripting/monoscript/fileName/EditorStyles.cs: 86b9f4d8fe570a8d8295bfc466c975cf -> 
  custom:audio-decoder-ogg-vorbis: bf7c407c2cedff20999df2af8eb42d56 -> 
  custom:video-decoder-ogg-theora: a1e56fd34408186e4bbccfd4996cb3dc -> 
  custom:scripting/monoscript/fileName/ObsoleteNavigationWindowMenuEntry.cs: c7f73386e6473f401a8e4151cac4e1e5 -> 
  custom:scripting/precompiled-assembly-types:Assembly-CSharp: 5b7335633de95e6b326860172ea5c480 -> 5097d79b403e7b9fa1b5737665486d2d
  custom:scripting/precompiled-assembly-types:Unity.AI.Navigation.Editor.ConversionSystem: 27c718e5de2659aeeb663e092dc21158 -> 
  custom:scripting/precompiled-assembly-types:Unity.AI.Navigation: 5d8fa505e3253b9a2a456e2c28a1afb3 -> 
  custom:scripting/monoscript/fileName/SystemConvertersEditor.cs: c127c1335f24b77ca70195bf2136c6a2 -> 
  custom:scripting/monoscript/fileName/NavMeshSurfaceEditor.cs: adb1294e971eab992abc2e3e7e051565 -> 
  custom:audio-encoder-webm-vorbis: bf7c407c2cedff20999df2af8eb42d56 -> 
  custom:scripting/monoscript/fileName/InitializeConverterContext.cs: a97e19589a5774cdc2a34a28caea355f -> 
  custom:scripting/monoscript/fileName/SystemConverterContainer.cs: eb4026ea01a117ce0888f693e9eed2cd -> 
  custom:scripting/monoscript/fileName/NavMeshComponentsGUIUtility.cs: 08c52049b94db52661003d42fda4ecff -> 
  custom:container-demuxer-webm: 4f35f7cbe854078d1ac9338744f61a02 -> 
  custom:scripting/monoscript/fileName/EnemyChase.cs: 3a83095262844a2fb6b878062f338b2e -> 
  custom:scripting/monoscript/fileName/NavMeshModifierEditor.cs: b8675d28116f43f78881455a7301fe8c -> 
  custom:SearchIndexIgnoredProperties: e643bd26f0fe6173181afceb89e7c659 -> 
  custom:scripting/monoscript/fileName/ConverterItemInfo.cs: 9fb131dfa28a9ed6b6d00fd9cf83ece4 -> 
  custom:scripting/monoscript/fileName/NavMeshModifierVolume.cs: 8dc531216c72b86c60b86e16ff3da10b -> 
  custom:scripting/monoscript/fileName/ConverterItemDescriptor.cs: 8182050d34c5cb602eb7913435a7abee -> 
  custom:scripting/monoscript/fileName/PlayerCoinCollector.cs: 778d76172874acfe98b78a833e1be144 -> 
  custom:scripting/monoscript/fileName/SystemConverter.cs: c748d1769fc66e95256254a1cc1497f3 -> 
  custom:scripting/monoscript/fileName/NavMeshUpdaterUtility.cs: 5eb03802e6dba19b3e13aaf384805cac -> 
  custom:scripting/precompiled-assembly-types:Unity.AI.Navigation.Updater: d2095ddf03fd615830d6dacf5841450d -> 
  custom:scripting/monoscript/fileName/NavMeshUpdaterEditor.cs: 169704080eda430978bba61ddedeb304 -> 
  custom:container-muxer-webm: aa71ff27fc2769a1b78a27578f13a17b -> 
  custom:container-demuxer-ogg: 62fdf1f143b41e24485cea50d1cbac27 -> 
  custom:scripting/monoscript/fileName/NavMeshLinkEditor.cs: aed8ae070d922149bb2ba3de06889ff6 -> 
  custom:AudioImporter_EditorPlatform: 3918e3fc78b5a79bad01e8451be0beb8 -> 
  custom:scripting/monoscript/fileName/RunItemContext.cs: 338b2243183036c2b60f94c1b5e817c5 -> 
  custom:scripting/monoscript/fileName/NavMeshLink.cs: 0b3d0eeb07ab57d259e8f9365538df09 -> 
  custom:CustomObjectIndexerAttribute: 9a22284fe3817be447336de3de66b15e -> 
  custom:scripting/monoscript/fileName/NavMeshModifier.cs: 99ae5ed91bb784edc4f8312d7de046da -> 
========================================================================
Received Prepare
Caller must complete domain reload
Begin MonoManager ReloadAssembly
Thread 0x16f65f000 may have been prematurely finalized
- Loaded All Assemblies, in  0.090 seconds
Native extension for OSXStandalone target not found
Native extension for WebGL target not found
Mono: successfully reloaded assembly
- Finished resetting the current domain, in  0.146 seconds
Domain Reload Profiling: 236ms
	BeginReloadAssembly (55ms)
		ExecutionOrderSort (0ms)
		DisableScriptedObjects (2ms)
		BackupInstance (0ms)
		ReleaseScriptingObjects (0ms)
		CreateAndSetChildDomain (12ms)
	RebuildCommonClasses (17ms)
	RebuildNativeTypeToScriptingClass (5ms)
	initialDomainReloadingComplete (8ms)
	LoadAllAssembliesAndSetupDomain (5ms)
		LoadAssemblies (24ms)
		RebuildTransferFunctionScriptingTraits (0ms)
		AnalyzeDomain (4ms)
			TypeCache.Refresh (3ms)
				TypeCache.ScanAssembly (0ms)
			ScanForSourceGeneratedMonoScriptInfo (0ms)
			ResolveRequiredComponents (1ms)
	FinalizeReload (146ms)
		ReleaseScriptCaches (0ms)
		RebuildScriptCaches (0ms)
		SetupLoadedEditorAssemblies (85ms)
			LogAssemblyErrors (0ms)
			InitializePlatformSupportModulesInManaged (2ms)
			SetLoadedEditorAssemblies (3ms)
			RefreshPlugins (0ms)
			BeforeProcessingInitializeOnLoad (13ms)
			ProcessInitializeOnLoadAttributes (59ms)
			ProcessInitializeOnLoadMethodAttributes (8ms)
			AfterProcessingInitializeOnLoad (0ms)
			EditorAssembliesLoaded (0ms)
		ExecutionOrderSort2 (0ms)
		AwakeInstancesAfterBackupRestoration (2ms)
Refreshing native plugins compatible for Editor in 0.00 ms, found 0 plugins.
Preloading 0 native plugins for Editor in 0.00 ms.
Unloading 272 Unused Serialized files (Serialized files now loaded: 0)
Unloading 1 unused Assets / (22.8 KB). Loaded Objects now: 749.
Memory consumption went from 319.9 MB to 319.9 MB.
Total: 1.356125 ms (FindLiveObjects: 0.028041 ms CreateObjectMapping: 0.005792 ms MarkObjects: 1.313125 ms  DeleteObjects: 0.008833 ms)

Prepare: number of updated asset objects reloaded= 0
AssetImportParameters requested are different than current active one (requested -> active):
  custom:video-encoder-webm-vp8: eb34c28f22e8b96e1ab97ce403110664 -> 
  custom:video-decoder-webm-vp8: 9c59270c3fd7afecdb556c50c9e8de78 -> 
  custom:scripting/monoscript/fileName/NavigationWindow.cs: 7884404b71178f59d8819c380b951d7c -> 
  custom:scripting/monoscript/fileName/Finish.cs: ac3eb429518929f06fd882592af9fc8d -> 
  custom:scripting/monoscript/fileName/NavMeshModifierVolumeEditor.cs: 262a50135a116189426aa01c964a744c -> 
  custom:scripting/monoscript/fileName/NavigationPreferences.cs: ada9399a4f085d4c824cc06527e7fcae -> 
  custom:scripting/monoscript/fileName/BuiltInToNavMeshSurfaceConverterContainer.cs: c40a906f9f99ea8a6c5aaa215767017f -> 
  custom:scripting/monoscript/fileName/NavMeshSceneConverter.cs: baf486a1c1cdf03a3111dd113d13c2f4 -> 
  custom:scripting/monoscript/fileName/NavMeshSurface.cs: 34aebd278d8d3d5db6b23265b9c700f9 -> 
  custom:scripting/precompiled-assembly-types:Unity.AI.Navigation.Editor: 7eaf38f66973fde07200cf372b24130e -> 
  custom:scripting/monoscript/fileName/NavMeshAssetManager.cs: 79eb4858c2054289cd611249ab36b0a5 -> 
  custom:framework-osx-AVFoundation: e770b220cccbd017edd2c1fefb359320 -> 
  custom:scripting/monoscript/fileName/NavigationOverlay.cs: 2744f4e7946ebbb71339c9b1ce538d00 -> 
  custom:scripting/monoscript/fileName/GameManager.cs: 9933fbcc6190e2a9171c2ec8808a053e -> 
  custom:scripting/monoscript/fileName/HelpUrls.cs: c1a90585e3e9c9d25f58f9141655f24f -> 
  custom:scripting/monoscript/fileName/EditorStyles.cs: 86b9f4d8fe570a8d8295bfc466c975cf -> 
  custom:audio-decoder-ogg-vorbis: bf7c407c2cedff20999df2af8eb42d56 -> 
  custom:video-decoder-ogg-theora: a1e56fd34408186e4bbccfd4996cb3dc -> 
  custom:scripting/monoscript/fileName/ObsoleteNavigationWindowMenuEntry.cs: c7f73386e6473f401a8e4151cac4e1e5 -> 
  custom:scripting/precompiled-assembly-types:Assembly-CSharp: f6123a127264180ac304143dfcf0c4b1 -> 5097d79b403e7b9fa1b5737665486d2d
  custom:scripting/precompiled-assembly-types:Unity.AI.Navigation.Editor.ConversionSystem: 27c718e5de2659aeeb663e092dc21158 -> 
  custom:scripting/precompiled-assembly-types:Unity.AI.Navigation: 5d8fa505e3253b9a2a456e2c28a1afb3 -> 
  custom:scripting/monoscript/fileName/SystemConvertersEditor.cs: c127c1335f24b77ca70195bf2136c6a2 -> 
  custom:scripting/monoscript/fileName/NavMeshSurfaceEditor.cs: adb1294e971eab992abc2e3e7e051565 -> 
  custom:audio-encoder-webm-vorbis: bf7c407c2cedff20999df2af8eb42d56 -> 
  custom:scripting/monoscript/fileName/InitializeConverterContext.cs: a97e19589a5774cdc2a34a28caea355f -> 
  custom:scripting/monoscript/fileName/SystemConverterContainer.cs: eb4026ea01a117ce0888f693e9eed2cd -> 
  custom:scripting/monoscript/fileName/NavMeshComponentsGUIUtility.cs: 08c52049b94db52661003d42fda4ecff -> 
  custom:container-demuxer-webm: 4f35f7cbe854078d1ac9338744f61a02 -> 
  custom:scripting/monoscript/fileName/EnemyChase.cs: 3a83095262844a2fb6b878062f338b2e -> 
  custom:scripting/monoscript/fileName/NavMeshModifierEditor.cs: b8675d28116f43f78881455a7301fe8c -> 
  custom:SearchIndexIgnoredProperties: e643bd26f0fe6173181afceb89e7c659 -> 
  custom:scripting/monoscript/fileName/ConverterItemInfo.cs: 9fb131dfa28a9ed6b6d00fd9cf83ece4 -> 
  custom:scripting/monoscript/fileName/NavMeshModifierVolume.cs: 8dc531216c72b86c60b86e16ff3da10b -> 
  custom:scripting/monoscript/fileName/ConverterItemDescriptor.cs: 8182050d34c5cb602eb7913435a7abee -> 
  custom:scripting/monoscript/fileName/PlayerCoinCollector.cs: 778d76172874acfe98b78a833e1be144 -> 
  custom:scripting/monoscript/fileName/SystemConverter.cs: c748d1769fc66e95256254a1cc1497f3 -> 
  custom:scripting/monoscript/fileName/NavMeshUpdaterUtility.cs: 5eb03802e6dba19b3e13aaf384805cac -> 
  custom:scripting/precompiled-assembly-types:Unity.AI.Navigation.Updater: d2095ddf03fd615830d6dacf5841450d -> 
  custom:scripting/monoscript/fileName/NavMeshUpdaterEditor.cs: 169704080eda430978bba61ddedeb304 -> 
  custom:container-muxer-webm: aa71ff27fc2769a1b78a27578f13a17b -> 
  custom:container-demuxer-ogg: 62fdf1f143b41e24485cea50d1cbac27 -> 
  custom:scripting/monoscript/fileName/NavMeshLinkEditor.cs: aed8ae070d922149bb2ba3de06889ff6 -> 
  custom:AudioImporter_EditorPlatform: 3918e3fc78b5a79bad01e8451be0beb8 -> 
  custom:scripting/monoscript/fileName/RunItemContext.cs: 338b2243183036c2b60f94c1b5e817c5 -> 
  custom:scripting/monoscript/fileName/NavMeshLink.cs: 0b3d0eeb07ab57d259e8f9365538df09 -> 
  custom:CustomObjectIndexerAttribute: 9a22284fe3817be447336de3de66b15e -> 
  custom:scripting/monoscript/fileName/NavMeshModifier.cs: 99ae5ed91bb784edc4f8312d7de046da -> 
========================================================================
Received Prepare
Caller must complete domain reload
Begin MonoManager ReloadAssembly
Thread 0x16f65f000 may have been prematurely finalized
- Loaded All Assemblies, in  0.127 seconds
Native extension for OSXStandalone target not found
Native extension for WebGL target not found
Mono: successfully reloaded assembly
- Finished resetting the current domain, in  0.152 seconds
Domain Reload Profiling: 280ms
	BeginReloadAssembly (84ms)
		ExecutionOrderSort (0ms)
		DisableScriptedObjects (2ms)
		BackupInstance (0ms)
		ReleaseScriptingObjects (0ms)
		CreateAndSetChildDomain (21ms)
	RebuildCommonClasses (19ms)
	RebuildNativeTypeToScriptingClass (5ms)
	initialDomainReloadingComplete (11ms)
	LoadAllAssembliesAndSetupDomain (8ms)
		LoadAssemblies (41ms)
		RebuildTransferFunctionScriptingTraits (0ms)
		AnalyzeDomain (7ms)
			TypeCache.Refresh (5ms)
				TypeCache.ScanAssembly (2ms)
			ScanForSourceGeneratedMonoScriptInfo (0ms)
			ResolveRequiredComponents (1ms)
	FinalizeReload (152ms)
		ReleaseScriptCaches (0ms)
		RebuildScriptCaches (0ms)
		SetupLoadedEditorAssemblies (91ms)
			LogAssemblyErrors (0ms)
			InitializePlatformSupportModulesInManaged (3ms)
			SetLoadedEditorAssemblies (3ms)
			RefreshPlugins (0ms)
			BeforeProcessingInitializeOnLoad (14ms)
			ProcessInitializeOnLoadAttributes (62ms)
			ProcessInitializeOnLoadMethodAttributes (8ms)
			AfterProcessingInitializeOnLoad (0ms)
			EditorAssembliesLoaded (0ms)
		ExecutionOrderSort2 (0ms)
		AwakeInstancesAfterBackupRestoration (2ms)
Refreshing native plugins compatible for Editor in 0.00 ms, found 0 plugins.
Preloading 0 native plugins for Editor in 0.00 ms.
Unloading 382 Unused Serialized files (Serialized files now loaded: 0)
Unloading 2 unused Assets / (48.7 KB). Loaded Objects now: 858.
Memory consumption went from 326.5 MB to 326.5 MB.
Total: 1.441750 ms (FindLiveObjects: 0.029250 ms CreateObjectMapping: 0.007334 ms MarkObjects: 1.375583 ms  DeleteObjects: 0.029458 ms)

Prepare: number of updated asset objects reloaded= 0
AssetImportParameters requested are different than current active one (requested -> active):
  custom:video-encoder-webm-vp8: eb34c28f22e8b96e1ab97ce403110664 -> 
  custom:scripting/monoscript/fileName/TMP_ShaderUtilities.cs: 84a261643983e306d02445da38ed662f -> 
  custom:scripting/monoscript/fileName/TMP_SettingsEditor.cs: 56bf06371df7e13c5b8cc88becb89a4d -> 
  custom:scripting/monoscript/fileName/MaterialReferenceManager.cs: c970e86594a0f568cbda548f2d4462c1 -> 
  custom:scripting/monoscript/fileName/DropdownOptionListDrawer.cs: 4362475bc384312c771d88865ee2f40d -> 2b2ea9c97f9351f45324b7dd26de9002
  custom:video-decoder-webm-vp8: 9c59270c3fd7afecdb556c50c9e8de78 -> 
  custom:scripting/monoscript/fileName/NavigationWindow.cs: 7884404b71178f59d8819c380b951d7c -> 
  custom:scripting/monoscript/fileName/TMP_PackageUtilities.cs: 89e6e95503dd36070edf73e7aaab4557 -> 
  custom:scripting/monoscript/fileName/TMP_UpdateRegistery.cs: 1f23864d29c3a03d22aa9b00a337cf78 -> 
  custom:scripting/monoscript/fileName/Finish.cs: ac3eb429518929f06fd882592af9fc8d -> 
  custom:scripting/monoscript/fileName/TMP_FontFeatureTable.cs: cbd25d300d7ed4d969d60cb9f98f2826 -> 
  custom:scripting/monoscript/fileName/TMP_Character.cs: 015720458ea991fbf07357eae19532db -> 
  custom:scripting/monoscript/fileName/NavMeshModifierVolumeEditor.cs: 262a50135a116189426aa01c964a744c -> 
  custom:scripting/monoscript/fileName/NavigationPreferences.cs: ada9399a4f085d4c824cc06527e7fcae -> 
  custom:scripting/monoscript/fileName/TMP_FontAssetCommon.cs: 2b5f11ccf8aacaf9b5ea6564bf2b0d57 -> 
  custom:scripting/monoscript/fileName/TMP_SDFShaderGUI.cs: 1460619486eb6e8da302e26af5538aaa -> 
  custom:scripting/monoscript/fileName/BuiltInToNavMeshSurfaceConverterContainer.cs: c40a906f9f99ea8a6c5aaa215767017f -> 
  custom:scripting/monoscript/fileName/TMP_RichTextTagsCommon.cs: 5462d55f8a9ad882f9a7f2d708a6978b -> 
  custom:scripting/monoscript/fileName/NavMeshSceneConverter.cs: baf486a1c1cdf03a3111dd113d13c2f4 -> 
  custom:scripting/monoscript/fileName/NavMeshSurface.cs: 34aebd278d8d3d5db6b23265b9c700f9 -> 
  custom:scripting/monoscript/fileName/TMP_ResourcesManager.cs: 64252a073d41e9c6f4e95b5f68ac966c -> 
  custom:scripting/monoscript/fileName/TMPro_ExtensionMethods.cs: 479bffcc157b89693ffc4c2ef2374861 -> 
  custom:scripting/monoscript/fileName/FastAction.cs: dfbe75b66b645b53472915ad2590af11 -> 
  custom:scripting/precompiled-assembly-types:Unity.AI.Navigation.Editor: 7eaf38f66973fde07200cf372b24130e -> 
  custom:scripting/monoscript/fileName/TMPro_TextContainerEditor.cs: b2fbc5db24221a870c4de162a712cbfe -> 
  custom:scripting/monoscript/fileName/TMPro_TexturePostProcessor.cs: 0750ad2b775120fa59f760172dc340ad -> 
  custom:scripting/monoscript/fileName/TMP_PostBuildProcessHandler.cs: c69b388004562ecb0f789fc3759d9651 -> 
  custom:scripting/monoscript/fileName/ITextPreProcessor.cs: a7aa94de5d5bfce2bdd74516315faaf2 -> 
  custom:scripting/precompiled-assembly-types:Unity.TextMeshPro.Editor: 46ffe279a7239cd1fb74eb9c5ab5b5d8 -> 
  custom:scripting/monoscript/fileName/TMP_SubMesh.cs: 9fd75270af40187985e5c14cc85ebe42 -> 
  custom:scripting/monoscript/fileName/TMP_DropdownEditor.cs: 2d907ee76ef876797c15186180266847 -> 
  custom:scripting/monoscript/fileName/NavMeshAssetManager.cs: 79eb4858c2054289cd611249ab36b0a5 -> 
  custom:scripting/monoscript/fileName/TMP_GlyphPropertyDrawer.cs: 56b500a16a5c8f635a7bfdd702279864 -> 
  custom:scripting/monoscript/fileName/TMPro_EventManager.cs: 4c7492301243f935f7a463360f91d217 -> 
  custom:framework-osx-AVFoundation: e770b220cccbd017edd2c1fefb359320 -> 
  custom:scripting/monoscript/fileName/TMP_SubMeshUI.cs: 748262c65738bc5e1c553ae7a37a0c73 -> 
  custom:scripting/monoscript/fileName/GlyphRectPropertyDrawer.cs: bdec415148eac17379112822c8814df5 -> 
  custom:scripting/monoscript/fileName/NavigationOverlay.cs: 2744f4e7946ebbb71339c9b1ce538d00 -> 
  custom:scripting/monoscript/fileName/TMP_GlyphPairAdjustmentRecordPropertyDrawer.cs: 1a07941369755af9e0a102a45e9058c5 -> 
  custom:scripting/monoscript/fileName/GameManager.cs: 9933fbcc6190e2a9171c2ec8808a053e -> 
  custom:scripting/precompiled-assembly-types:Unity.TextMeshPro: 59230975e8163396a463bd906828ec67 -> 
  custom:scripting/monoscript/fileName/TMP_FontFeaturesCommon.cs: 7d1db71d73353e7dd97f094c509882fa -> 
  custom:scripting/monoscript/fileName/TMP_LineInfo.cs: bb529d63c9723788bd7143f27cd69eaf -> 
  custom:scripting/monoscript/fileName/HelpUrls.cs: c1a90585e3e9c9d25f58f9141655f24f -> 
  custom:scripting/monoscript/fileName/TMPro_UGUI_Private.cs: 90647cc400823b41df847a6cbfc29026 -> 
  custom:scripting/monoscript/fileName/TMP_PackageResourceImporter.cs: 949b6e7fa2132b400d5c4aaf9c34421a -> 
  custom:scripting/monoscript/fileName/EditorStyles.cs: 86b9f4d8fe570a8d8295bfc466c975cf -> 
  custom:audio-decoder-ogg-vorbis: bf7c407c2cedff20999df2af8eb42d56 -> 
  custom:scripting/monoscript/fileName/TMP_EditorCoroutine.cs: 04cbf5ce6e541d98265aa7668ef82832 -> 
  custom:scripting/monoscript/fileName/TMP_SpriteGlyph.cs: cb4cdca5a4c6415e4f27ee5280164c41 -> 
  custom:scripting/monoscript/fileName/TMPro_EditorShaderUtilities.cs: f4cbef9348a73d49f1efb8d10ff07bf0 -> 
  custom:video-decoder-ogg-theora: a1e56fd34408186e4bbccfd4996cb3dc -> 
  custom:scripting/monoscript/fileName/TMP_UpdateManager.cs: fa7e71df671c5b3088b39753e4bbc70d -> 
  custom:scripting/monoscript/fileName/ObsoleteNavigationWindowMenuEntry.cs: c7f73386e6473f401a8e4151cac4e1e5 -> 
  custom:scripting/monoscript/fileName/TMP_CharacterPropertyDrawer.cs: ddc6f8909fdac3de9238e9b86e411c3e -> 
  custom:scripting/precompiled-assembly-types:Assembly-CSharp: f6123a127264180ac304143dfcf0c4b1 -> 5097d79b403e7b9fa1b5737665486d2d
  custom:scripting/monoscript/fileName/TMP_FontAssetEditor.cs: e359b61135381f6b1d7b8c7e97a930f3 -> 
  custom:scripting/monoscript/fileName/TMP_TextAlignmentDrawer.cs: 011b7908ef5eb5e9dea532c77e85c538 -> 
  custom:scripting/monoscript/fileName/TMP_EditorPanel.cs: 0631f68be4ca0623bf3e313ec9becbc9 -> 
  custom:scripting/precompiled-assembly-types:Unity.AI.Navigation.Editor.ConversionSystem: 27c718e5de2659aeeb663e092dc21158 -> 
  custom:scripting/precompiled-assembly-types:Unity.AI.Navigation: 5d8fa505e3253b9a2a456e2c28a1afb3 -> 
  custom:scripting/monoscript/fileName/TMPro_CreateObjectMenu.cs: ddee59388caa7a56693342f3a805d427 -> 
  custom:scripting/monoscript/fileName/TMP_EditorUtility.cs: b242106620cbbc38f0411146a086b885 -> 
  custom:scripting/monoscript/fileName/TMP_FontAsset_CreationMenu.cs: 1c5caeb31a0df734411a201aca87cb03 -> 
  custom:scripting/monoscript/fileName/SystemConvertersEditor.cs: c127c1335f24b77ca70195bf2136c6a2 -> 
  custom:scripting/monoscript/fileName/TMPro_ContextMenus.cs: 06b3d4b27f337b8d846ca7117f3251e1 -> 
  custom:scripting/monoscript/fileName/TMP_SpriteGlyphPropertyDrawer.cs: 1447c7afab82cf56bc359d5c7fba114e -> 
  custom:scripting/monoscript/fileName/TMP_CoroutineTween.cs: 76849b8d6d4ce499ad8ffee762e4a4af -> 
  custom:scripting/monoscript/fileName/TMP_Style.cs: ecc9948baa78373f3076151d1a0642d9 -> 
  custom:scripting/monoscript/fileName/NavMeshSurfaceEditor.cs: adb1294e971eab992abc2e3e7e051565 -> 
  custom:scripting/monoscript/fileName/TMP_Asset.cs: 7e95c8d89188057bea8fc9569c9aa309 -> 
  custom:scripting/monoscript/fileName/TMP_ScrollbarEventHandler.cs: c015e39b5a3f1a14518ce039f30e10af -> 
  custom:scripting/monoscript/fileName/TMP_TextInfo.cs: 9e4eb698c4c168829682cbe659418e8f -> 
  custom:scripting/monoscript/fileName/TMPro_MeshUtilities.cs: 2237d160e4d9e81a7d899dc235029cb3 -> 
  custom:scripting/monoscript/fileName/GlyphMetricsPropertyDrawer.cs: 438b07e6eae795dab04c32f51ac4e752 -> 
  custom:audio-encoder-webm-vorbis: bf7c407c2cedff20999df2af8eb42d56 -> 
  custom:scripting/monoscript/fileName/TMP_SpriteAssetMenu.cs: 05ea7b84320d1b77a6d1ae49c41ee9cc -> 
  custom:scripting/monoscript/fileName/TMP_TextElement_Legacy.cs: 6e11e173cb695b15e8cce3cd1e1cb2a7 -> 
  custom:scripting/monoscript/fileName/TMP_TextUtilities.cs: aab2855e68416a0a1f2f8904059662aa -> 
  custom:scripting/monoscript/fileName/TMP_Compatibility.cs: 3ef1f12d3c823dd740c7c596ab076c61 -> 
  custom:scripting/monoscript/fileName/TMP_StyleSheetEditor.cs: 38b210a450ac855df2d81ab0242c2feb -> 
  custom:scripting/monoscript/fileName/TMP_ObjectPool.cs: 90647cc400823b41df847a6cbfc29026 -> 
  custom:scripting/monoscript/fileName/InitializeConverterContext.cs: a97e19589a5774cdc2a34a28caea355f -> 
  custom:scripting/monoscript/fileName/TMP_EditorPanelUI.cs: 0c3fb43855adf1da22258c211d01a47d -> 
  custom:scripting/monoscript/fileName/TextContainer.cs: 245c032a15fbc12850861c707e37b027 -> 
  custom:scripting/monoscript/fileName/TMP_SpriteAnimator.cs: bf3a797c3a059d3698e93e0031d7f11c -> 
  custom:scripting/monoscript/fileName/TMP_Dropdown.cs: ecea2f8babcb40d207d2e73158251f60 -> 
  custom:scripting/monoscript/fileName/TMP_BaseShaderGUI.cs: 25118693f24c47c8a4b530b8bff26574 -> 
  custom:scripting/monoscript/fileName/SystemConverterContainer.cs: eb4026ea01a117ce0888f693e9eed2cd -> 
  custom:scripting/monoscript/fileName/NavMeshComponentsGUIUtility.cs: 08c52049b94db52661003d42fda4ecff -> 
  custom:scripting/monoscript/fileName/TMP_FontAssetUtilities.cs: 5b7a9bc9c5c56e3cb5ccc808a2bdd9e4 -> 
  custom:container-demuxer-webm: 4f35f7cbe854078d1ac9338744f61a02 -> 
  custom:scripting/monoscript/fileName/TMP_FontAsset.cs: 6c1db4680a96f294cf0af87a0b8099aa -> 
  custom:scripting/monoscript/fileName/TMP_ColorGradient.cs: 8d91c7c4749088eca69648d37a965bf8 -> 
  custom:scripting/monoscript/fileName/TMP_CharacterInfo.cs: c840ce0b0aa6c1faafb27b3b884b2328 -> 
  custom:scripting/monoscript/fileName/EnemyChase.cs: 3a83095262844a2fb6b878062f338b2e -> 
  custom:scripting/monoscript/fileName/TMP_ColorGradientEditor.cs: ed654c9d45026a5f71e6e9535130c15f -> 
  custom:scripting/monoscript/fileName/TMP_PreBuildProcessor.cs: 790c12dcd4980aa978fd28fb6f89fb37 -> 
  custom:scripting/monoscript/fileName/TMP_EditorResourceManager.cs: f56b80268a934198a76acc6f4cef503c -> 
  custom:scripting/monoscript/fileName/NavMeshModifierEditor.cs: b8675d28116f43f78881455a7301fe8c -> 
  custom:scripting/monoscript/fileName/TMPro_FontAssetCreatorWindow.cs: 0d0900483ed9b57d4ccc2ff58d1220b3 -> 
  custom:SearchIndexIgnoredProperties: e643bd26f0fe6173181afceb89e7c659 -> 
  custom:scripting/monoscript/fileName/TMP_SubMeshUI_Editor.cs: 119a633ce37cc27ac209988b5de61d96 -> 
  custom:scripting/monoscript/fileName/ConverterItemInfo.cs: 9fb131dfa28a9ed6b6d00fd9cf83ece4 -> 
  custom:scripting/monoscript/fileName/NavMeshModifierVolume.cs: 8dc531216c72b86c60b86e16ff3da10b -> 
  custom:scripting/monoscript/fileName/ConverterItemDescriptor.cs: 8182050d34c5cb602eb7913435a7abee -> 
  custom:scripting/monoscript/fileName/PlayerCoinCollector.cs: 778d76172874acfe98b78a833e1be144 -> 
  custom:scripting/monoscript/fileName/TMP_SpriteAssetImporter.cs: 675c97d72afe988872a20f51812f7cdf -> 
  custom:scripting/monoscript/fileName/TextMeshPro.cs: 0cfab9de2f927cf0a5e3dc6276498acd -> 
  custom:scripting/monoscript/fileName/NavMeshUpdaterUtility.cs: 5eb03802e6dba19b3e13aaf384805cac -> 
  custom:scripting/monoscript/fileName/SystemConverter.cs: c748d1769fc66e95256254a1cc1497f3 -> 
  custom:scripting/precompiled-assembly-types:Unity.AI.Navigation.Updater: d2095ddf03fd615830d6dacf5841450d -> 
  custom:scripting/monoscript/fileName/NavMeshUpdaterEditor.cs: 169704080eda430978bba61ddedeb304 -> 
  custom:container-muxer-webm: aa71ff27fc2769a1b78a27578f13a17b -> 
  custom:scripting/monoscript/fileName/TMP_TextProcessingStack.cs: 6146dd1b7f9b90aa342ef9794e387c23 -> 
  custom:scripting/monoscript/fileName/TMP_Settings.cs: 68d1204aae2aa6d0a54c151b7af443e7 -> 
  custom:scripting/monoscript/fileName/TMP_SubMesh_Editor.cs: b381eb4c2ad4ef265088242d67c5b140 -> 
  custom:scripting/monoscript/fileName/TMP_SerializedPropertyHolder.cs: 99e5dbc1fa1abe750acc8166e4243be8 -> 
  custom:scripting/monoscript/fileName/TMPro_SortingLayerHelper.cs: 8b86ad735987eff6a1277352e9e8d9b6 -> 
  custom:scripting/monoscript/fileName/TMP_BaseEditorPanel.cs: f4b9967705e7bb57152fef4117417ba7 -> 
  custom:scripting/monoscript/fileName/TMP_TextElement.cs: 5dfb95666bd41ecc32948097824aba23 -> 
  custom:scripting/monoscript/fileName/TMP_Text.cs: 5cba61e283281e8dbf7dadaabcd638dc -> 
  custom:scripting/monoscript/fileName/TMP_InputFieldEditor.cs: a6f05406e9cdb59679382b884c14216a -> 
  custom:container-demuxer-ogg: 62fdf1f143b41e24485cea50d1cbac27 -> 
  custom:scripting/monoscript/fileName/TMP_InputValidator.cs: 5e0d679d98dae60baa87977011e0ed51 -> 
  custom:scripting/monoscript/fileName/TMP_SpriteAssetEditor.cs: 8a42af05e85c0eed4128787976375b45 -> 
  custom:scripting/monoscript/fileName/TMP_ListPool.cs: 90647cc400823b41df847a6cbfc29026 -> 
  custom:scripting/monoscript/fileName/TMP_Sprite.cs: 0ee3c386846aa132dd254421fac18cd1 -> 
  custom:AudioImporter_EditorPlatform: 3918e3fc78b5a79bad01e8451be0beb8 -> 
  custom:scripting/monoscript/fileName/TMP_SpriteCharacterPropertyDrawer.cs: 14565b4e4f9266584dc3194fd967d252 -> 
  custom:scripting/monoscript/fileName/TMP_InputField.cs: f7712ab842984f124274656d749eca3d -> 
  custom:scripting/monoscript/fileName/RunItemContext.cs: 338b2243183036c2b60f94c1b5e817c5 -> 
  custom:scripting/monoscript/fileName/NavMeshLinkEditor.cs: aed8ae070d922149bb2ba3de06889ff6 -> 
  custom:scripting/monoscript/fileName/NavMeshLink.cs: 0b3d0eeb07ab57d259e8f9365538df09 -> 
  custom:scripting/monoscript/fileName/TMP_DefaultControls.cs: 2673e29173eb9307fa53ee17c15332ed -> 
  custom:scripting/monoscript/fileName/TMP_SpriteAssetImportFormats.cs: 920e3140228fbd530b0080254da22d88 -> 
  custom:CustomObjectIndexerAttribute: 9a22284fe3817be447336de3de66b15e -> 
  custom:scripting/monoscript/fileName/TMP_UIStyleManager.cs: 66d96f3fa9ea14a5a6ed3f92d3bbe0f1 -> 
  custom:scripting/monoscript/fileName/TMP_StyleAssetMenu.cs: 60e7743122a0686d1131101c521adac6 -> 
  custom:scripting/monoscript/fileName/TMP_StyleSheet.cs: de73099b6bd4b9281c92feedf1315618 -> 
  custom:scripting/monoscript/fileName/TMP_ResourcesLoader.cs: 6f1f07799f3cfe795f955033c27f98ed -> 
  custom:scripting/monoscript/fileName/TMPro_Private.cs: 90647cc400823b41df847a6cbfc29026 -> 
  custom:scripting/monoscript/fileName/TMP_MeshInfo.cs: 89833651f7d905e51b340ec2afe531d1 -> 
  custom:scripting/monoscript/fileName/TextMeshProUGUI.cs: b783d06a82b0620f102e3253b4b9fc9b -> 
  custom:scripting/monoscript/fileName/TMP_BitmapShaderGUI.cs: 2ce3ac811452d1d6d82e565157cac3e2 -> 
  custom:scripting/monoscript/fileName/TMP_MaterialManager.cs: 441d72ec3c04a8da6a351f60fff95465 -> 
  custom:scripting/monoscript/fileName/TMP_ColorGradientAssetMenu.cs: 83563be632f8167fcdca7878d36901f9 -> 
  custom:scripting/monoscript/fileName/TMP_SelectionCaret.cs: d2a06fefe973175bffa10d62f788c481 -> 
  custom:scripting/monoscript/fileName/TMP_SpriteCharacter.cs: 81dc73ff0878d6528202f8be44877b26 -> 
  custom:scripting/monoscript/fileName/TMP_SpriteAsset.cs: 8d06882cb45c7664f8d7c3079ee8757f -> 
  custom:scripting/monoscript/fileName/NavMeshModifier.cs: 99ae5ed91bb784edc4f8312d7de046da -> 
  custom:scripting/monoscript/fileName/TMP_TextParsingUtilities.cs: 8b3fe20641ae0dd97405135955c706a3 -> 
========================================================================
Received Prepare
Caller must complete domain reload
Begin MonoManager ReloadAssembly
Thread 0x16f65f000 may have been prematurely finalized
- Loaded All Assemblies, in  0.119 seconds
Native extension for OSXStandalone target not found
Native extension for WebGL target not found
Mono: successfully reloaded assembly
- Finished resetting the current domain, in  0.160 seconds
Domain Reload Profiling: 280ms
	BeginReloadAssembly (77ms)
		ExecutionOrderSort (0ms)
		DisableScriptedObjects (3ms)
		BackupInstance (0ms)
		ReleaseScriptingObjects (0ms)
		CreateAndSetChildDomain (21ms)
	RebuildCommonClasses (18ms)
	RebuildNativeTypeToScriptingClass (5ms)
	initialDomainReloadingComplete (11ms)
	LoadAllAssembliesAndSetupDomain (8ms)
		LoadAssemblies (35ms)
		RebuildTransferFunctionScriptingTraits (0ms)
		AnalyzeDomain (6ms)
			TypeCache.Refresh (3ms)
				TypeCache.ScanAssembly (0ms)
			ScanForSourceGeneratedMonoScriptInfo (1ms)
			ResolveRequiredComponents (1ms)
	FinalizeReload (161ms)
		ReleaseScriptCaches (0ms)
		RebuildScriptCaches (0ms)
		SetupLoadedEditorAssemblies (87ms)
			LogAssemblyErrors (0ms)
			InitializePlatformSupportModulesInManaged (2ms)
			SetLoadedEditorAssemblies (3ms)
			RefreshPlugins (0ms)
			BeforeProcessingInitializeOnLoad (14ms)
			ProcessInitializeOnLoadAttributes (59ms)
			ProcessInitializeOnLoadMethodAttributes (8ms)
			AfterProcessingInitializeOnLoad (0ms)
			EditorAssembliesLoaded (0ms)
		ExecutionOrderSort2 (0ms)
		AwakeInstancesAfterBackupRestoration (2ms)
Refreshing native plugins compatible for Editor in 0.00 ms, found 0 plugins.
Preloading 0 native plugins for Editor in 0.00 ms.
Unloading 382 Unused Serialized files (Serialized files now loaded: 0)
Unloading 2 unused Assets / (48.8 KB). Loaded Objects now: 858.
Memory consumption went from 330.0 MB to 330.0 MB.
Total: 1.433959 ms (FindLiveObjects: 0.027667 ms CreateObjectMapping: 0.006458 ms MarkObjects: 1.369875 ms  DeleteObjects: 0.029792 ms)

Prepare: number of updated asset objects reloaded= 0
AssetImportParameters requested are different than current active one (requested -> active):
  custom:video-encoder-webm-vp8: eb34c28f22e8b96e1ab97ce403110664 -> 
  custom:scripting/monoscript/fileName/TMP_ShaderUtilities.cs: 84a261643983e306d02445da38ed662f -> 
  custom:scripting/monoscript/fileName/TMP_SettingsEditor.cs: 56bf06371df7e13c5b8cc88becb89a4d -> 
  custom:scripting/monoscript/fileName/MaterialReferenceManager.cs: c970e86594a0f568cbda548f2d4462c1 -> 
  custom:scripting/monoscript/fileName/DropdownOptionListDrawer.cs: 4362475bc384312c771d88865ee2f40d -> 2b2ea9c97f9351f45324b7dd26de9002
  custom:video-decoder-webm-vp8: 9c59270c3fd7afecdb556c50c9e8de78 -> 
  custom:scripting/monoscript/fileName/NavigationWindow.cs: 7884404b71178f59d8819c380b951d7c -> 
  custom:scripting/monoscript/fileName/TMP_PackageUtilities.cs: 89e6e95503dd36070edf73e7aaab4557 -> 
  custom:scripting/monoscript/fileName/TMP_UpdateRegistery.cs: 1f23864d29c3a03d22aa9b00a337cf78 -> 
  custom:scripting/monoscript/fileName/Finish.cs: ac3eb429518929f06fd882592af9fc8d -> 
  custom:scripting/monoscript/fileName/TMP_FontFeatureTable.cs: cbd25d300d7ed4d969d60cb9f98f2826 -> 
  custom:scripting/monoscript/fileName/TMP_Character.cs: 015720458ea991fbf07357eae19532db -> 
  custom:scripting/monoscript/fileName/NavMeshModifierVolumeEditor.cs: 262a50135a116189426aa01c964a744c -> 
  custom:scripting/monoscript/fileName/NavigationPreferences.cs: ada9399a4f085d4c824cc06527e7fcae -> 
  custom:scripting/monoscript/fileName/TMP_FontAssetCommon.cs: 2b5f11ccf8aacaf9b5ea6564bf2b0d57 -> 
  custom:scripting/monoscript/fileName/TMP_SDFShaderGUI.cs: 1460619486eb6e8da302e26af5538aaa -> 
  custom:scripting/monoscript/fileName/BuiltInToNavMeshSurfaceConverterContainer.cs: c40a906f9f99ea8a6c5aaa215767017f -> 
  custom:scripting/monoscript/fileName/TMP_RichTextTagsCommon.cs: 5462d55f8a9ad882f9a7f2d708a6978b -> 
  custom:scripting/monoscript/fileName/NavMeshSceneConverter.cs: baf486a1c1cdf03a3111dd113d13c2f4 -> 
  custom:scripting/monoscript/fileName/NavMeshSurface.cs: 34aebd278d8d3d5db6b23265b9c700f9 -> 
  custom:scripting/monoscript/fileName/TMP_ResourcesManager.cs: 64252a073d41e9c6f4e95b5f68ac966c -> 
  custom:scripting/monoscript/fileName/TMPro_ExtensionMethods.cs: 479bffcc157b89693ffc4c2ef2374861 -> 
  custom:scripting/monoscript/fileName/FastAction.cs: dfbe75b66b645b53472915ad2590af11 -> 
  custom:scripting/precompiled-assembly-types:Unity.AI.Navigation.Editor: 7eaf38f66973fde07200cf372b24130e -> 
  custom:scripting/monoscript/fileName/TMPro_TextContainerEditor.cs: b2fbc5db24221a870c4de162a712cbfe -> 
  custom:scripting/monoscript/fileName/TMPro_TexturePostProcessor.cs: 0750ad2b775120fa59f760172dc340ad -> 
  custom:scripting/monoscript/fileName/TMP_PostBuildProcessHandler.cs: c69b388004562ecb0f789fc3759d9651 -> 
  custom:scripting/monoscript/fileName/ITextPreProcessor.cs: a7aa94de5d5bfce2bdd74516315faaf2 -> 
  custom:scripting/precompiled-assembly-types:Unity.TextMeshPro.Editor: 46ffe279a7239cd1fb74eb9c5ab5b5d8 -> 
  custom:scripting/monoscript/fileName/TMP_SubMesh.cs: 9fd75270af40187985e5c14cc85ebe42 -> 
  custom:scripting/monoscript/fileName/TMP_DropdownEditor.cs: 2d907ee76ef876797c15186180266847 -> 
  custom:scripting/monoscript/fileName/NavMeshAssetManager.cs: 79eb4858c2054289cd611249ab36b0a5 -> 
  custom:scripting/monoscript/fileName/TMP_GlyphPropertyDrawer.cs: 56b500a16a5c8f635a7bfdd702279864 -> 
  custom:scripting/monoscript/fileName/TMPro_EventManager.cs: 4c7492301243f935f7a463360f91d217 -> 
  custom:framework-osx-AVFoundation: e770b220cccbd017edd2c1fefb359320 -> 
  custom:scripting/monoscript/fileName/TMP_SubMeshUI.cs: 748262c65738bc5e1c553ae7a37a0c73 -> 
  custom:scripting/monoscript/fileName/GlyphRectPropertyDrawer.cs: bdec415148eac17379112822c8814df5 -> 
  custom:scripting/monoscript/fileName/NavigationOverlay.cs: 2744f4e7946ebbb71339c9b1ce538d00 -> 
  custom:scripting/monoscript/fileName/TMP_GlyphPairAdjustmentRecordPropertyDrawer.cs: 1a07941369755af9e0a102a45e9058c5 -> 
  custom:scripting/monoscript/fileName/GameManager.cs: 9933fbcc6190e2a9171c2ec8808a053e -> 
  custom:scripting/precompiled-assembly-types:Unity.TextMeshPro: 59230975e8163396a463bd906828ec67 -> 
  custom:scripting/monoscript/fileName/TMP_FontFeaturesCommon.cs: 7d1db71d73353e7dd97f094c509882fa -> 
  custom:scripting/monoscript/fileName/TMP_LineInfo.cs: bb529d63c9723788bd7143f27cd69eaf -> 
  custom:scripting/monoscript/fileName/HelpUrls.cs: c1a90585e3e9c9d25f58f9141655f24f -> 
  custom:scripting/monoscript/fileName/TMPro_UGUI_Private.cs: 90647cc400823b41df847a6cbfc29026 -> 
  custom:scripting/monoscript/fileName/TMP_PackageResourceImporter.cs: 949b6e7fa2132b400d5c4aaf9c34421a -> 
  custom:scripting/monoscript/fileName/EditorStyles.cs: 86b9f4d8fe570a8d8295bfc466c975cf -> 
  custom:audio-decoder-ogg-vorbis: bf7c407c2cedff20999df2af8eb42d56 -> 
  custom:scripting/monoscript/fileName/TMP_EditorCoroutine.cs: 04cbf5ce6e541d98265aa7668ef82832 -> 
  custom:scripting/monoscript/fileName/TMP_SpriteGlyph.cs: cb4cdca5a4c6415e4f27ee5280164c41 -> 
  custom:scripting/monoscript/fileName/TMPro_EditorShaderUtilities.cs: f4cbef9348a73d49f1efb8d10ff07bf0 -> 
  custom:video-decoder-ogg-theora: a1e56fd34408186e4bbccfd4996cb3dc -> 
  custom:scripting/monoscript/fileName/TMP_UpdateManager.cs: fa7e71df671c5b3088b39753e4bbc70d -> 
  custom:scripting/monoscript/fileName/ObsoleteNavigationWindowMenuEntry.cs: c7f73386e6473f401a8e4151cac4e1e5 -> 
  custom:scripting/monoscript/fileName/TMP_CharacterPropertyDrawer.cs: ddc6f8909fdac3de9238e9b86e411c3e -> 
  custom:scripting/precompiled-assembly-types:Assembly-CSharp: f6123a127264180ac304143dfcf0c4b1 -> 5097d79b403e7b9fa1b5737665486d2d
  custom:scripting/monoscript/fileName/TMP_FontAssetEditor.cs: e359b61135381f6b1d7b8c7e97a930f3 -> 
  custom:scripting/monoscript/fileName/TMP_TextAlignmentDrawer.cs: 011b7908ef5eb5e9dea532c77e85c538 -> 
  custom:scripting/monoscript/fileName/TMP_EditorPanel.cs: 0631f68be4ca0623bf3e313ec9becbc9 -> 
  custom:scripting/precompiled-assembly-types:Unity.AI.Navigation.Editor.ConversionSystem: 27c718e5de2659aeeb663e092dc21158 -> 
  custom:scripting/precompiled-assembly-types:Unity.AI.Navigation: 5d8fa505e3253b9a2a456e2c28a1afb3 -> 
  custom:scripting/monoscript/fileName/TMPro_CreateObjectMenu.cs: ddee59388caa7a56693342f3a805d427 -> 
  custom:scripting/monoscript/fileName/TMP_EditorUtility.cs: b242106620cbbc38f0411146a086b885 -> 
  custom:scripting/monoscript/fileName/TMP_FontAsset_CreationMenu.cs: 1c5caeb31a0df734411a201aca87cb03 -> 
  custom:scripting/monoscript/fileName/SystemConvertersEditor.cs: c127c1335f24b77ca70195bf2136c6a2 -> 
  custom:scripting/monoscript/fileName/TMPro_ContextMenus.cs: 06b3d4b27f337b8d846ca7117f3251e1 -> 
  custom:scripting/monoscript/fileName/TMP_SpriteGlyphPropertyDrawer.cs: 1447c7afab82cf56bc359d5c7fba114e -> 
  custom:scripting/monoscript/fileName/TMP_CoroutineTween.cs: 76849b8d6d4ce499ad8ffee762e4a4af -> 
  custom:scripting/monoscript/fileName/TMP_Style.cs: ecc9948baa78373f3076151d1a0642d9 -> 
  custom:scripting/monoscript/fileName/NavMeshSurfaceEditor.cs: adb1294e971eab992abc2e3e7e051565 -> 
  custom:scripting/monoscript/fileName/TMP_Asset.cs: 7e95c8d89188057bea8fc9569c9aa309 -> 
  custom:scripting/monoscript/fileName/TMP_ScrollbarEventHandler.cs: c015e39b5a3f1a14518ce039f30e10af -> 
  custom:scripting/monoscript/fileName/TMP_TextInfo.cs: 9e4eb698c4c168829682cbe659418e8f -> 
  custom:scripting/monoscript/fileName/TMPro_MeshUtilities.cs: 2237d160e4d9e81a7d899dc235029cb3 -> 
  custom:scripting/monoscript/fileName/GlyphMetricsPropertyDrawer.cs: 438b07e6eae795dab04c32f51ac4e752 -> 
  custom:audio-encoder-webm-vorbis: bf7c407c2cedff20999df2af8eb42d56 -> 
  custom:scripting/monoscript/fileName/TMP_SpriteAssetMenu.cs: 05ea7b84320d1b77a6d1ae49c41ee9cc -> 
  custom:scripting/monoscript/fileName/TMP_TextElement_Legacy.cs: 6e11e173cb695b15e8cce3cd1e1cb2a7 -> 
  custom:scripting/monoscript/fileName/TMP_TextUtilities.cs: aab2855e68416a0a1f2f8904059662aa -> 
  custom:scripting/monoscript/fileName/TMP_Compatibility.cs: 3ef1f12d3c823dd740c7c596ab076c61 -> 
  custom:scripting/monoscript/fileName/TMP_StyleSheetEditor.cs: 38b210a450ac855df2d81ab0242c2feb -> 
  custom:scripting/monoscript/fileName/TMP_ObjectPool.cs: 90647cc400823b41df847a6cbfc29026 -> 
  custom:scripting/monoscript/fileName/InitializeConverterContext.cs: a97e19589a5774cdc2a34a28caea355f -> 
  custom:scripting/monoscript/fileName/TMP_EditorPanelUI.cs: 0c3fb43855adf1da22258c211d01a47d -> 
  custom:scripting/monoscript/fileName/TextContainer.cs: 245c032a15fbc12850861c707e37b027 -> 
  custom:scripting/monoscript/fileName/TMP_SpriteAnimator.cs: bf3a797c3a059d3698e93e0031d7f11c -> 
  custom:scripting/monoscript/fileName/TMP_Dropdown.cs: ecea2f8babcb40d207d2e73158251f60 -> 
  custom:scripting/monoscript/fileName/TMP_BaseShaderGUI.cs: 25118693f24c47c8a4b530b8bff26574 -> 
  custom:scripting/monoscript/fileName/SystemConverterContainer.cs: eb4026ea01a117ce0888f693e9eed2cd -> 
  custom:scripting/monoscript/fileName/NavMeshComponentsGUIUtility.cs: 08c52049b94db52661003d42fda4ecff -> 
  custom:scripting/monoscript/fileName/TMP_FontAssetUtilities.cs: 5b7a9bc9c5c56e3cb5ccc808a2bdd9e4 -> 
  custom:container-demuxer-webm: 4f35f7cbe854078d1ac9338744f61a02 -> 
  custom:scripting/monoscript/fileName/TMP_FontAsset.cs: 6c1db4680a96f294cf0af87a0b8099aa -> 
  custom:scripting/monoscript/fileName/TMP_ColorGradient.cs: 8d91c7c4749088eca69648d37a965bf8 -> 
  custom:scripting/monoscript/fileName/TMP_CharacterInfo.cs: c840ce0b0aa6c1faafb27b3b884b2328 -> 
  custom:scripting/monoscript/fileName/EnemyChase.cs: 3a83095262844a2fb6b878062f338b2e -> 
  custom:scripting/monoscript/fileName/TMP_ColorGradientEditor.cs: ed654c9d45026a5f71e6e9535130c15f -> 
  custom:scripting/monoscript/fileName/TMP_PreBuildProcessor.cs: 790c12dcd4980aa978fd28fb6f89fb37 -> 
  custom:scripting/monoscript/fileName/TMP_EditorResourceManager.cs: f56b80268a934198a76acc6f4cef503c -> 
  custom:scripting/monoscript/fileName/NavMeshModifierEditor.cs: b8675d28116f43f78881455a7301fe8c -> 
  custom:scripting/monoscript/fileName/TMPro_FontAssetCreatorWindow.cs: 0d0900483ed9b57d4ccc2ff58d1220b3 -> 
  custom:SearchIndexIgnoredProperties: e643bd26f0fe6173181afceb89e7c659 -> 
  custom:scripting/monoscript/fileName/TMP_SubMeshUI_Editor.cs: 119a633ce37cc27ac209988b5de61d96 -> 
  custom:scripting/monoscript/fileName/ConverterItemInfo.cs: 9fb131dfa28a9ed6b6d00fd9cf83ece4 -> 
  custom:scripting/monoscript/fileName/NavMeshModifierVolume.cs: 8dc531216c72b86c60b86e16ff3da10b -> 
  custom:scripting/monoscript/fileName/ConverterItemDescriptor.cs: 8182050d34c5cb602eb7913435a7abee -> 
  custom:scripting/monoscript/fileName/PlayerCoinCollector.cs: 778d76172874acfe98b78a833e1be144 -> 
  custom:scripting/monoscript/fileName/TMP_SpriteAssetImporter.cs: 675c97d72afe988872a20f51812f7cdf -> 
  custom:scripting/monoscript/fileName/TextMeshPro.cs: 0cfab9de2f927cf0a5e3dc6276498acd -> 
  custom:scripting/monoscript/fileName/NavMeshUpdaterUtility.cs: 5eb03802e6dba19b3e13aaf384805cac -> 
  custom:scripting/monoscript/fileName/SystemConverter.cs: c748d1769fc66e95256254a1cc1497f3 -> 
  custom:scripting/precompiled-assembly-types:Unity.AI.Navigation.Updater: d2095ddf03fd615830d6dacf5841450d -> 
  custom:scripting/monoscript/fileName/NavMeshUpdaterEditor.cs: 169704080eda430978bba61ddedeb304 -> 
  custom:container-muxer-webm: aa71ff27fc2769a1b78a27578f13a17b -> 
  custom:scripting/monoscript/fileName/TMP_TextProcessingStack.cs: 6146dd1b7f9b90aa342ef9794e387c23 -> 
  custom:scripting/monoscript/fileName/TMP_Settings.cs: 68d1204aae2aa6d0a54c151b7af443e7 -> 
  custom:scripting/monoscript/fileName/TMP_SubMesh_Editor.cs: b381eb4c2ad4ef265088242d67c5b140 -> 
  custom:scripting/monoscript/fileName/TMP_SerializedPropertyHolder.cs: 99e5dbc1fa1abe750acc8166e4243be8 -> 
  custom:scripting/monoscript/fileName/TMPro_SortingLayerHelper.cs: 8b86ad735987eff6a1277352e9e8d9b6 -> 
  custom:scripting/monoscript/fileName/TMP_BaseEditorPanel.cs: f4b9967705e7bb57152fef4117417ba7 -> 
  custom:scripting/monoscript/fileName/TMP_TextElement.cs: 5dfb95666bd41ecc32948097824aba23 -> 
  custom:scripting/monoscript/fileName/TMP_Text.cs: 5cba61e283281e8dbf7dadaabcd638dc -> 
  custom:scripting/monoscript/fileName/TMP_InputFieldEditor.cs: a6f05406e9cdb59679382b884c14216a -> 
  custom:container-demuxer-ogg: 62fdf1f143b41e24485cea50d1cbac27 -> 
  custom:scripting/monoscript/fileName/TMP_InputValidator.cs: 5e0d679d98dae60baa87977011e0ed51 -> 
  custom:scripting/monoscript/fileName/TMP_SpriteAssetEditor.cs: 8a42af05e85c0eed4128787976375b45 -> 
  custom:scripting/monoscript/fileName/TMP_ListPool.cs: 90647cc400823b41df847a6cbfc29026 -> 
  custom:scripting/monoscript/fileName/TMP_Sprite.cs: 0ee3c386846aa132dd254421fac18cd1 -> 
  custom:AudioImporter_EditorPlatform: 3918e3fc78b5a79bad01e8451be0beb8 -> 
  custom:scripting/monoscript/fileName/TMP_SpriteCharacterPropertyDrawer.cs: 14565b4e4f9266584dc3194fd967d252 -> 
  custom:scripting/monoscript/fileName/TMP_InputField.cs: f7712ab842984f124274656d749eca3d -> 
  custom:scripting/monoscript/fileName/RunItemContext.cs: 338b2243183036c2b60f94c1b5e817c5 -> 
  custom:scripting/monoscript/fileName/NavMeshLinkEditor.cs: aed8ae070d922149bb2ba3de06889ff6 -> 
  custom:scripting/monoscript/fileName/NavMeshLink.cs: 0b3d0eeb07ab57d259e8f9365538df09 -> 
  custom:scripting/monoscript/fileName/TMP_DefaultControls.cs: 2673e29173eb9307fa53ee17c15332ed -> 
  custom:scripting/monoscript/fileName/TMP_SpriteAssetImportFormats.cs: 920e3140228fbd530b0080254da22d88 -> 
  custom:CustomObjectIndexerAttribute: 9a22284fe3817be447336de3de66b15e -> 
  custom:scripting/monoscript/fileName/TMP_UIStyleManager.cs: 66d96f3fa9ea14a5a6ed3f92d3bbe0f1 -> 
  custom:scripting/monoscript/fileName/TMP_StyleAssetMenu.cs: 60e7743122a0686d1131101c521adac6 -> 
  custom:scripting/monoscript/fileName/TMP_StyleSheet.cs: de73099b6bd4b9281c92feedf1315618 -> 
  custom:scripting/monoscript/fileName/TMP_ResourcesLoader.cs: 6f1f07799f3cfe795f955033c27f98ed -> 
  custom:scripting/monoscript/fileName/TMPro_Private.cs: 90647cc400823b41df847a6cbfc29026 -> 
  custom:scripting/monoscript/fileName/TMP_MeshInfo.cs: 89833651f7d905e51b340ec2afe531d1 -> 
  custom:scripting/monoscript/fileName/TextMeshProUGUI.cs: b783d06a82b0620f102e3253b4b9fc9b -> 
  custom:scripting/monoscript/fileName/TMP_BitmapShaderGUI.cs: 2ce3ac811452d1d6d82e565157cac3e2 -> 
  custom:scripting/monoscript/fileName/TMP_MaterialManager.cs: 441d72ec3c04a8da6a351f60fff95465 -> 
  custom:scripting/monoscript/fileName/TMP_ColorGradientAssetMenu.cs: 83563be632f8167fcdca7878d36901f9 -> 
  custom:scripting/monoscript/fileName/TMP_SelectionCaret.cs: d2a06fefe973175bffa10d62f788c481 -> 
  custom:scripting/monoscript/fileName/TMP_SpriteCharacter.cs: 81dc73ff0878d6528202f8be44877b26 -> 
  custom:scripting/monoscript/fileName/TMP_SpriteAsset.cs: 8d06882cb45c7664f8d7c3079ee8757f -> 
  custom:scripting/monoscript/fileName/NavMeshModifier.cs: 99ae5ed91bb784edc4f8312d7de046da -> 
  custom:scripting/monoscript/fileName/TMP_TextParsingUtilities.cs: 8b3fe20641ae0dd97405135955c706a3 -> 
========================================================================
Received Prepare
Caller must complete domain reload
Begin MonoManager ReloadAssembly
Thread 0x16f65f000 may have been prematurely finalized
- Loaded All Assemblies, in  0.089 seconds
Native extension for OSXStandalone target not found
Native extension for WebGL target not found
Mono: successfully reloaded assembly
- Finished resetting the current domain, in  0.143 seconds
Domain Reload Profiling: 233ms
	BeginReloadAssembly (55ms)
		ExecutionOrderSort (0ms)
		DisableScriptedObjects (2ms)
		BackupInstance (0ms)
		ReleaseScriptingObjects (0ms)
		CreateAndSetChildDomain (11ms)
	RebuildCommonClasses (17ms)
	RebuildNativeTypeToScriptingClass (5ms)
	initialDomainReloadingComplete (8ms)
	LoadAllAssembliesAndSetupDomain (5ms)
		LoadAssemblies (25ms)
		RebuildTransferFunctionScriptingTraits (0ms)
		AnalyzeDomain (3ms)
			TypeCache.Refresh (2ms)
				TypeCache.ScanAssembly (0ms)
			ScanForSourceGeneratedMonoScriptInfo (0ms)
			ResolveRequiredComponents (1ms)
	FinalizeReload (144ms)
		ReleaseScriptCaches (0ms)
		RebuildScriptCaches (0ms)
		SetupLoadedEditorAssemblies (85ms)
			LogAssemblyErrors (0ms)
			InitializePlatformSupportModulesInManaged (2ms)
			SetLoadedEditorAssemblies (3ms)
			RefreshPlugins (0ms)
			BeforeProcessingInitializeOnLoad (14ms)
			ProcessInitializeOnLoadAttributes (58ms)
			ProcessInitializeOnLoadMethodAttributes (8ms)
			AfterProcessingInitializeOnLoad (0ms)
			EditorAssembliesLoaded (0ms)
		ExecutionOrderSort2 (0ms)
		AwakeInstancesAfterBackupRestoration (2ms)
Refreshing native plugins compatible for Editor in 0.00 ms, found 0 plugins.
Preloading 0 native plugins for Editor in 0.00 ms.
Unloading 382 Unused Serialized files (Serialized files now loaded: 0)
Unloading 2 unused Assets / (48.7 KB). Loaded Objects now: 858.
Memory consumption went from 333.5 MB to 333.5 MB.
Total: 1.424458 ms (FindLiveObjects: 0.024417 ms CreateObjectMapping: 0.006625 ms MarkObjects: 1.369916 ms  DeleteObjects: 0.023458 ms)

Prepare: number of updated asset objects reloaded= 0
AssetImportParameters requested are different than current active one (requested -> active):
  custom:video-encoder-webm-vp8: eb34c28f22e8b96e1ab97ce403110664 -> 
  custom:scripting/monoscript/fileName/TMP_ShaderUtilities.cs: 84a261643983e306d02445da38ed662f -> 
  custom:scripting/monoscript/fileName/TMP_SettingsEditor.cs: 56bf06371df7e13c5b8cc88becb89a4d -> 
  custom:scripting/monoscript/fileName/MaterialReferenceManager.cs: c970e86594a0f568cbda548f2d4462c1 -> 
  custom:scripting/monoscript/fileName/DropdownOptionListDrawer.cs: 4362475bc384312c771d88865ee2f40d -> 2b2ea9c97f9351f45324b7dd26de9002
  custom:video-decoder-webm-vp8: 9c59270c3fd7afecdb556c50c9e8de78 -> 
  custom:scripting/monoscript/fileName/NavigationWindow.cs: 7884404b71178f59d8819c380b951d7c -> 
  custom:scripting/monoscript/fileName/TMP_PackageUtilities.cs: 89e6e95503dd36070edf73e7aaab4557 -> 
  custom:scripting/monoscript/fileName/TMP_UpdateRegistery.cs: 1f23864d29c3a03d22aa9b00a337cf78 -> 
  custom:scripting/monoscript/fileName/Finish.cs: ac3eb429518929f06fd882592af9fc8d -> 
  custom:scripting/monoscript/fileName/TMP_FontFeatureTable.cs: cbd25d300d7ed4d969d60cb9f98f2826 -> 
  custom:scripting/monoscript/fileName/TMP_Character.cs: 015720458ea991fbf07357eae19532db -> 
  custom:scripting/monoscript/fileName/NavMeshModifierVolumeEditor.cs: 262a50135a116189426aa01c964a744c -> 
  custom:scripting/monoscript/fileName/NavigationPreferences.cs: ada9399a4f085d4c824cc06527e7fcae -> 
  custom:scripting/monoscript/fileName/TMP_FontAssetCommon.cs: 2b5f11ccf8aacaf9b5ea6564bf2b0d57 -> 
  custom:scripting/monoscript/fileName/TMP_SDFShaderGUI.cs: 1460619486eb6e8da302e26af5538aaa -> 
  custom:scripting/monoscript/fileName/BuiltInToNavMeshSurfaceConverterContainer.cs: c40a906f9f99ea8a6c5aaa215767017f -> 
  custom:scripting/monoscript/fileName/TMP_RichTextTagsCommon.cs: 5462d55f8a9ad882f9a7f2d708a6978b -> 
  custom:scripting/monoscript/fileName/NavMeshSceneConverter.cs: baf486a1c1cdf03a3111dd113d13c2f4 -> 
  custom:scripting/monoscript/fileName/NavMeshSurface.cs: 34aebd278d8d3d5db6b23265b9c700f9 -> 
  custom:scripting/monoscript/fileName/TMP_ResourcesManager.cs: 64252a073d41e9c6f4e95b5f68ac966c -> 
  custom:scripting/monoscript/fileName/TMPro_ExtensionMethods.cs: 479bffcc157b89693ffc4c2ef2374861 -> 
  custom:scripting/monoscript/fileName/FastAction.cs: dfbe75b66b645b53472915ad2590af11 -> 
  custom:scripting/precompiled-assembly-types:Unity.AI.Navigation.Editor: 7eaf38f66973fde07200cf372b24130e -> 
  custom:scripting/monoscript/fileName/TMPro_TextContainerEditor.cs: b2fbc5db24221a870c4de162a712cbfe -> 
  custom:scripting/monoscript/fileName/TMPro_TexturePostProcessor.cs: 0750ad2b775120fa59f760172dc340ad -> 
  custom:scripting/monoscript/fileName/TMP_PostBuildProcessHandler.cs: c69b388004562ecb0f789fc3759d9651 -> 
  custom:scripting/monoscript/fileName/ITextPreProcessor.cs: a7aa94de5d5bfce2bdd74516315faaf2 -> 
  custom:scripting/precompiled-assembly-types:Unity.TextMeshPro.Editor: 46ffe279a7239cd1fb74eb9c5ab5b5d8 -> 
  custom:scripting/monoscript/fileName/TMP_SubMesh.cs: 9fd75270af40187985e5c14cc85ebe42 -> 
  custom:scripting/monoscript/fileName/TMP_DropdownEditor.cs: 2d907ee76ef876797c15186180266847 -> 
  custom:scripting/monoscript/fileName/NavMeshAssetManager.cs: 79eb4858c2054289cd611249ab36b0a5 -> 
  custom:scripting/monoscript/fileName/TMP_GlyphPropertyDrawer.cs: 56b500a16a5c8f635a7bfdd702279864 -> 
  custom:scripting/monoscript/fileName/TMPro_EventManager.cs: 4c7492301243f935f7a463360f91d217 -> 
  custom:framework-osx-AVFoundation: e770b220cccbd017edd2c1fefb359320 -> 
  custom:scripting/monoscript/fileName/TMP_SubMeshUI.cs: 748262c65738bc5e1c553ae7a37a0c73 -> 
  custom:scripting/monoscript/fileName/GlyphRectPropertyDrawer.cs: bdec415148eac17379112822c8814df5 -> 
  custom:scripting/monoscript/fileName/NavigationOverlay.cs: 2744f4e7946ebbb71339c9b1ce538d00 -> 
  custom:scripting/monoscript/fileName/TMP_GlyphPairAdjustmentRecordPropertyDrawer.cs: 1a07941369755af9e0a102a45e9058c5 -> 
  custom:scripting/monoscript/fileName/GameManager.cs: 9933fbcc6190e2a9171c2ec8808a053e -> 
  custom:scripting/precompiled-assembly-types:Unity.TextMeshPro: 59230975e8163396a463bd906828ec67 -> 
  custom:scripting/monoscript/fileName/TMP_FontFeaturesCommon.cs: 7d1db71d73353e7dd97f094c509882fa -> 
  custom:scripting/monoscript/fileName/TMP_LineInfo.cs: bb529d63c9723788bd7143f27cd69eaf -> 
  custom:scripting/monoscript/fileName/HelpUrls.cs: c1a90585e3e9c9d25f58f9141655f24f -> 
  custom:scripting/monoscript/fileName/TMPro_UGUI_Private.cs: 90647cc400823b41df847a6cbfc29026 -> 
  custom:scripting/monoscript/fileName/TMP_PackageResourceImporter.cs: 949b6e7fa2132b400d5c4aaf9c34421a -> 
  custom:scripting/monoscript/fileName/EditorStyles.cs: 86b9f4d8fe570a8d8295bfc466c975cf -> 
  custom:audio-decoder-ogg-vorbis: bf7c407c2cedff20999df2af8eb42d56 -> 
  custom:scripting/monoscript/fileName/TMP_EditorCoroutine.cs: 04cbf5ce6e541d98265aa7668ef82832 -> 
  custom:scripting/monoscript/fileName/TMP_SpriteGlyph.cs: cb4cdca5a4c6415e4f27ee5280164c41 -> 
  custom:scripting/monoscript/fileName/TMPro_EditorShaderUtilities.cs: f4cbef9348a73d49f1efb8d10ff07bf0 -> 
  custom:video-decoder-ogg-theora: a1e56fd34408186e4bbccfd4996cb3dc -> 
  custom:scripting/monoscript/fileName/TMP_UpdateManager.cs: fa7e71df671c5b3088b39753e4bbc70d -> 
  custom:scripting/monoscript/fileName/ObsoleteNavigationWindowMenuEntry.cs: c7f73386e6473f401a8e4151cac4e1e5 -> 
  custom:scripting/monoscript/fileName/TMP_CharacterPropertyDrawer.cs: ddc6f8909fdac3de9238e9b86e411c3e -> 
  custom:scripting/precompiled-assembly-types:Assembly-CSharp: f6123a127264180ac304143dfcf0c4b1 -> 5097d79b403e7b9fa1b5737665486d2d
  custom:scripting/monoscript/fileName/TMP_FontAssetEditor.cs: e359b61135381f6b1d7b8c7e97a930f3 -> 
  custom:scripting/monoscript/fileName/TMP_TextAlignmentDrawer.cs: 011b7908ef5eb5e9dea532c77e85c538 -> 
  custom:scripting/monoscript/fileName/TMP_EditorPanel.cs: 0631f68be4ca0623bf3e313ec9becbc9 -> 
  custom:scripting/precompiled-assembly-types:Unity.AI.Navigation.Editor.ConversionSystem: 27c718e5de2659aeeb663e092dc21158 -> 
  custom:scripting/precompiled-assembly-types:Unity.AI.Navigation: 5d8fa505e3253b9a2a456e2c28a1afb3 -> 
  custom:scripting/monoscript/fileName/TMPro_CreateObjectMenu.cs: ddee59388caa7a56693342f3a805d427 -> 
  custom:scripting/monoscript/fileName/TMP_EditorUtility.cs: b242106620cbbc38f0411146a086b885 -> 
  custom:scripting/monoscript/fileName/TMP_FontAsset_CreationMenu.cs: 1c5caeb31a0df734411a201aca87cb03 -> 
  custom:scripting/monoscript/fileName/SystemConvertersEditor.cs: c127c1335f24b77ca70195bf2136c6a2 -> 
  custom:scripting/monoscript/fileName/TMPro_ContextMenus.cs: 06b3d4b27f337b8d846ca7117f3251e1 -> 
  custom:scripting/monoscript/fileName/TMP_SpriteGlyphPropertyDrawer.cs: 1447c7afab82cf56bc359d5c7fba114e -> 
  custom:scripting/monoscript/fileName/TMP_CoroutineTween.cs: 76849b8d6d4ce499ad8ffee762e4a4af -> 
  custom:scripting/monoscript/fileName/TMP_Style.cs: ecc9948baa78373f3076151d1a0642d9 -> 
  custom:scripting/monoscript/fileName/NavMeshSurfaceEditor.cs: adb1294e971eab992abc2e3e7e051565 -> 
  custom:scripting/monoscript/fileName/TMP_Asset.cs: 7e95c8d89188057bea8fc9569c9aa309 -> 
  custom:scripting/monoscript/fileName/TMP_ScrollbarEventHandler.cs: c015e39b5a3f1a14518ce039f30e10af -> 
  custom:scripting/monoscript/fileName/TMP_TextInfo.cs: 9e4eb698c4c168829682cbe659418e8f -> 
  custom:scripting/monoscript/fileName/TMPro_MeshUtilities.cs: 2237d160e4d9e81a7d899dc235029cb3 -> 
  custom:scripting/monoscript/fileName/GlyphMetricsPropertyDrawer.cs: 438b07e6eae795dab04c32f51ac4e752 -> 
  custom:audio-encoder-webm-vorbis: bf7c407c2cedff20999df2af8eb42d56 -> 
  custom:scripting/monoscript/fileName/TMP_SpriteAssetMenu.cs: 05ea7b84320d1b77a6d1ae49c41ee9cc -> 
  custom:scripting/monoscript/fileName/TMP_TextElement_Legacy.cs: 6e11e173cb695b15e8cce3cd1e1cb2a7 -> 
  custom:scripting/monoscript/fileName/TMP_TextUtilities.cs: aab2855e68416a0a1f2f8904059662aa -> 
  custom:scripting/monoscript/fileName/TMP_Compatibility.cs: 3ef1f12d3c823dd740c7c596ab076c61 -> 
  custom:scripting/monoscript/fileName/TMP_StyleSheetEditor.cs: 38b210a450ac855df2d81ab0242c2feb -> 
  custom:scripting/monoscript/fileName/TMP_ObjectPool.cs: 90647cc400823b41df847a6cbfc29026 -> 
  custom:scripting/monoscript/fileName/InitializeConverterContext.cs: a97e19589a5774cdc2a34a28caea355f -> 
  custom:scripting/monoscript/fileName/TMP_EditorPanelUI.cs: 0c3fb43855adf1da22258c211d01a47d -> 
  custom:scripting/monoscript/fileName/TextContainer.cs: 245c032a15fbc12850861c707e37b027 -> 
  custom:scripting/monoscript/fileName/TMP_SpriteAnimator.cs: bf3a797c3a059d3698e93e0031d7f11c -> 
  custom:scripting/monoscript/fileName/TMP_Dropdown.cs: ecea2f8babcb40d207d2e73158251f60 -> 
  custom:scripting/monoscript/fileName/TMP_BaseShaderGUI.cs: 25118693f24c47c8a4b530b8bff26574 -> 
  custom:scripting/monoscript/fileName/SystemConverterContainer.cs: eb4026ea01a117ce0888f693e9eed2cd -> 
  custom:scripting/monoscript/fileName/NavMeshComponentsGUIUtility.cs: 08c52049b94db52661003d42fda4ecff -> 
  custom:scripting/monoscript/fileName/TMP_FontAssetUtilities.cs: 5b7a9bc9c5c56e3cb5ccc808a2bdd9e4 -> 
  custom:container-demuxer-webm: 4f35f7cbe854078d1ac9338744f61a02 -> 
  custom:scripting/monoscript/fileName/TMP_FontAsset.cs: 6c1db4680a96f294cf0af87a0b8099aa -> 
  custom:scripting/monoscript/fileName/TMP_ColorGradient.cs: 8d91c7c4749088eca69648d37a965bf8 -> 
  custom:scripting/monoscript/fileName/TMP_CharacterInfo.cs: c840ce0b0aa6c1faafb27b3b884b2328 -> 
  custom:scripting/monoscript/fileName/EnemyChase.cs: 3a83095262844a2fb6b878062f338b2e -> 
  custom:scripting/monoscript/fileName/TMP_ColorGradientEditor.cs: ed654c9d45026a5f71e6e9535130c15f -> 
  custom:scripting/monoscript/fileName/TMP_PreBuildProcessor.cs: 790c12dcd4980aa978fd28fb6f89fb37 -> 
  custom:scripting/monoscript/fileName/TMP_EditorResourceManager.cs: f56b80268a934198a76acc6f4cef503c -> 
  custom:scripting/monoscript/fileName/NavMeshModifierEditor.cs: b8675d28116f43f78881455a7301fe8c -> 
  custom:scripting/monoscript/fileName/TMPro_FontAssetCreatorWindow.cs: 0d0900483ed9b57d4ccc2ff58d1220b3 -> 
  custom:SearchIndexIgnoredProperties: e643bd26f0fe6173181afceb89e7c659 -> 
  custom:scripting/monoscript/fileName/TMP_SubMeshUI_Editor.cs: 119a633ce37cc27ac209988b5de61d96 -> 
  custom:scripting/monoscript/fileName/ConverterItemInfo.cs: 9fb131dfa28a9ed6b6d00fd9cf83ece4 -> 
  custom:scripting/monoscript/fileName/NavMeshModifierVolume.cs: 8dc531216c72b86c60b86e16ff3da10b -> 
  custom:scripting/monoscript/fileName/ConverterItemDescriptor.cs: 8182050d34c5cb602eb7913435a7abee -> 
  custom:scripting/monoscript/fileName/PlayerCoinCollector.cs: 778d76172874acfe98b78a833e1be144 -> 
  custom:scripting/monoscript/fileName/TMP_SpriteAssetImporter.cs: 675c97d72afe988872a20f51812f7cdf -> 
  custom:scripting/monoscript/fileName/TextMeshPro.cs: 0cfab9de2f927cf0a5e3dc6276498acd -> 
  custom:scripting/monoscript/fileName/NavMeshUpdaterUtility.cs: 5eb03802e6dba19b3e13aaf384805cac -> 
  custom:scripting/monoscript/fileName/SystemConverter.cs: c748d1769fc66e95256254a1cc1497f3 -> 
  custom:scripting/precompiled-assembly-types:Unity.AI.Navigation.Updater: d2095ddf03fd615830d6dacf5841450d -> 
  custom:scripting/monoscript/fileName/NavMeshUpdaterEditor.cs: 169704080eda430978bba61ddedeb304 -> 
  custom:container-muxer-webm: aa71ff27fc2769a1b78a27578f13a17b -> 
  custom:scripting/monoscript/fileName/TMP_TextProcessingStack.cs: 6146dd1b7f9b90aa342ef9794e387c23 -> 
  custom:scripting/monoscript/fileName/TMP_Settings.cs: 68d1204aae2aa6d0a54c151b7af443e7 -> 
  custom:scripting/monoscript/fileName/TMP_SubMesh_Editor.cs: b381eb4c2ad4ef265088242d67c5b140 -> 
  custom:scripting/monoscript/fileName/TMP_SerializedPropertyHolder.cs: 99e5dbc1fa1abe750acc8166e4243be8 -> 
  custom:scripting/monoscript/fileName/TMPro_SortingLayerHelper.cs: 8b86ad735987eff6a1277352e9e8d9b6 -> 
  custom:scripting/monoscript/fileName/TMP_BaseEditorPanel.cs: f4b9967705e7bb57152fef4117417ba7 -> 
  custom:scripting/monoscript/fileName/TMP_TextElement.cs: 5dfb95666bd41ecc32948097824aba23 -> 
  custom:scripting/monoscript/fileName/TMP_Text.cs: 5cba61e283281e8dbf7dadaabcd638dc -> 
  custom:scripting/monoscript/fileName/TMP_InputFieldEditor.cs: a6f05406e9cdb59679382b884c14216a -> 
  custom:container-demuxer-ogg: 62fdf1f143b41e24485cea50d1cbac27 -> 
  custom:scripting/monoscript/fileName/TMP_InputValidator.cs: 5e0d679d98dae60baa87977011e0ed51 -> 
  custom:scripting/monoscript/fileName/TMP_SpriteAssetEditor.cs: 8a42af05e85c0eed4128787976375b45 -> 
  custom:scripting/monoscript/fileName/TMP_ListPool.cs: 90647cc400823b41df847a6cbfc29026 -> 
  custom:scripting/monoscript/fileName/TMP_Sprite.cs: 0ee3c386846aa132dd254421fac18cd1 -> 
  custom:AudioImporter_EditorPlatform: 3918e3fc78b5a79bad01e8451be0beb8 -> 
  custom:scripting/monoscript/fileName/TMP_SpriteCharacterPropertyDrawer.cs: 14565b4e4f9266584dc3194fd967d252 -> 
  custom:scripting/monoscript/fileName/TMP_InputField.cs: f7712ab842984f124274656d749eca3d -> 
  custom:scripting/monoscript/fileName/RunItemContext.cs: 338b2243183036c2b60f94c1b5e817c5 -> 
  custom:scripting/monoscript/fileName/NavMeshLinkEditor.cs: aed8ae070d922149bb2ba3de06889ff6 -> 
  custom:scripting/monoscript/fileName/NavMeshLink.cs: 0b3d0eeb07ab57d259e8f9365538df09 -> 
  custom:scripting/monoscript/fileName/TMP_DefaultControls.cs: 2673e29173eb9307fa53ee17c15332ed -> 
  custom:scripting/monoscript/fileName/TMP_SpriteAssetImportFormats.cs: 920e3140228fbd530b0080254da22d88 -> 
  custom:CustomObjectIndexerAttribute: 9a22284fe3817be447336de3de66b15e -> 
  custom:scripting/monoscript/fileName/TMP_UIStyleManager.cs: 66d96f3fa9ea14a5a6ed3f92d3bbe0f1 -> 
  custom:scripting/monoscript/fileName/TMP_StyleAssetMenu.cs: 60e7743122a0686d1131101c521adac6 -> 
  custom:scripting/monoscript/fileName/TMP_StyleSheet.cs: de73099b6bd4b9281c92feedf1315618 -> 
  custom:scripting/monoscript/fileName/TMP_ResourcesLoader.cs: 6f1f07799f3cfe795f955033c27f98ed -> 
  custom:scripting/monoscript/fileName/TMPro_Private.cs: 90647cc400823b41df847a6cbfc29026 -> 
  custom:scripting/monoscript/fileName/TMP_MeshInfo.cs: 89833651f7d905e51b340ec2afe531d1 -> 
  custom:scripting/monoscript/fileName/TextMeshProUGUI.cs: b783d06a82b0620f102e3253b4b9fc9b -> 
  custom:scripting/monoscript/fileName/TMP_BitmapShaderGUI.cs: 2ce3ac811452d1d6d82e565157cac3e2 -> 
  custom:scripting/monoscript/fileName/TMP_MaterialManager.cs: 441d72ec3c04a8da6a351f60fff95465 -> 
  custom:scripting/monoscript/fileName/TMP_ColorGradientAssetMenu.cs: 83563be632f8167fcdca7878d36901f9 -> 
  custom:scripting/monoscript/fileName/TMP_SelectionCaret.cs: d2a06fefe973175bffa10d62f788c481 -> 
  custom:scripting/monoscript/fileName/TMP_SpriteCharacter.cs: 81dc73ff0878d6528202f8be44877b26 -> 
  custom:scripting/monoscript/fileName/TMP_SpriteAsset.cs: 8d06882cb45c7664f8d7c3079ee8757f -> 
  custom:scripting/monoscript/fileName/NavMeshModifier.cs: 99ae5ed91bb784edc4f8312d7de046da -> 
  custom:scripting/monoscript/fileName/TMP_TextParsingUtilities.cs: 8b3fe20641ae0dd97405135955c706a3 -> 
========================================================================
Received Import Request.
  Time since last request: 2681.989046 seconds.
  path: Assets/Objects/sketchfab.prefab
  artifactKey: Guid(c559d71bb5053489c9fdcb6836b7c49b) Importer(815301076,1909f56bfc062723c751e8b465ee728b)
Start importing Assets/Objects/sketchfab.prefab using Guid(c559d71bb5053489c9fdcb6836b7c49b) Importer(815301076,1909f56bfc062723c751e8b465ee728b) [PhysX] Initialized MultithreadedTaskDispatcher with 10 workers.
 -> (artifact id: '8266cff59da067ca04dd3061758b6537') in 0.002735 seconds
Number of updated asset objects reloaded before import = 0
Number of asset objects unloaded after import = 0
========================================================================
Received Prepare
Caller must complete domain reload
Begin MonoManager ReloadAssembly
Thread 0x16f65f000 may have been prematurely finalized
- Loaded All Assemblies, in  0.114 seconds
Native extension for OSXStandalone target not found
Native extension for WebGL target not found
Mono: successfully reloaded assembly
- Finished resetting the current domain, in  0.156 seconds
Domain Reload Profiling: 271ms
	BeginReloadAssembly (76ms)
		ExecutionOrderSort (0ms)
		DisableScriptedObjects (2ms)
		BackupInstance (0ms)
		ReleaseScriptingObjects (0ms)
		CreateAndSetChildDomain (15ms)
	RebuildCommonClasses (18ms)
	RebuildNativeTypeToScriptingClass (5ms)
	initialDomainReloadingComplete (10ms)
	LoadAllAssembliesAndSetupDomain (5ms)
		LoadAssemblies (40ms)
		RebuildTransferFunctionScriptingTraits (0ms)
		AnalyzeDomain (4ms)
			TypeCache.Refresh (2ms)
				TypeCache.ScanAssembly (0ms)
			ScanForSourceGeneratedMonoScriptInfo (0ms)
			ResolveRequiredComponents (1ms)
	FinalizeReload (157ms)
		ReleaseScriptCaches (0ms)
		RebuildScriptCaches (0ms)
		SetupLoadedEditorAssemblies (88ms)
			LogAssemblyErrors (0ms)
			InitializePlatformSupportModulesInManaged (2ms)
			SetLoadedEditorAssemblies (3ms)
			RefreshPlugins (0ms)
			BeforeProcessingInitializeOnLoad (14ms)
			ProcessInitializeOnLoadAttributes (60ms)
			ProcessInitializeOnLoadMethodAttributes (8ms)
			AfterProcessingInitializeOnLoad (0ms)
			EditorAssembliesLoaded (0ms)
		ExecutionOrderSort2 (0ms)
		AwakeInstancesAfterBackupRestoration (2ms)
Refreshing native plugins compatible for Editor in 0.00 ms, found 0 plugins.
Preloading 0 native plugins for Editor in 0.00 ms.
Unloading 381 Unused Serialized files (Serialized files now loaded: 0)
Unloading 2 unused Assets / (48.8 KB). Loaded Objects now: 858.
Memory consumption went from 336.8 MB to 336.7 MB.
Total: 1.386541 ms (FindLiveObjects: 0.025875 ms CreateObjectMapping: 0.007375 ms MarkObjects: 1.313541 ms  DeleteObjects: 0.039458 ms)

Prepare: number of updated asset objects reloaded= 0
AssetImportParameters requested are different than current active one (requested -> active):
  custom:video-encoder-webm-vp8: eb34c28f22e8b96e1ab97ce403110664 -> 
  custom:scripting/monoscript/fileName/TMP_ShaderUtilities.cs: 84a261643983e306d02445da38ed662f -> 
  custom:scripting/monoscript/fileName/TMP_SettingsEditor.cs: 56bf06371df7e13c5b8cc88becb89a4d -> 
  custom:scripting/monoscript/fileName/MaterialReferenceManager.cs: c970e86594a0f568cbda548f2d4462c1 -> 
  custom:scripting/monoscript/fileName/DropdownOptionListDrawer.cs: 4362475bc384312c771d88865ee2f40d -> 2b2ea9c97f9351f45324b7dd26de9002
  custom:video-decoder-webm-vp8: 9c59270c3fd7afecdb556c50c9e8de78 -> 
  custom:scripting/monoscript/fileName/NavigationWindow.cs: 7884404b71178f59d8819c380b951d7c -> 
  custom:scripting/monoscript/fileName/TMP_PackageUtilities.cs: 89e6e95503dd36070edf73e7aaab4557 -> 
  custom:scripting/monoscript/fileName/TMP_UpdateRegistery.cs: 1f23864d29c3a03d22aa9b00a337cf78 -> 
  custom:scripting/monoscript/fileName/Finish.cs: ac3eb429518929f06fd882592af9fc8d -> 
  custom:scripting/monoscript/fileName/TMP_FontFeatureTable.cs: cbd25d300d7ed4d969d60cb9f98f2826 -> 
  custom:scripting/monoscript/fileName/TMP_Character.cs: 015720458ea991fbf07357eae19532db -> 
  custom:scripting/monoscript/fileName/NavMeshModifierVolumeEditor.cs: 262a50135a116189426aa01c964a744c -> 
  custom:scripting/monoscript/fileName/NavigationPreferences.cs: ada9399a4f085d4c824cc06527e7fcae -> 
  custom:scripting/monoscript/fileName/TMP_FontAssetCommon.cs: 2b5f11ccf8aacaf9b5ea6564bf2b0d57 -> 
  custom:scripting/monoscript/fileName/TMP_SDFShaderGUI.cs: 1460619486eb6e8da302e26af5538aaa -> 
  custom:scripting/monoscript/fileName/BuiltInToNavMeshSurfaceConverterContainer.cs: c40a906f9f99ea8a6c5aaa215767017f -> 
  custom:scripting/monoscript/fileName/TMP_RichTextTagsCommon.cs: 5462d55f8a9ad882f9a7f2d708a6978b -> 
  custom:scripting/monoscript/fileName/NavMeshSceneConverter.cs: baf486a1c1cdf03a3111dd113d13c2f4 -> 
  custom:scripting/monoscript/fileName/NavMeshSurface.cs: 34aebd278d8d3d5db6b23265b9c700f9 -> 
  custom:scripting/monoscript/fileName/TMP_ResourcesManager.cs: 64252a073d41e9c6f4e95b5f68ac966c -> 
  custom:scripting/monoscript/fileName/TMPro_ExtensionMethods.cs: 479bffcc157b89693ffc4c2ef2374861 -> 
  custom:scripting/monoscript/fileName/FastAction.cs: dfbe75b66b645b53472915ad2590af11 -> 
  custom:scripting/precompiled-assembly-types:Unity.AI.Navigation.Editor: 7eaf38f66973fde07200cf372b24130e -> 
  custom:scripting/monoscript/fileName/TMPro_TextContainerEditor.cs: b2fbc5db24221a870c4de162a712cbfe -> 
  custom:scripting/monoscript/fileName/TMPro_TexturePostProcessor.cs: 0750ad2b775120fa59f760172dc340ad -> 
  custom:scripting/monoscript/fileName/TMP_PostBuildProcessHandler.cs: c69b388004562ecb0f789fc3759d9651 -> 
  custom:scripting/monoscript/fileName/ITextPreProcessor.cs: a7aa94de5d5bfce2bdd74516315faaf2 -> 
  custom:scripting/precompiled-assembly-types:Unity.TextMeshPro.Editor: 46ffe279a7239cd1fb74eb9c5ab5b5d8 -> 
  custom:scripting/monoscript/fileName/TMP_SubMesh.cs: 9fd75270af40187985e5c14cc85ebe42 -> 
  custom:scripting/monoscript/fileName/TMP_DropdownEditor.cs: 2d907ee76ef876797c15186180266847 -> 
  custom:scripting/monoscript/fileName/NavMeshAssetManager.cs: 79eb4858c2054289cd611249ab36b0a5 -> 
  custom:scripting/monoscript/fileName/TMP_GlyphPropertyDrawer.cs: 56b500a16a5c8f635a7bfdd702279864 -> 
  custom:scripting/monoscript/fileName/TMPro_EventManager.cs: 4c7492301243f935f7a463360f91d217 -> 
  custom:framework-osx-AVFoundation: e770b220cccbd017edd2c1fefb359320 -> 
  custom:scripting/monoscript/fileName/TMP_SubMeshUI.cs: 748262c65738bc5e1c553ae7a37a0c73 -> 
  custom:scripting/monoscript/fileName/GlyphRectPropertyDrawer.cs: bdec415148eac17379112822c8814df5 -> 
  custom:scripting/monoscript/fileName/NavigationOverlay.cs: 2744f4e7946ebbb71339c9b1ce538d00 -> 
  custom:scripting/monoscript/fileName/TMP_GlyphPairAdjustmentRecordPropertyDrawer.cs: 1a07941369755af9e0a102a45e9058c5 -> 
  custom:scripting/monoscript/fileName/GameManager.cs: 9933fbcc6190e2a9171c2ec8808a053e -> 
  custom:scripting/precompiled-assembly-types:Unity.TextMeshPro: 59230975e8163396a463bd906828ec67 -> 
  custom:scripting/monoscript/fileName/TMP_FontFeaturesCommon.cs: 7d1db71d73353e7dd97f094c509882fa -> 
  custom:scripting/monoscript/fileName/TMP_LineInfo.cs: bb529d63c9723788bd7143f27cd69eaf -> 
  custom:scripting/monoscript/fileName/HelpUrls.cs: c1a90585e3e9c9d25f58f9141655f24f -> 
  custom:scripting/monoscript/fileName/TMPro_UGUI_Private.cs: 90647cc400823b41df847a6cbfc29026 -> 
  custom:scripting/monoscript/fileName/TMP_PackageResourceImporter.cs: 949b6e7fa2132b400d5c4aaf9c34421a -> 
  custom:scripting/monoscript/fileName/EditorStyles.cs: 86b9f4d8fe570a8d8295bfc466c975cf -> 
  custom:audio-decoder-ogg-vorbis: bf7c407c2cedff20999df2af8eb42d56 -> 
  custom:scripting/monoscript/fileName/TMP_EditorCoroutine.cs: 04cbf5ce6e541d98265aa7668ef82832 -> 
  custom:scripting/monoscript/fileName/TMP_SpriteGlyph.cs: cb4cdca5a4c6415e4f27ee5280164c41 -> 
  custom:scripting/monoscript/fileName/TMPro_EditorShaderUtilities.cs: f4cbef9348a73d49f1efb8d10ff07bf0 -> 
  custom:video-decoder-ogg-theora: a1e56fd34408186e4bbccfd4996cb3dc -> 
  custom:scripting/monoscript/fileName/TMP_UpdateManager.cs: fa7e71df671c5b3088b39753e4bbc70d -> 
  custom:scripting/monoscript/fileName/ObsoleteNavigationWindowMenuEntry.cs: c7f73386e6473f401a8e4151cac4e1e5 -> 
  custom:scripting/monoscript/fileName/TMP_CharacterPropertyDrawer.cs: ddc6f8909fdac3de9238e9b86e411c3e -> 
  custom:scripting/precompiled-assembly-types:Assembly-CSharp: f6123a127264180ac304143dfcf0c4b1 -> 5097d79b403e7b9fa1b5737665486d2d
  custom:scripting/monoscript/fileName/TMP_FontAssetEditor.cs: e359b61135381f6b1d7b8c7e97a930f3 -> 
  custom:scripting/monoscript/fileName/TMP_TextAlignmentDrawer.cs: 011b7908ef5eb5e9dea532c77e85c538 -> 
  custom:scripting/monoscript/fileName/TMP_EditorPanel.cs: 0631f68be4ca0623bf3e313ec9becbc9 -> 
  custom:scripting/precompiled-assembly-types:Unity.AI.Navigation.Editor.ConversionSystem: 27c718e5de2659aeeb663e092dc21158 -> 
  custom:scripting/precompiled-assembly-types:Unity.AI.Navigation: 5d8fa505e3253b9a2a456e2c28a1afb3 -> 
  custom:scripting/monoscript/fileName/TMPro_CreateObjectMenu.cs: ddee59388caa7a56693342f3a805d427 -> 
  custom:scripting/monoscript/fileName/TMP_EditorUtility.cs: b242106620cbbc38f0411146a086b885 -> 
  custom:scripting/monoscript/fileName/TMP_FontAsset_CreationMenu.cs: 1c5caeb31a0df734411a201aca87cb03 -> 
  custom:scripting/monoscript/fileName/SystemConvertersEditor.cs: c127c1335f24b77ca70195bf2136c6a2 -> 
  custom:scripting/monoscript/fileName/TMPro_ContextMenus.cs: 06b3d4b27f337b8d846ca7117f3251e1 -> 
  custom:scripting/monoscript/fileName/TMP_SpriteGlyphPropertyDrawer.cs: 1447c7afab82cf56bc359d5c7fba114e -> 
  custom:scripting/monoscript/fileName/TMP_CoroutineTween.cs: 76849b8d6d4ce499ad8ffee762e4a4af -> 
  custom:scripting/monoscript/fileName/TMP_Style.cs: ecc9948baa78373f3076151d1a0642d9 -> 
  custom:scripting/monoscript/fileName/NavMeshSurfaceEditor.cs: adb1294e971eab992abc2e3e7e051565 -> 
  custom:scripting/monoscript/fileName/TMP_Asset.cs: 7e95c8d89188057bea8fc9569c9aa309 -> 
  custom:scripting/monoscript/fileName/TMP_ScrollbarEventHandler.cs: c015e39b5a3f1a14518ce039f30e10af -> 
  custom:scripting/monoscript/fileName/TMP_TextInfo.cs: 9e4eb698c4c168829682cbe659418e8f -> 
  custom:scripting/monoscript/fileName/TMPro_MeshUtilities.cs: 2237d160e4d9e81a7d899dc235029cb3 -> 
  custom:scripting/monoscript/fileName/GlyphMetricsPropertyDrawer.cs: 438b07e6eae795dab04c32f51ac4e752 -> 
  custom:audio-encoder-webm-vorbis: bf7c407c2cedff20999df2af8eb42d56 -> 
  custom:scripting/monoscript/fileName/TMP_SpriteAssetMenu.cs: 05ea7b84320d1b77a6d1ae49c41ee9cc -> 
  custom:scripting/monoscript/fileName/TMP_TextElement_Legacy.cs: 6e11e173cb695b15e8cce3cd1e1cb2a7 -> 
  custom:scripting/monoscript/fileName/TMP_TextUtilities.cs: aab2855e68416a0a1f2f8904059662aa -> 
  custom:scripting/monoscript/fileName/TMP_Compatibility.cs: 3ef1f12d3c823dd740c7c596ab076c61 -> 
  custom:scripting/monoscript/fileName/TMP_StyleSheetEditor.cs: 38b210a450ac855df2d81ab0242c2feb -> 
  custom:scripting/monoscript/fileName/TMP_ObjectPool.cs: 90647cc400823b41df847a6cbfc29026 -> 
  custom:scripting/monoscript/fileName/InitializeConverterContext.cs: a97e19589a5774cdc2a34a28caea355f -> 
  custom:scripting/monoscript/fileName/TMP_EditorPanelUI.cs: 0c3fb43855adf1da22258c211d01a47d -> 
  custom:scripting/monoscript/fileName/TextContainer.cs: 245c032a15fbc12850861c707e37b027 -> 
  custom:scripting/monoscript/fileName/TMP_SpriteAnimator.cs: bf3a797c3a059d3698e93e0031d7f11c -> 
  custom:scripting/monoscript/fileName/TMP_Dropdown.cs: ecea2f8babcb40d207d2e73158251f60 -> 
  custom:scripting/monoscript/fileName/TMP_BaseShaderGUI.cs: 25118693f24c47c8a4b530b8bff26574 -> 
  custom:scripting/monoscript/fileName/SystemConverterContainer.cs: eb4026ea01a117ce0888f693e9eed2cd -> 
  custom:scripting/monoscript/fileName/NavMeshComponentsGUIUtility.cs: 08c52049b94db52661003d42fda4ecff -> 
  custom:scripting/monoscript/fileName/TMP_FontAssetUtilities.cs: 5b7a9bc9c5c56e3cb5ccc808a2bdd9e4 -> 
  custom:container-demuxer-webm: 4f35f7cbe854078d1ac9338744f61a02 -> 
  custom:scripting/monoscript/fileName/TMP_FontAsset.cs: 6c1db4680a96f294cf0af87a0b8099aa -> 
  custom:scripting/monoscript/fileName/TMP_ColorGradient.cs: 8d91c7c4749088eca69648d37a965bf8 -> 
  custom:scripting/monoscript/fileName/TMP_CharacterInfo.cs: c840ce0b0aa6c1faafb27b3b884b2328 -> 
  custom:scripting/monoscript/fileName/EnemyChase.cs: 3a83095262844a2fb6b878062f338b2e -> 
  custom:scripting/monoscript/fileName/TMP_ColorGradientEditor.cs: ed654c9d45026a5f71e6e9535130c15f -> 
  custom:scripting/monoscript/fileName/TMP_PreBuildProcessor.cs: 790c12dcd4980aa978fd28fb6f89fb37 -> 
  custom:scripting/monoscript/fileName/TMP_EditorResourceManager.cs: f56b80268a934198a76acc6f4cef503c -> 
  custom:scripting/monoscript/fileName/NavMeshModifierEditor.cs: b8675d28116f43f78881455a7301fe8c -> 
  custom:scripting/monoscript/fileName/TMPro_FontAssetCreatorWindow.cs: 0d0900483ed9b57d4ccc2ff58d1220b3 -> 
  custom:SearchIndexIgnoredProperties: e643bd26f0fe6173181afceb89e7c659 -> 
  custom:scripting/monoscript/fileName/TMP_SubMeshUI_Editor.cs: 119a633ce37cc27ac209988b5de61d96 -> 
  custom:scripting/monoscript/fileName/ConverterItemInfo.cs: 9fb131dfa28a9ed6b6d00fd9cf83ece4 -> 
  custom:scripting/monoscript/fileName/NavMeshModifierVolume.cs: 8dc531216c72b86c60b86e16ff3da10b -> 
  custom:scripting/monoscript/fileName/ConverterItemDescriptor.cs: 8182050d34c5cb602eb7913435a7abee -> 
  custom:scripting/monoscript/fileName/PlayerCoinCollector.cs: 778d76172874acfe98b78a833e1be144 -> 
  custom:scripting/monoscript/fileName/TMP_SpriteAssetImporter.cs: 675c97d72afe988872a20f51812f7cdf -> 
  custom:scripting/monoscript/fileName/TextMeshPro.cs: 0cfab9de2f927cf0a5e3dc6276498acd -> 
  custom:scripting/monoscript/fileName/NavMeshUpdaterUtility.cs: 5eb03802e6dba19b3e13aaf384805cac -> 
  custom:scripting/monoscript/fileName/SystemConverter.cs: c748d1769fc66e95256254a1cc1497f3 -> 
  custom:scripting/precompiled-assembly-types:Unity.AI.Navigation.Updater: d2095ddf03fd615830d6dacf5841450d -> 
  custom:scripting/monoscript/fileName/NavMeshUpdaterEditor.cs: 169704080eda430978bba61ddedeb304 -> 
  custom:container-muxer-webm: aa71ff27fc2769a1b78a27578f13a17b -> 
  custom:scripting/monoscript/fileName/TMP_TextProcessingStack.cs: 6146dd1b7f9b90aa342ef9794e387c23 -> 
  custom:scripting/monoscript/fileName/TMP_Settings.cs: 68d1204aae2aa6d0a54c151b7af443e7 -> 
  custom:scripting/monoscript/fileName/TMP_SubMesh_Editor.cs: b381eb4c2ad4ef265088242d67c5b140 -> 
  custom:scripting/monoscript/fileName/TMP_SerializedPropertyHolder.cs: 99e5dbc1fa1abe750acc8166e4243be8 -> 
  custom:scripting/monoscript/fileName/TMPro_SortingLayerHelper.cs: 8b86ad735987eff6a1277352e9e8d9b6 -> 
  custom:scripting/monoscript/fileName/TMP_BaseEditorPanel.cs: f4b9967705e7bb57152fef4117417ba7 -> 
  custom:scripting/monoscript/fileName/TMP_TextElement.cs: 5dfb95666bd41ecc32948097824aba23 -> 
  custom:scripting/monoscript/fileName/TMP_Text.cs: 5cba61e283281e8dbf7dadaabcd638dc -> 
  custom:scripting/monoscript/fileName/TMP_InputFieldEditor.cs: a6f05406e9cdb59679382b884c14216a -> 
  custom:container-demuxer-ogg: 62fdf1f143b41e24485cea50d1cbac27 -> 
  custom:scripting/monoscript/fileName/TMP_InputValidator.cs: 5e0d679d98dae60baa87977011e0ed51 -> 
  custom:scripting/monoscript/fileName/TMP_SpriteAssetEditor.cs: 8a42af05e85c0eed4128787976375b45 -> 
  custom:scripting/monoscript/fileName/TMP_ListPool.cs: 90647cc400823b41df847a6cbfc29026 -> 
  custom:scripting/monoscript/fileName/TMP_Sprite.cs: 0ee3c386846aa132dd254421fac18cd1 -> 
  custom:AudioImporter_EditorPlatform: 3918e3fc78b5a79bad01e8451be0beb8 -> 
  custom:scripting/monoscript/fileName/TMP_SpriteCharacterPropertyDrawer.cs: 14565b4e4f9266584dc3194fd967d252 -> 
  custom:scripting/monoscript/fileName/TMP_InputField.cs: f7712ab842984f124274656d749eca3d -> 
  custom:scripting/monoscript/fileName/RunItemContext.cs: 338b2243183036c2b60f94c1b5e817c5 -> 
  custom:scripting/monoscript/fileName/NavMeshLinkEditor.cs: aed8ae070d922149bb2ba3de06889ff6 -> 
  custom:scripting/monoscript/fileName/NavMeshLink.cs: 0b3d0eeb07ab57d259e8f9365538df09 -> 
  custom:scripting/monoscript/fileName/TMP_DefaultControls.cs: 2673e29173eb9307fa53ee17c15332ed -> 
  custom:scripting/monoscript/fileName/TMP_SpriteAssetImportFormats.cs: 920e3140228fbd530b0080254da22d88 -> 
  custom:CustomObjectIndexerAttribute: 9a22284fe3817be447336de3de66b15e -> 
  custom:scripting/monoscript/fileName/TMP_UIStyleManager.cs: 66d96f3fa9ea14a5a6ed3f92d3bbe0f1 -> 
  custom:scripting/monoscript/fileName/TMP_StyleAssetMenu.cs: 60e7743122a0686d1131101c521adac6 -> 
  custom:scripting/monoscript/fileName/TMP_StyleSheet.cs: de73099b6bd4b9281c92feedf1315618 -> 
  custom:scripting/monoscript/fileName/TMP_ResourcesLoader.cs: 6f1f07799f3cfe795f955033c27f98ed -> 
  custom:scripting/monoscript/fileName/TMPro_Private.cs: 90647cc400823b41df847a6cbfc29026 -> 
  custom:scripting/monoscript/fileName/TMP_MeshInfo.cs: 89833651f7d905e51b340ec2afe531d1 -> 
  custom:scripting/monoscript/fileName/TextMeshProUGUI.cs: b783d06a82b0620f102e3253b4b9fc9b -> 
  custom:scripting/monoscript/fileName/TMP_BitmapShaderGUI.cs: 2ce3ac811452d1d6d82e565157cac3e2 -> 
  custom:scripting/monoscript/fileName/TMP_MaterialManager.cs: 441d72ec3c04a8da6a351f60fff95465 -> 
  custom:scripting/monoscript/fileName/TMP_ColorGradientAssetMenu.cs: 83563be632f8167fcdca7878d36901f9 -> 
  custom:scripting/monoscript/fileName/TMP_SelectionCaret.cs: d2a06fefe973175bffa10d62f788c481 -> 
  custom:scripting/monoscript/fileName/TMP_SpriteCharacter.cs: 81dc73ff0878d6528202f8be44877b26 -> 
  custom:scripting/monoscript/fileName/TMP_SpriteAsset.cs: 8d06882cb45c7664f8d7c3079ee8757f -> 
  custom:scripting/monoscript/fileName/NavMeshModifier.cs: 99ae5ed91bb784edc4f8312d7de046da -> 
  custom:scripting/monoscript/fileName/TMP_TextParsingUtilities.cs: 8b3fe20641ae0dd97405135955c706a3 -> 
========================================================================
Received Prepare
Caller must complete domain reload
Begin MonoManager ReloadAssembly
Thread 0x16f65f000 may have been prematurely finalized
- Loaded All Assemblies, in  0.094 seconds
Native extension for OSXStandalone target not found
Native extension for WebGL target not found
Mono: successfully reloaded assembly
- Finished resetting the current domain, in  0.157 seconds
Domain Reload Profiling: 251ms
	BeginReloadAssembly (59ms)
		ExecutionOrderSort (0ms)
		DisableScriptedObjects (2ms)
		BackupInstance (0ms)
		ReleaseScriptingObjects (0ms)
		CreateAndSetChildDomain (12ms)
	RebuildCommonClasses (17ms)
	RebuildNativeTypeToScriptingClass (5ms)
	initialDomainReloadingComplete (8ms)
	LoadAllAssembliesAndSetupDomain (5ms)
		LoadAssemblies (28ms)
		RebuildTransferFunctionScriptingTraits (0ms)
		AnalyzeDomain (4ms)
			TypeCache.Refresh (2ms)
				TypeCache.ScanAssembly (0ms)
			ScanForSourceGeneratedMonoScriptInfo (0ms)
			ResolveRequiredComponents (1ms)
	FinalizeReload (157ms)
		ReleaseScriptCaches (0ms)
		RebuildScriptCaches (0ms)
		SetupLoadedEditorAssemblies (86ms)
			LogAssemblyErrors (0ms)
			InitializePlatformSupportModulesInManaged (2ms)
			SetLoadedEditorAssemblies (3ms)
			RefreshPlugins (0ms)
			BeforeProcessingInitializeOnLoad (14ms)
			ProcessInitializeOnLoadAttributes (59ms)
			ProcessInitializeOnLoadMethodAttributes (8ms)
			AfterProcessingInitializeOnLoad (0ms)
			EditorAssembliesLoaded (0ms)
		ExecutionOrderSort2 (0ms)
		AwakeInstancesAfterBackupRestoration (2ms)
Refreshing native plugins compatible for Editor in 0.00 ms, found 0 plugins.
Preloading 0 native plugins for Editor in 0.00 ms.
Unloading 382 Unused Serialized files (Serialized files now loaded: 0)
Unloading 2 unused Assets / (48.8 KB). Loaded Objects now: 858.
Memory consumption went from 340.6 MB to 340.5 MB.
Total: 1.340042 ms (FindLiveObjects: 0.025500 ms CreateObjectMapping: 0.007209 ms MarkObjects: 1.284166 ms  DeleteObjects: 0.023000 ms)

Prepare: number of updated asset objects reloaded= 0
AssetImportParameters requested are different than current active one (requested -> active):
  custom:video-encoder-webm-vp8: eb34c28f22e8b96e1ab97ce403110664 -> 
  custom:scripting/monoscript/fileName/TMP_ShaderUtilities.cs: 84a261643983e306d02445da38ed662f -> 
  custom:scripting/monoscript/fileName/TMP_SettingsEditor.cs: 56bf06371df7e13c5b8cc88becb89a4d -> 
  custom:scripting/monoscript/fileName/MaterialReferenceManager.cs: c970e86594a0f568cbda548f2d4462c1 -> 
  custom:scripting/monoscript/fileName/DropdownOptionListDrawer.cs: 4362475bc384312c771d88865ee2f40d -> 2b2ea9c97f9351f45324b7dd26de9002
  custom:video-decoder-webm-vp8: 9c59270c3fd7afecdb556c50c9e8de78 -> 
  custom:scripting/monoscript/fileName/NavigationWindow.cs: 7884404b71178f59d8819c380b951d7c -> 
  custom:scripting/monoscript/fileName/TMP_PackageUtilities.cs: 89e6e95503dd36070edf73e7aaab4557 -> 
  custom:scripting/monoscript/fileName/TMP_UpdateRegistery.cs: 1f23864d29c3a03d22aa9b00a337cf78 -> 
  custom:scripting/monoscript/fileName/Finish.cs: ac3eb429518929f06fd882592af9fc8d -> 
  custom:scripting/monoscript/fileName/TMP_FontFeatureTable.cs: cbd25d300d7ed4d969d60cb9f98f2826 -> 
  custom:scripting/monoscript/fileName/TMP_Character.cs: 015720458ea991fbf07357eae19532db -> 
  custom:scripting/monoscript/fileName/NavMeshModifierVolumeEditor.cs: 262a50135a116189426aa01c964a744c -> 
  custom:scripting/monoscript/fileName/NavigationPreferences.cs: ada9399a4f085d4c824cc06527e7fcae -> 
  custom:scripting/monoscript/fileName/TMP_FontAssetCommon.cs: 2b5f11ccf8aacaf9b5ea6564bf2b0d57 -> 
  custom:scripting/monoscript/fileName/TMP_SDFShaderGUI.cs: 1460619486eb6e8da302e26af5538aaa -> 
  custom:scripting/monoscript/fileName/BuiltInToNavMeshSurfaceConverterContainer.cs: c40a906f9f99ea8a6c5aaa215767017f -> 
  custom:scripting/monoscript/fileName/TMP_RichTextTagsCommon.cs: 5462d55f8a9ad882f9a7f2d708a6978b -> 
  custom:scripting/monoscript/fileName/NavMeshSceneConverter.cs: baf486a1c1cdf03a3111dd113d13c2f4 -> 
  custom:scripting/monoscript/fileName/NavMeshSurface.cs: 34aebd278d8d3d5db6b23265b9c700f9 -> 
  custom:scripting/monoscript/fileName/TMP_ResourcesManager.cs: 64252a073d41e9c6f4e95b5f68ac966c -> 
  custom:scripting/monoscript/fileName/TMPro_ExtensionMethods.cs: 479bffcc157b89693ffc4c2ef2374861 -> 
  custom:scripting/monoscript/fileName/FastAction.cs: dfbe75b66b645b53472915ad2590af11 -> 
  custom:scripting/precompiled-assembly-types:Unity.AI.Navigation.Editor: 7eaf38f66973fde07200cf372b24130e -> 
  custom:scripting/monoscript/fileName/TMPro_TextContainerEditor.cs: b2fbc5db24221a870c4de162a712cbfe -> 
  custom:scripting/monoscript/fileName/TMPro_TexturePostProcessor.cs: 0750ad2b775120fa59f760172dc340ad -> 
  custom:scripting/monoscript/fileName/TMP_PostBuildProcessHandler.cs: c69b388004562ecb0f789fc3759d9651 -> 
  custom:scripting/monoscript/fileName/ITextPreProcessor.cs: a7aa94de5d5bfce2bdd74516315faaf2 -> 
  custom:scripting/precompiled-assembly-types:Unity.TextMeshPro.Editor: 46ffe279a7239cd1fb74eb9c5ab5b5d8 -> 
  custom:scripting/monoscript/fileName/TMP_SubMesh.cs: 9fd75270af40187985e5c14cc85ebe42 -> 
  custom:scripting/monoscript/fileName/TMP_DropdownEditor.cs: 2d907ee76ef876797c15186180266847 -> 
  custom:scripting/monoscript/fileName/NavMeshAssetManager.cs: 79eb4858c2054289cd611249ab36b0a5 -> 
  custom:scripting/monoscript/fileName/TMP_GlyphPropertyDrawer.cs: 56b500a16a5c8f635a7bfdd702279864 -> 
  custom:scripting/monoscript/fileName/TMPro_EventManager.cs: 4c7492301243f935f7a463360f91d217 -> 
  custom:framework-osx-AVFoundation: e770b220cccbd017edd2c1fefb359320 -> 
  custom:scripting/monoscript/fileName/TMP_SubMeshUI.cs: 748262c65738bc5e1c553ae7a37a0c73 -> 
  custom:scripting/monoscript/fileName/GlyphRectPropertyDrawer.cs: bdec415148eac17379112822c8814df5 -> 
  custom:scripting/monoscript/fileName/NavigationOverlay.cs: 2744f4e7946ebbb71339c9b1ce538d00 -> 
  custom:scripting/monoscript/fileName/TMP_GlyphPairAdjustmentRecordPropertyDrawer.cs: 1a07941369755af9e0a102a45e9058c5 -> 
  custom:scripting/monoscript/fileName/GameManager.cs: 9933fbcc6190e2a9171c2ec8808a053e -> 
  custom:scripting/precompiled-assembly-types:Unity.TextMeshPro: 59230975e8163396a463bd906828ec67 -> 
  custom:scripting/monoscript/fileName/TMP_FontFeaturesCommon.cs: 7d1db71d73353e7dd97f094c509882fa -> 
  custom:scripting/monoscript/fileName/TMP_LineInfo.cs: bb529d63c9723788bd7143f27cd69eaf -> 
  custom:scripting/monoscript/fileName/HelpUrls.cs: c1a90585e3e9c9d25f58f9141655f24f -> 
  custom:scripting/monoscript/fileName/TMPro_UGUI_Private.cs: 90647cc400823b41df847a6cbfc29026 -> 
  custom:scripting/monoscript/fileName/TMP_PackageResourceImporter.cs: 949b6e7fa2132b400d5c4aaf9c34421a -> 
  custom:scripting/monoscript/fileName/EditorStyles.cs: 86b9f4d8fe570a8d8295bfc466c975cf -> 
  custom:audio-decoder-ogg-vorbis: bf7c407c2cedff20999df2af8eb42d56 -> 
  custom:scripting/monoscript/fileName/TMP_EditorCoroutine.cs: 04cbf5ce6e541d98265aa7668ef82832 -> 
  custom:scripting/monoscript/fileName/TMP_SpriteGlyph.cs: cb4cdca5a4c6415e4f27ee5280164c41 -> 
  custom:scripting/monoscript/fileName/TMPro_EditorShaderUtilities.cs: f4cbef9348a73d49f1efb8d10ff07bf0 -> 
  custom:video-decoder-ogg-theora: a1e56fd34408186e4bbccfd4996cb3dc -> 
  custom:scripting/monoscript/fileName/TMP_UpdateManager.cs: fa7e71df671c5b3088b39753e4bbc70d -> 
  custom:scripting/monoscript/fileName/ObsoleteNavigationWindowMenuEntry.cs: c7f73386e6473f401a8e4151cac4e1e5 -> 
  custom:scripting/monoscript/fileName/TMP_CharacterPropertyDrawer.cs: ddc6f8909fdac3de9238e9b86e411c3e -> 
  custom:scripting/precompiled-assembly-types:Assembly-CSharp: f6123a127264180ac304143dfcf0c4b1 -> 5097d79b403e7b9fa1b5737665486d2d
  custom:scripting/monoscript/fileName/TMP_FontAssetEditor.cs: e359b61135381f6b1d7b8c7e97a930f3 -> 
  custom:scripting/monoscript/fileName/TMP_TextAlignmentDrawer.cs: 011b7908ef5eb5e9dea532c77e85c538 -> 
  custom:scripting/monoscript/fileName/TMP_EditorPanel.cs: 0631f68be4ca0623bf3e313ec9becbc9 -> 
  custom:scripting/precompiled-assembly-types:Unity.AI.Navigation.Editor.ConversionSystem: 27c718e5de2659aeeb663e092dc21158 -> 
  custom:scripting/precompiled-assembly-types:Unity.AI.Navigation: 5d8fa505e3253b9a2a456e2c28a1afb3 -> 
  custom:scripting/monoscript/fileName/TMPro_CreateObjectMenu.cs: ddee59388caa7a56693342f3a805d427 -> 
  custom:scripting/monoscript/fileName/TMP_EditorUtility.cs: b242106620cbbc38f0411146a086b885 -> 
  custom:scripting/monoscript/fileName/TMP_FontAsset_CreationMenu.cs: 1c5caeb31a0df734411a201aca87cb03 -> 
  custom:scripting/monoscript/fileName/SystemConvertersEditor.cs: c127c1335f24b77ca70195bf2136c6a2 -> 
  custom:scripting/monoscript/fileName/TMPro_ContextMenus.cs: 06b3d4b27f337b8d846ca7117f3251e1 -> 
  custom:scripting/monoscript/fileName/TMP_SpriteGlyphPropertyDrawer.cs: 1447c7afab82cf56bc359d5c7fba114e -> 
  custom:scripting/monoscript/fileName/TMP_CoroutineTween.cs: 76849b8d6d4ce499ad8ffee762e4a4af -> 
  custom:scripting/monoscript/fileName/TMP_Style.cs: ecc9948baa78373f3076151d1a0642d9 -> 
  custom:scripting/monoscript/fileName/NavMeshSurfaceEditor.cs: adb1294e971eab992abc2e3e7e051565 -> 
  custom:scripting/monoscript/fileName/TMP_Asset.cs: 7e95c8d89188057bea8fc9569c9aa309 -> 
  custom:scripting/monoscript/fileName/TMP_ScrollbarEventHandler.cs: c015e39b5a3f1a14518ce039f30e10af -> 
  custom:scripting/monoscript/fileName/TMP_TextInfo.cs: 9e4eb698c4c168829682cbe659418e8f -> 
  custom:scripting/monoscript/fileName/TMPro_MeshUtilities.cs: 2237d160e4d9e81a7d899dc235029cb3 -> 
  custom:scripting/monoscript/fileName/GlyphMetricsPropertyDrawer.cs: 438b07e6eae795dab04c32f51ac4e752 -> 
  custom:audio-encoder-webm-vorbis: bf7c407c2cedff20999df2af8eb42d56 -> 
  custom:scripting/monoscript/fileName/TMP_SpriteAssetMenu.cs: 05ea7b84320d1b77a6d1ae49c41ee9cc -> 
  custom:scripting/monoscript/fileName/TMP_TextElement_Legacy.cs: 6e11e173cb695b15e8cce3cd1e1cb2a7 -> 
  custom:scripting/monoscript/fileName/TMP_TextUtilities.cs: aab2855e68416a0a1f2f8904059662aa -> 
  custom:scripting/monoscript/fileName/TMP_Compatibility.cs: 3ef1f12d3c823dd740c7c596ab076c61 -> 
  custom:scripting/monoscript/fileName/TMP_StyleSheetEditor.cs: 38b210a450ac855df2d81ab0242c2feb -> 
  custom:scripting/monoscript/fileName/TMP_ObjectPool.cs: 90647cc400823b41df847a6cbfc29026 -> 
  custom:scripting/monoscript/fileName/InitializeConverterContext.cs: a97e19589a5774cdc2a34a28caea355f -> 
  custom:scripting/monoscript/fileName/TMP_EditorPanelUI.cs: 0c3fb43855adf1da22258c211d01a47d -> 
  custom:scripting/monoscript/fileName/TextContainer.cs: 245c032a15fbc12850861c707e37b027 -> 
  custom:scripting/monoscript/fileName/TMP_SpriteAnimator.cs: bf3a797c3a059d3698e93e0031d7f11c -> 
  custom:scripting/monoscript/fileName/TMP_Dropdown.cs: ecea2f8babcb40d207d2e73158251f60 -> 
  custom:scripting/monoscript/fileName/TMP_BaseShaderGUI.cs: 25118693f24c47c8a4b530b8bff26574 -> 
  custom:scripting/monoscript/fileName/SystemConverterContainer.cs: eb4026ea01a117ce0888f693e9eed2cd -> 
  custom:scripting/monoscript/fileName/NavMeshComponentsGUIUtility.cs: 08c52049b94db52661003d42fda4ecff -> 
  custom:scripting/monoscript/fileName/TMP_FontAssetUtilities.cs: 5b7a9bc9c5c56e3cb5ccc808a2bdd9e4 -> 
  custom:container-demuxer-webm: 4f35f7cbe854078d1ac9338744f61a02 -> 
  custom:scripting/monoscript/fileName/TMP_FontAsset.cs: 6c1db4680a96f294cf0af87a0b8099aa -> 
  custom:scripting/monoscript/fileName/TMP_ColorGradient.cs: 8d91c7c4749088eca69648d37a965bf8 -> 
  custom:scripting/monoscript/fileName/TMP_CharacterInfo.cs: c840ce0b0aa6c1faafb27b3b884b2328 -> 
  custom:scripting/monoscript/fileName/EnemyChase.cs: 3a83095262844a2fb6b878062f338b2e -> 
  custom:scripting/monoscript/fileName/TMP_ColorGradientEditor.cs: ed654c9d45026a5f71e6e9535130c15f -> 
  custom:scripting/monoscript/fileName/TMP_PreBuildProcessor.cs: 790c12dcd4980aa978fd28fb6f89fb37 -> 
  custom:scripting/monoscript/fileName/TMP_EditorResourceManager.cs: f56b80268a934198a76acc6f4cef503c -> 
  custom:scripting/monoscript/fileName/NavMeshModifierEditor.cs: b8675d28116f43f78881455a7301fe8c -> 
  custom:scripting/monoscript/fileName/TMPro_FontAssetCreatorWindow.cs: 0d0900483ed9b57d4ccc2ff58d1220b3 -> 
  custom:SearchIndexIgnoredProperties: e643bd26f0fe6173181afceb89e7c659 -> 
  custom:scripting/monoscript/fileName/TMP_SubMeshUI_Editor.cs: 119a633ce37cc27ac209988b5de61d96 -> 
  custom:scripting/monoscript/fileName/ConverterItemInfo.cs: 9fb131dfa28a9ed6b6d00fd9cf83ece4 -> 
  custom:scripting/monoscript/fileName/NavMeshModifierVolume.cs: 8dc531216c72b86c60b86e16ff3da10b -> 
  custom:scripting/monoscript/fileName/ConverterItemDescriptor.cs: 8182050d34c5cb602eb7913435a7abee -> 
  custom:scripting/monoscript/fileName/PlayerCoinCollector.cs: 778d76172874acfe98b78a833e1be144 -> 
  custom:scripting/monoscript/fileName/TMP_SpriteAssetImporter.cs: 675c97d72afe988872a20f51812f7cdf -> 
  custom:scripting/monoscript/fileName/TextMeshPro.cs: 0cfab9de2f927cf0a5e3dc6276498acd -> 
  custom:scripting/monoscript/fileName/NavMeshUpdaterUtility.cs: 5eb03802e6dba19b3e13aaf384805cac -> 
  custom:scripting/monoscript/fileName/SystemConverter.cs: c748d1769fc66e95256254a1cc1497f3 -> 
  custom:scripting/precompiled-assembly-types:Unity.AI.Navigation.Updater: d2095ddf03fd615830d6dacf5841450d -> 
  custom:scripting/monoscript/fileName/NavMeshUpdaterEditor.cs: 169704080eda430978bba61ddedeb304 -> 
  custom:container-muxer-webm: aa71ff27fc2769a1b78a27578f13a17b -> 
  custom:scripting/monoscript/fileName/TMP_TextProcessingStack.cs: 6146dd1b7f9b90aa342ef9794e387c23 -> 
  custom:scripting/monoscript/fileName/TMP_Settings.cs: 68d1204aae2aa6d0a54c151b7af443e7 -> 
  custom:scripting/monoscript/fileName/TMP_SubMesh_Editor.cs: b381eb4c2ad4ef265088242d67c5b140 -> 
  custom:scripting/monoscript/fileName/TMP_SerializedPropertyHolder.cs: 99e5dbc1fa1abe750acc8166e4243be8 -> 
  custom:scripting/monoscript/fileName/TMPro_SortingLayerHelper.cs: 8b86ad735987eff6a1277352e9e8d9b6 -> 
  custom:scripting/monoscript/fileName/TMP_BaseEditorPanel.cs: f4b9967705e7bb57152fef4117417ba7 -> 
  custom:scripting/monoscript/fileName/TMP_TextElement.cs: 5dfb95666bd41ecc32948097824aba23 -> 
  custom:scripting/monoscript/fileName/TMP_Text.cs: 5cba61e283281e8dbf7dadaabcd638dc -> 
  custom:scripting/monoscript/fileName/TMP_InputFieldEditor.cs: a6f05406e9cdb59679382b884c14216a -> 
  custom:container-demuxer-ogg: 62fdf1f143b41e24485cea50d1cbac27 -> 
  custom:scripting/monoscript/fileName/TMP_InputValidator.cs: 5e0d679d98dae60baa87977011e0ed51 -> 
  custom:scripting/monoscript/fileName/TMP_SpriteAssetEditor.cs: 8a42af05e85c0eed4128787976375b45 -> 
  custom:scripting/monoscript/fileName/TMP_ListPool.cs: 90647cc400823b41df847a6cbfc29026 -> 
  custom:scripting/monoscript/fileName/TMP_Sprite.cs: 0ee3c386846aa132dd254421fac18cd1 -> 
  custom:AudioImporter_EditorPlatform: 3918e3fc78b5a79bad01e8451be0beb8 -> 
  custom:scripting/monoscript/fileName/TMP_SpriteCharacterPropertyDrawer.cs: 14565b4e4f9266584dc3194fd967d252 -> 
  custom:scripting/monoscript/fileName/TMP_InputField.cs: f7712ab842984f124274656d749eca3d -> 
  custom:scripting/monoscript/fileName/RunItemContext.cs: 338b2243183036c2b60f94c1b5e817c5 -> 
  custom:scripting/monoscript/fileName/NavMeshLinkEditor.cs: aed8ae070d922149bb2ba3de06889ff6 -> 
  custom:scripting/monoscript/fileName/NavMeshLink.cs: 0b3d0eeb07ab57d259e8f9365538df09 -> 
  custom:scripting/monoscript/fileName/TMP_DefaultControls.cs: 2673e29173eb9307fa53ee17c15332ed -> 
  custom:scripting/monoscript/fileName/TMP_SpriteAssetImportFormats.cs: 920e3140228fbd530b0080254da22d88 -> 
  custom:CustomObjectIndexerAttribute: 9a22284fe3817be447336de3de66b15e -> 
  custom:scripting/monoscript/fileName/TMP_UIStyleManager.cs: 66d96f3fa9ea14a5a6ed3f92d3bbe0f1 -> 
  custom:scripting/monoscript/fileName/TMP_StyleAssetMenu.cs: 60e7743122a0686d1131101c521adac6 -> 
  custom:scripting/monoscript/fileName/TMP_StyleSheet.cs: de73099b6bd4b9281c92feedf1315618 -> 
  custom:scripting/monoscript/fileName/TMP_ResourcesLoader.cs: 6f1f07799f3cfe795f955033c27f98ed -> 
  custom:scripting/monoscript/fileName/TMPro_Private.cs: 90647cc400823b41df847a6cbfc29026 -> 
  custom:scripting/monoscript/fileName/TMP_MeshInfo.cs: 89833651f7d905e51b340ec2afe531d1 -> 
  custom:scripting/monoscript/fileName/TextMeshProUGUI.cs: b783d06a82b0620f102e3253b4b9fc9b -> 
  custom:scripting/monoscript/fileName/TMP_BitmapShaderGUI.cs: 2ce3ac811452d1d6d82e565157cac3e2 -> 
  custom:scripting/monoscript/fileName/TMP_MaterialManager.cs: 441d72ec3c04a8da6a351f60fff95465 -> 
  custom:scripting/monoscript/fileName/TMP_ColorGradientAssetMenu.cs: 83563be632f8167fcdca7878d36901f9 -> 
  custom:scripting/monoscript/fileName/TMP_SelectionCaret.cs: d2a06fefe973175bffa10d62f788c481 -> 
  custom:scripting/monoscript/fileName/TMP_SpriteCharacter.cs: 81dc73ff0878d6528202f8be44877b26 -> 
  custom:scripting/monoscript/fileName/TMP_SpriteAsset.cs: 8d06882cb45c7664f8d7c3079ee8757f -> 
  custom:scripting/monoscript/fileName/NavMeshModifier.cs: 99ae5ed91bb784edc4f8312d7de046da -> 
  custom:scripting/monoscript/fileName/TMP_TextParsingUtilities.cs: 8b3fe20641ae0dd97405135955c706a3 -> 
========================================================================
Received Prepare
Caller must complete domain reload
Begin MonoManager ReloadAssembly
Thread 0x16f65f000 may have been prematurely finalized
- Loaded All Assemblies, in  0.091 seconds
Native extension for OSXStandalone target not found
Native extension for WebGL target not found
Mono: successfully reloaded assembly
- Finished resetting the current domain, in  0.153 seconds
Domain Reload Profiling: 244ms
	BeginReloadAssembly (56ms)
		ExecutionOrderSort (0ms)
		DisableScriptedObjects (2ms)
		BackupInstance (0ms)
		ReleaseScriptingObjects (0ms)
		CreateAndSetChildDomain (12ms)
	RebuildCommonClasses (17ms)
	RebuildNativeTypeToScriptingClass (5ms)
	initialDomainReloadingComplete (8ms)
	LoadAllAssembliesAndSetupDomain (5ms)
		LoadAssemblies (26ms)
		RebuildTransferFunctionScriptingTraits (0ms)
		AnalyzeDomain (3ms)
			TypeCache.Refresh (2ms)
				TypeCache.ScanAssembly (0ms)
			ScanForSourceGeneratedMonoScriptInfo (0ms)
			ResolveRequiredComponents (1ms)
	FinalizeReload (153ms)
		ReleaseScriptCaches (0ms)
		RebuildScriptCaches (0ms)
		SetupLoadedEditorAssemblies (84ms)
			LogAssemblyErrors (0ms)
			InitializePlatformSupportModulesInManaged (2ms)
			SetLoadedEditorAssemblies (3ms)
			RefreshPlugins (0ms)
			BeforeProcessingInitializeOnLoad (14ms)
			ProcessInitializeOnLoadAttributes (57ms)
			ProcessInitializeOnLoadMethodAttributes (8ms)
			AfterProcessingInitializeOnLoad (0ms)
			EditorAssembliesLoaded (0ms)
		ExecutionOrderSort2 (0ms)
		AwakeInstancesAfterBackupRestoration (2ms)
Refreshing native plugins compatible for Editor in 0.00 ms, found 0 plugins.
Preloading 0 native plugins for Editor in 0.00 ms.
Unloading 382 Unused Serialized files (Serialized files now loaded: 0)
Unloading 2 unused Assets / (48.8 KB). Loaded Objects now: 858.
Memory consumption went from 344.1 MB to 344.0 MB.
Total: 1.357083 ms (FindLiveObjects: 0.025375 ms CreateObjectMapping: 0.006709 ms MarkObjects: 1.299708 ms  DeleteObjects: 0.025042 ms)

Prepare: number of updated asset objects reloaded= 0
AssetImportParameters requested are different than current active one (requested -> active):
  custom:video-encoder-webm-vp8: eb34c28f22e8b96e1ab97ce403110664 -> 
  custom:scripting/monoscript/fileName/TMP_ShaderUtilities.cs: 84a261643983e306d02445da38ed662f -> 
  custom:scripting/monoscript/fileName/TMP_SettingsEditor.cs: 56bf06371df7e13c5b8cc88becb89a4d -> 
  custom:scripting/monoscript/fileName/MaterialReferenceManager.cs: c970e86594a0f568cbda548f2d4462c1 -> 
  custom:scripting/monoscript/fileName/DropdownOptionListDrawer.cs: 4362475bc384312c771d88865ee2f40d -> 2b2ea9c97f9351f45324b7dd26de9002
  custom:video-decoder-webm-vp8: 9c59270c3fd7afecdb556c50c9e8de78 -> 
  custom:scripting/monoscript/fileName/NavigationWindow.cs: 7884404b71178f59d8819c380b951d7c -> 
  custom:scripting/monoscript/fileName/TMP_PackageUtilities.cs: 89e6e95503dd36070edf73e7aaab4557 -> 
  custom:scripting/monoscript/fileName/TMP_UpdateRegistery.cs: 1f23864d29c3a03d22aa9b00a337cf78 -> 
  custom:scripting/monoscript/fileName/Finish.cs: ac3eb429518929f06fd882592af9fc8d -> 
  custom:scripting/monoscript/fileName/TMP_FontFeatureTable.cs: cbd25d300d7ed4d969d60cb9f98f2826 -> 
  custom:scripting/monoscript/fileName/TMP_Character.cs: 015720458ea991fbf07357eae19532db -> 
  custom:scripting/monoscript/fileName/NavMeshModifierVolumeEditor.cs: 262a50135a116189426aa01c964a744c -> 
  custom:scripting/monoscript/fileName/NavigationPreferences.cs: ada9399a4f085d4c824cc06527e7fcae -> 
  custom:scripting/monoscript/fileName/TMP_FontAssetCommon.cs: 2b5f11ccf8aacaf9b5ea6564bf2b0d57 -> 
  custom:scripting/monoscript/fileName/TMP_SDFShaderGUI.cs: 1460619486eb6e8da302e26af5538aaa -> 
  custom:scripting/monoscript/fileName/BuiltInToNavMeshSurfaceConverterContainer.cs: c40a906f9f99ea8a6c5aaa215767017f -> 
  custom:scripting/monoscript/fileName/TMP_RichTextTagsCommon.cs: 5462d55f8a9ad882f9a7f2d708a6978b -> 
  custom:scripting/monoscript/fileName/NavMeshSceneConverter.cs: baf486a1c1cdf03a3111dd113d13c2f4 -> 
  custom:scripting/monoscript/fileName/NavMeshSurface.cs: 34aebd278d8d3d5db6b23265b9c700f9 -> 
  custom:scripting/monoscript/fileName/TMP_ResourcesManager.cs: 64252a073d41e9c6f4e95b5f68ac966c -> 
  custom:scripting/monoscript/fileName/TMPro_ExtensionMethods.cs: 479bffcc157b89693ffc4c2ef2374861 -> 
  custom:scripting/monoscript/fileName/FastAction.cs: dfbe75b66b645b53472915ad2590af11 -> 
  custom:scripting/precompiled-assembly-types:Unity.AI.Navigation.Editor: 7eaf38f66973fde07200cf372b24130e -> 
  custom:scripting/monoscript/fileName/TMPro_TextContainerEditor.cs: b2fbc5db24221a870c4de162a712cbfe -> 
  custom:scripting/monoscript/fileName/TMPro_TexturePostProcessor.cs: 0750ad2b775120fa59f760172dc340ad -> 
  custom:scripting/monoscript/fileName/TMP_PostBuildProcessHandler.cs: c69b388004562ecb0f789fc3759d9651 -> 
  custom:scripting/monoscript/fileName/ITextPreProcessor.cs: a7aa94de5d5bfce2bdd74516315faaf2 -> 
  custom:scripting/precompiled-assembly-types:Unity.TextMeshPro.Editor: 46ffe279a7239cd1fb74eb9c5ab5b5d8 -> 
  custom:scripting/monoscript/fileName/TMP_SubMesh.cs: 9fd75270af40187985e5c14cc85ebe42 -> 
  custom:scripting/monoscript/fileName/TMP_DropdownEditor.cs: 2d907ee76ef876797c15186180266847 -> 
  custom:scripting/monoscript/fileName/NavMeshAssetManager.cs: 79eb4858c2054289cd611249ab36b0a5 -> 
  custom:scripting/monoscript/fileName/TMP_GlyphPropertyDrawer.cs: 56b500a16a5c8f635a7bfdd702279864 -> 
  custom:scripting/monoscript/fileName/TMPro_EventManager.cs: 4c7492301243f935f7a463360f91d217 -> 
  custom:framework-osx-AVFoundation: e770b220cccbd017edd2c1fefb359320 -> 
  custom:scripting/monoscript/fileName/TMP_SubMeshUI.cs: 748262c65738bc5e1c553ae7a37a0c73 -> 
  custom:scripting/monoscript/fileName/GlyphRectPropertyDrawer.cs: bdec415148eac17379112822c8814df5 -> 
  custom:scripting/monoscript/fileName/NavigationOverlay.cs: 2744f4e7946ebbb71339c9b1ce538d00 -> 
  custom:scripting/monoscript/fileName/TMP_GlyphPairAdjustmentRecordPropertyDrawer.cs: 1a07941369755af9e0a102a45e9058c5 -> 
  custom:scripting/monoscript/fileName/GameManager.cs: 9933fbcc6190e2a9171c2ec8808a053e -> 
  custom:scripting/precompiled-assembly-types:Unity.TextMeshPro: 59230975e8163396a463bd906828ec67 -> 
  custom:scripting/monoscript/fileName/TMP_FontFeaturesCommon.cs: 7d1db71d73353e7dd97f094c509882fa -> 
  custom:scripting/monoscript/fileName/TMP_LineInfo.cs: bb529d63c9723788bd7143f27cd69eaf -> 
  custom:scripting/monoscript/fileName/HelpUrls.cs: c1a90585e3e9c9d25f58f9141655f24f -> 
  custom:scripting/monoscript/fileName/TMPro_UGUI_Private.cs: 90647cc400823b41df847a6cbfc29026 -> 
  custom:scripting/monoscript/fileName/TMP_PackageResourceImporter.cs: 949b6e7fa2132b400d5c4aaf9c34421a -> 
  custom:scripting/monoscript/fileName/EditorStyles.cs: 86b9f4d8fe570a8d8295bfc466c975cf -> 
  custom:audio-decoder-ogg-vorbis: bf7c407c2cedff20999df2af8eb42d56 -> 
  custom:scripting/monoscript/fileName/TMP_EditorCoroutine.cs: 04cbf5ce6e541d98265aa7668ef82832 -> 
  custom:scripting/monoscript/fileName/TMP_SpriteGlyph.cs: cb4cdca5a4c6415e4f27ee5280164c41 -> 
  custom:scripting/monoscript/fileName/TMPro_EditorShaderUtilities.cs: f4cbef9348a73d49f1efb8d10ff07bf0 -> 
  custom:video-decoder-ogg-theora: a1e56fd34408186e4bbccfd4996cb3dc -> 
  custom:scripting/monoscript/fileName/TMP_UpdateManager.cs: fa7e71df671c5b3088b39753e4bbc70d -> 
  custom:scripting/monoscript/fileName/ObsoleteNavigationWindowMenuEntry.cs: c7f73386e6473f401a8e4151cac4e1e5 -> 
  custom:scripting/monoscript/fileName/TMP_CharacterPropertyDrawer.cs: ddc6f8909fdac3de9238e9b86e411c3e -> 
  custom:scripting/precompiled-assembly-types:Assembly-CSharp: f6123a127264180ac304143dfcf0c4b1 -> 5097d79b403e7b9fa1b5737665486d2d
  custom:scripting/monoscript/fileName/TMP_FontAssetEditor.cs: e359b61135381f6b1d7b8c7e97a930f3 -> 
  custom:scripting/monoscript/fileName/TMP_TextAlignmentDrawer.cs: 011b7908ef5eb5e9dea532c77e85c538 -> 
  custom:scripting/monoscript/fileName/TMP_EditorPanel.cs: 0631f68be4ca0623bf3e313ec9becbc9 -> 
  custom:scripting/precompiled-assembly-types:Unity.AI.Navigation.Editor.ConversionSystem: 27c718e5de2659aeeb663e092dc21158 -> 
  custom:scripting/precompiled-assembly-types:Unity.AI.Navigation: 5d8fa505e3253b9a2a456e2c28a1afb3 -> 
  custom:scripting/monoscript/fileName/TMPro_CreateObjectMenu.cs: ddee59388caa7a56693342f3a805d427 -> 
  custom:scripting/monoscript/fileName/TMP_EditorUtility.cs: b242106620cbbc38f0411146a086b885 -> 
  custom:scripting/monoscript/fileName/TMP_FontAsset_CreationMenu.cs: 1c5caeb31a0df734411a201aca87cb03 -> 
  custom:scripting/monoscript/fileName/SystemConvertersEditor.cs: c127c1335f24b77ca70195bf2136c6a2 -> 
  custom:scripting/monoscript/fileName/TMPro_ContextMenus.cs: 06b3d4b27f337b8d846ca7117f3251e1 -> 
  custom:scripting/monoscript/fileName/TMP_SpriteGlyphPropertyDrawer.cs: 1447c7afab82cf56bc359d5c7fba114e -> 
  custom:scripting/monoscript/fileName/TMP_CoroutineTween.cs: 76849b8d6d4ce499ad8ffee762e4a4af -> 
  custom:scripting/monoscript/fileName/TMP_Style.cs: ecc9948baa78373f3076151d1a0642d9 -> 
  custom:scripting/monoscript/fileName/NavMeshSurfaceEditor.cs: adb1294e971eab992abc2e3e7e051565 -> 
  custom:scripting/monoscript/fileName/TMP_Asset.cs: 7e95c8d89188057bea8fc9569c9aa309 -> 
  custom:scripting/monoscript/fileName/TMP_ScrollbarEventHandler.cs: c015e39b5a3f1a14518ce039f30e10af -> 
  custom:scripting/monoscript/fileName/TMP_TextInfo.cs: 9e4eb698c4c168829682cbe659418e8f -> 
  custom:scripting/monoscript/fileName/TMPro_MeshUtilities.cs: 2237d160e4d9e81a7d899dc235029cb3 -> 
  custom:scripting/monoscript/fileName/GlyphMetricsPropertyDrawer.cs: 438b07e6eae795dab04c32f51ac4e752 -> 
  custom:audio-encoder-webm-vorbis: bf7c407c2cedff20999df2af8eb42d56 -> 
  custom:scripting/monoscript/fileName/TMP_SpriteAssetMenu.cs: 05ea7b84320d1b77a6d1ae49c41ee9cc -> 
  custom:scripting/monoscript/fileName/TMP_TextElement_Legacy.cs: 6e11e173cb695b15e8cce3cd1e1cb2a7 -> 
  custom:scripting/monoscript/fileName/TMP_TextUtilities.cs: aab2855e68416a0a1f2f8904059662aa -> 
  custom:scripting/monoscript/fileName/TMP_Compatibility.cs: 3ef1f12d3c823dd740c7c596ab076c61 -> 
  custom:scripting/monoscript/fileName/TMP_StyleSheetEditor.cs: 38b210a450ac855df2d81ab0242c2feb -> 
  custom:scripting/monoscript/fileName/TMP_ObjectPool.cs: 90647cc400823b41df847a6cbfc29026 -> 
  custom:scripting/monoscript/fileName/InitializeConverterContext.cs: a97e19589a5774cdc2a34a28caea355f -> 
  custom:scripting/monoscript/fileName/TMP_EditorPanelUI.cs: 0c3fb43855adf1da22258c211d01a47d -> 
  custom:scripting/monoscript/fileName/TextContainer.cs: 245c032a15fbc12850861c707e37b027 -> 
  custom:scripting/monoscript/fileName/TMP_SpriteAnimator.cs: bf3a797c3a059d3698e93e0031d7f11c -> 
  custom:scripting/monoscript/fileName/TMP_Dropdown.cs: ecea2f8babcb40d207d2e73158251f60 -> 
  custom:scripting/monoscript/fileName/TMP_BaseShaderGUI.cs: 25118693f24c47c8a4b530b8bff26574 -> 
  custom:scripting/monoscript/fileName/SystemConverterContainer.cs: eb4026ea01a117ce0888f693e9eed2cd -> 
  custom:scripting/monoscript/fileName/NavMeshComponentsGUIUtility.cs: 08c52049b94db52661003d42fda4ecff -> 
  custom:scripting/monoscript/fileName/TMP_FontAssetUtilities.cs: 5b7a9bc9c5c56e3cb5ccc808a2bdd9e4 -> 
  custom:container-demuxer-webm: 4f35f7cbe854078d1ac9338744f61a02 -> 
  custom:scripting/monoscript/fileName/TMP_FontAsset.cs: 6c1db4680a96f294cf0af87a0b8099aa -> 
  custom:scripting/monoscript/fileName/TMP_ColorGradient.cs: 8d91c7c4749088eca69648d37a965bf8 -> 
  custom:scripting/monoscript/fileName/TMP_CharacterInfo.cs: c840ce0b0aa6c1faafb27b3b884b2328 -> 
  custom:scripting/monoscript/fileName/EnemyChase.cs: 3a83095262844a2fb6b878062f338b2e -> 
  custom:scripting/monoscript/fileName/TMP_ColorGradientEditor.cs: ed654c9d45026a5f71e6e9535130c15f -> 
  custom:scripting/monoscript/fileName/TMP_PreBuildProcessor.cs: 790c12dcd4980aa978fd28fb6f89fb37 -> 
  custom:scripting/monoscript/fileName/TMP_EditorResourceManager.cs: f56b80268a934198a76acc6f4cef503c -> 
  custom:scripting/monoscript/fileName/NavMeshModifierEditor.cs: b8675d28116f43f78881455a7301fe8c -> 
  custom:scripting/monoscript/fileName/TMPro_FontAssetCreatorWindow.cs: 0d0900483ed9b57d4ccc2ff58d1220b3 -> 
  custom:SearchIndexIgnoredProperties: e643bd26f0fe6173181afceb89e7c659 -> 
  custom:scripting/monoscript/fileName/TMP_SubMeshUI_Editor.cs: 119a633ce37cc27ac209988b5de61d96 -> 
  custom:scripting/monoscript/fileName/ConverterItemInfo.cs: 9fb131dfa28a9ed6b6d00fd9cf83ece4 -> 
  custom:scripting/monoscript/fileName/NavMeshModifierVolume.cs: 8dc531216c72b86c60b86e16ff3da10b -> 
  custom:scripting/monoscript/fileName/ConverterItemDescriptor.cs: 8182050d34c5cb602eb7913435a7abee -> 
  custom:scripting/monoscript/fileName/PlayerCoinCollector.cs: 778d76172874acfe98b78a833e1be144 -> 
  custom:scripting/monoscript/fileName/TMP_SpriteAssetImporter.cs: 675c97d72afe988872a20f51812f7cdf -> 
  custom:scripting/monoscript/fileName/TextMeshPro.cs: 0cfab9de2f927cf0a5e3dc6276498acd -> 
  custom:scripting/monoscript/fileName/NavMeshUpdaterUtility.cs: 5eb03802e6dba19b3e13aaf384805cac -> 
  custom:scripting/monoscript/fileName/SystemConverter.cs: c748d1769fc66e95256254a1cc1497f3 -> 
  custom:scripting/precompiled-assembly-types:Unity.AI.Navigation.Updater: d2095ddf03fd615830d6dacf5841450d -> 
  custom:scripting/monoscript/fileName/NavMeshUpdaterEditor.cs: 169704080eda430978bba61ddedeb304 -> 
  custom:container-muxer-webm: aa71ff27fc2769a1b78a27578f13a17b -> 
  custom:scripting/monoscript/fileName/TMP_TextProcessingStack.cs: 6146dd1b7f9b90aa342ef9794e387c23 -> 
  custom:scripting/monoscript/fileName/TMP_Settings.cs: 68d1204aae2aa6d0a54c151b7af443e7 -> 
  custom:scripting/monoscript/fileName/TMP_SubMesh_Editor.cs: b381eb4c2ad4ef265088242d67c5b140 -> 
  custom:scripting/monoscript/fileName/TMP_SerializedPropertyHolder.cs: 99e5dbc1fa1abe750acc8166e4243be8 -> 
  custom:scripting/monoscript/fileName/TMPro_SortingLayerHelper.cs: 8b86ad735987eff6a1277352e9e8d9b6 -> 
  custom:scripting/monoscript/fileName/TMP_BaseEditorPanel.cs: f4b9967705e7bb57152fef4117417ba7 -> 
  custom:scripting/monoscript/fileName/TMP_TextElement.cs: 5dfb95666bd41ecc32948097824aba23 -> 
  custom:scripting/monoscript/fileName/TMP_Text.cs: 5cba61e283281e8dbf7dadaabcd638dc -> 
  custom:scripting/monoscript/fileName/TMP_InputFieldEditor.cs: a6f05406e9cdb59679382b884c14216a -> 
  custom:container-demuxer-ogg: 62fdf1f143b41e24485cea50d1cbac27 -> 
  custom:scripting/monoscript/fileName/TMP_InputValidator.cs: 5e0d679d98dae60baa87977011e0ed51 -> 
  custom:scripting/monoscript/fileName/TMP_SpriteAssetEditor.cs: 8a42af05e85c0eed4128787976375b45 -> 
  custom:scripting/monoscript/fileName/TMP_ListPool.cs: 90647cc400823b41df847a6cbfc29026 -> 
  custom:scripting/monoscript/fileName/TMP_Sprite.cs: 0ee3c386846aa132dd254421fac18cd1 -> 
  custom:AudioImporter_EditorPlatform: 3918e3fc78b5a79bad01e8451be0beb8 -> 
  custom:scripting/monoscript/fileName/TMP_SpriteCharacterPropertyDrawer.cs: 14565b4e4f9266584dc3194fd967d252 -> 
  custom:scripting/monoscript/fileName/TMP_InputField.cs: f7712ab842984f124274656d749eca3d -> 
  custom:scripting/monoscript/fileName/RunItemContext.cs: 338b2243183036c2b60f94c1b5e817c5 -> 
  custom:scripting/monoscript/fileName/NavMeshLinkEditor.cs: aed8ae070d922149bb2ba3de06889ff6 -> 
  custom:scripting/monoscript/fileName/NavMeshLink.cs: 0b3d0eeb07ab57d259e8f9365538df09 -> 
  custom:scripting/monoscript/fileName/TMP_DefaultControls.cs: 2673e29173eb9307fa53ee17c15332ed -> 
  custom:scripting/monoscript/fileName/TMP_SpriteAssetImportFormats.cs: 920e3140228fbd530b0080254da22d88 -> 
  custom:CustomObjectIndexerAttribute: 9a22284fe3817be447336de3de66b15e -> 
  custom:scripting/monoscript/fileName/TMP_UIStyleManager.cs: 66d96f3fa9ea14a5a6ed3f92d3bbe0f1 -> 
  custom:scripting/monoscript/fileName/TMP_StyleAssetMenu.cs: 60e7743122a0686d1131101c521adac6 -> 
  custom:scripting/monoscript/fileName/TMP_StyleSheet.cs: de73099b6bd4b9281c92feedf1315618 -> 
  custom:scripting/monoscript/fileName/TMP_ResourcesLoader.cs: 6f1f07799f3cfe795f955033c27f98ed -> 
  custom:scripting/monoscript/fileName/TMPro_Private.cs: 90647cc400823b41df847a6cbfc29026 -> 
  custom:scripting/monoscript/fileName/TMP_MeshInfo.cs: 89833651f7d905e51b340ec2afe531d1 -> 
  custom:scripting/monoscript/fileName/TextMeshProUGUI.cs: b783d06a82b0620f102e3253b4b9fc9b -> 
  custom:scripting/monoscript/fileName/TMP_BitmapShaderGUI.cs: 2ce3ac811452d1d6d82e565157cac3e2 -> 
  custom:scripting/monoscript/fileName/TMP_MaterialManager.cs: 441d72ec3c04a8da6a351f60fff95465 -> 
  custom:scripting/monoscript/fileName/TMP_ColorGradientAssetMenu.cs: 83563be632f8167fcdca7878d36901f9 -> 
  custom:scripting/monoscript/fileName/TMP_SelectionCaret.cs: d2a06fefe973175bffa10d62f788c481 -> 
  custom:scripting/monoscript/fileName/TMP_SpriteCharacter.cs: 81dc73ff0878d6528202f8be44877b26 -> 
  custom:scripting/monoscript/fileName/TMP_SpriteAsset.cs: 8d06882cb45c7664f8d7c3079ee8757f -> 
  custom:scripting/monoscript/fileName/NavMeshModifier.cs: 99ae5ed91bb784edc4f8312d7de046da -> 
  custom:scripting/monoscript/fileName/TMP_TextParsingUtilities.cs: 8b3fe20641ae0dd97405135955c706a3 -> 
